Ia,Ib,Ic,Va,Vb,Vc,G,C,B,A,Fault_Code,Fault_Type
-0.8269141817924455,-0.009214893410551738,0.8261865616003933,-0.022504419575716077,0.038934077829770396,-0.0022152520723919718,0,1,1,1,0111,LLL Fault
-0.34569900168195294,0.035511844913824565,-0.06317761553939702,-0.5287547608795657,0.964465153833228,-0.43771719624574246,1,0,0,1,1001,LG Fault
-0.08193755116488323,0.06965886354245897,0.0022956551641130363,-0.04537565817355256,-0.8096266662027852,0.8853800990556312,0,0,0,0,0000,No Fault
-0.06649868329623812,0.8920643985994585,-0.8318725346710438,0.08030493374170916,-0.014305480376198833,-0.051047310526896046,0,1,1,1,0111,LLL Fault
-0.0007836999495282803,-0.022311519424786264,0.01427446158497991,0.9924458922782611,-0.5361628057937441,-0.43384614646889297,0,0,0,0,0000,No Fault
0.6331679468786159,0.35239814235400707,-0.9865388461737122,0.08910734365449201,-0.061688341339883726,-0.011591034101395493,1,1,1,1,1111,LLLG Fault
0.02107081785018223,0.06043895680839571,-0.0659085785537065,-0.6030950833677132,0.8960716818499974,-0.2934884424034027,1,0,0,1,1001,LG Fault
-0.8739938240372803,0.02370829687057471,0.8396526416313327,-0.03732652629632219,0.04524005426275706,0.00622050533429719,0,1,1,1,0111,LLL Fault
0.8725437953739061,0.03228927308448811,0.01819870321902665,0.2303071090327415,-0.750745502580459,0.5489679261676493,1,0,0,1,1001,LG Fault
0.24045689233283887,0.7103638888016478,0.054703780361834584,0.088630870755239,-0.5015674132085649,0.4371131486449871,1,0,1,1,1011,LLG Fault
-0.06667034788731424,0.8922448882333975,-0.831973021647678,0.08028445828602067,-0.014289265350838326,-0.05104330516645077,0,1,1,1,0111,LLL Fault
-0.7076671099869665,-0.07306442025557147,0.027816219772273554,0.5266986172639433,-0.42071824165164734,-0.08449939829023355,1,0,0,1,1001,LG Fault
-0.8814924995138442,0.039208776043945674,0.8315378425644389,-0.036717811556390055,0.04571535517080439,0.0051258563196591046,0,1,1,1,0111,LLL Fault
0.06043831854716257,0.005290696340959346,-0.07421970301946651,0.2722695293007106,0.6984608734338792,-0.969813021389376,0,0,0,0,0000,No Fault
-0.6828015450457074,0.2535751495873043,-0.012528091771820966,0.17079208052890488,0.3055295868588981,-0.4676787814009592,1,0,1,1,1011,LLG Fault
0.987877810609291,-0.6157822688745198,-0.36696759372174065,0.04364017828477593,-0.08347144134605505,0.056193138408116836,1,1,1,1,1111,LLLG Fault
0.3994704493295676,0.01278541501233351,0.0014724996917968684,0.5311439653292613,-0.9519639308185813,0.4523703547911595,1,1,1,1,1111,LLLG Fault
-0.9640137183074635,-0.06371211269670532,0.0015715976102878611,0.2655239208495161,0.09027965957952439,-0.34332714901997863,1,0,0,1,1001,LG Fault
0.9843017537797771,0.05789087851255259,-0.0015665199918322888,-0.0029248711512670743,-0.46010048611424237,0.48665779518628627,1,0,0,1,1001,LG Fault
0.05515276557043905,-0.015183935604697333,-0.044544776574485204,0.6746403236021274,0.3067810032876862,-0.9741379746399227,0,0,0,0,0000,No Fault
0.7386176555991228,0.014153581816957549,0.02869452300571021,0.3630990191285581,-0.8820415259695293,0.5496115293823866,1,0,0,1,1001,LG Fault
0.9783342235383189,-0.6475081612123537,-0.32337317361831774,0.040231319166402886,-0.08256876933246814,0.05869123340287125,0,1,1,1,0111,LLL Fault
-0.5087647267950434,-0.49691799077408705,1.0,-0.04709312623978314,0.020252463915380742,0.04147476784560264,0,1,1,1,0111,LLL Fault
-0.06434335433316153,0.10972186370204066,-0.055077633716545296,-0.8046305400922533,-0.09107523313069774,0.914460852846625,0,0,0,0,0000,No Fault
-0.07412757389108363,0.7201955893061809,-0.6514526944119896,-0.23044040671619576,-0.0601055396353198,0.3071910509186329,0,1,1,0,0110,LL Fault
0.0502454318944728,-0.0221860662521079,-0.031098747755353862,0.8110550144567367,0.11075152395406818,-0.9111648880723997,0,0,0,0,0000,No Fault
0.8244091717445418,0.02515472817268748,0.02261911355954769,0.2852423602927445,-0.8085972240852396,0.5528365766857718,1,0,0,1,1001,LG Fault
-0.5121645940764448,-0.06977482966251208,0.036872698871608406,0.6039926072882077,-0.6301212541067313,0.05137844615764923,1,0,0,1,1001,LG Fault
0.8493408489695237,0.03586294064449809,-0.8810200351899597,0.08078319762660431,-0.0757657376415418,0.01109971703233279,0,1,1,1,0111,LLL Fault
0.30513485761685794,0.6692898038205445,-0.9768310526980354,0.08952538667505423,-0.03966294807452313,-0.034453545776376035,0,1,1,1,0111,LLL Fault
-0.8274220524231072,-0.03566523896589638,-0.009988594142873158,0.04727454371102795,0.4416408982956073,-0.48252800967811166,1,0,0,1,1001,LG Fault
0.05749073408065469,0.027912348859130867,-0.09370915056308018,-0.1134838851268683,0.9138688049693557,-0.802532534333786,0,0,0,0,0000,No Fault
0.016070488324212543,0.08885365889106286,-0.11417457894451287,-0.8202199270997961,0.9057824559719035,-0.085683014456829,0,0,0,0,0000,No Fault
0.04874525975154049,-0.018654425554771082,-0.03861840776510446,0.7108330647108416,0.2597338095316238,-0.9624866845160028,0,0,0,0,0000,No Fault
0.7351604544027203,0.21938047792507573,-0.9542204657076118,0.0863642559012881,-0.06838858239249929,-0.002013287254780607,1,1,1,1,1111,LLLG Fault
-0.8675535497527189,-0.019208771234517377,-0.039047342569875014,-0.1978143485515326,0.7287183178946319,-0.529314496419425,1,0,0,1,1001,LG Fault
0.8054834615069819,0.08450526245175928,-0.04099836088466278,-0.42006385676254027,0.2438812288263092,0.1875618456860224,1,0,0,1,1001,LG Fault
-0.0808374035658887,0.09730757087993935,-0.02666664163200925,-0.4661526964377166,-0.505330352583371,0.9972018871830408,0,0,0,0,0000,No Fault
0.9742954457209037,-0.6140655994589707,-0.0038191820755155504,0.04441907777608511,-0.4353211633650543,0.41393878115577326,1,0,1,1,1011,LLG Fault
-0.0650822238758427,0.029370972816147232,0.026288988878782227,0.4691908412635439,-0.9650101000552913,0.5277814673823997,0,0,0,0,0000,No Fault
0.9397165745859644,0.07834058197458307,-0.02592317872960669,-0.2684832425717096,-0.04561044622229429,0.3305645865637392,1,0,0,1,1001,LG Fault
-0.9849690782326335,0.6370288112471121,0.33443347895561826,-0.0006061647645067732,0.051009585224999654,-0.03647622476866854,0,1,1,1,0111,LLL Fault
-0.000493478707827863,0.09848906152265151,-0.10713182111218059,-0.9344534877332462,0.771778719157815,0.16540006102015772,0,0,0,0,0000,No Fault
0.05356677029953507,-0.7431806808092737,0.6899922076821442,0.18457884788839152,0.022830251617732188,-0.19343811510712186,0,1,1,0,0110,LL Fault
0.031508924198138485,0.07163907260468318,-0.11193520628212089,-0.6629105435457144,0.9759727841771167,-0.31493174884352193,0,0,0,0,0000,No Fault
0.8195386431233699,-0.7461884270155821,-0.06695162771169794,0.04644202977349833,-0.5124580343269642,0.4905111267260074,0,1,1,1,0111,LLL Fault
-0.46713509346047266,0.21744661796602485,-0.0110116249319152,0.28503024772873115,0.13438582964596793,-0.40782834243394284,1,0,1,1,1011,LLG Fault
0.024529426872791468,0.07999206919124224,-0.11353073759048082,-0.7414920318682854,0.9497050046314004,-0.20937567517541888,0,0,0,0,0000,No Fault
-0.006202078185203148,-0.7566990651888184,0.7626130461333614,-0.589626669051117,-0.04386430483861234,0.6507801421019604,0,1,1,0,0110,LL Fault
0.4708822542691174,-0.012975575283882084,0.04008077383356316,0.5218345502413333,-0.986642403562142,0.4970410003956445,1,0,0,1,1001,LG Fault
0.05929854985662336,0.001448832343013141,-0.06938238688212557,0.3603017742062119,0.6304030233468232,-0.9887293032161107,0,0,0,0,0000,No Fault
-0.07282543628440548,0.04490021081805095,0.017966370712511535,0.3232830449919498,-0.9441008248529188,0.6527700295760088,0,0,0,0,0000,No Fault
0.05770599355853371,-0.006579474443943665,-0.05960831408367389,0.4746208581044582,0.5282977255435567,-0.9993085649654041,0,0,0,0,0000,No Fault
-0.3668118449112244,0.9880312343189367,0.0428553978119155,0.06618359908088761,-0.1924247505438302,0.14461081559467034,1,0,1,1,1011,LLG Fault
0.8689105882067995,-0.843961221058787,-0.017814480349773967,0.018607090092287146,-0.07424067404973611,0.07188665841091371,0,1,1,1,0111,LLL Fault
0.054393169708796714,-0.7363933392756883,0.6822604544514096,0.19755012800856087,0.023712544807530204,-0.20734281870899368,0,1,1,0,0110,LL Fault
0.04382978596616358,0.05764022583242147,-0.11039499249657597,-0.45865341524339004,0.9975211093879535,-0.5416876352741335,0,0,0,0,0000,No Fault
-0.10654178637419012,-0.7910826076260455,0.8961376500695263,-0.04393050380028933,-0.005946249655549032,0.06499963487981766,0,1,1,1,0111,LLL Fault
-0.0745014291137254,0.10759810739231193,-0.04326711955637665,-0.6594179060989698,-0.29736754185084086,0.9790702553026397,0,0,0,0,0000,No Fault
-0.3379032433601479,0.9827187687223563,0.04400226667970732,0.0678242932336684,-0.21065877797375776,0.16154581924619785,1,0,1,1,1011,LLG Fault
0.13702732717792285,0.7852178081765996,-0.926463590938925,0.08644754577903006,-0.028242204050657506,-0.043005015061684596,0,1,1,1,0111,LLL Fault
0.002446811540959492,-0.8125463004356408,0.8101919535258798,-0.5131577247680545,-0.03690885029103125,0.5670210206634115,0,1,1,0,0110,LL Fault
0.050815372262503246,0.04336059679180613,-0.1025834279030863,-0.3266986075607152,0.977367991631694,-0.6534567238072778,0,0,0,0,0000,No Fault
-0.49966955659543394,-0.4748319207369702,-0.07197934640493447,-0.04869359146713452,0.5528971343332133,-0.499672939398889,1,0,1,1,1011,LLG Fault
0.5499346206920355,0.4304863584865188,0.05057279064673831,0.09016779299612968,-0.5976259192985841,0.5334535145390171,1,0,1,1,1011,LLG Fault
-0.14331070461133505,0.9252032624376666,0.050112997059170175,0.0772746896459324,-0.32370314130652056,0.26725992079116934,1,0,1,1,1011,LLG Fault
-0.7522587206072884,0.9457524502150009,0.019232149914577328,0.036147074264069164,0.10100348602088706,-0.12426951259800165,1,0,1,1,1011,LLG Fault
0.04669013655074994,0.04975783443313455,-0.1047804981096459,-0.42723234504676116,0.9906807135532598,-0.5662218053202832,0,0,0,0,0000,No Fault
-0.7796792631288195,-0.10622052211270677,0.8766667743521906,-0.0006720414595314979,0.029601008611473897,-0.01459533476112082,0,1,1,1,0111,LLL Fault
0.05178333731112269,-0.020286759963240017,-0.03516491268757059,0.7721153289728436,0.17184243789624454,-0.9343721740509379,0,0,0,0,0000,No Fault
-0.7987681872472782,-0.0727325310914369,0.021634232840496856,0.4688592753844284,-0.2908362105489292,-0.15885345355150896,1,0,0,1,1001,LG Fault
-0.8332358935573313,0.03302974980732966,0.7879703085310242,0.00041928717174527855,0.033133262549137656,-0.019288840535736287,1,1,1,1,1111,LLLG Fault
0.8228960636680527,0.08146150381588714,-0.9028491515419859,0.08237755475416236,-0.07409270789765648,0.007796353306968048,1,1,1,1,1111,LLLG Fault
0.9854132349551105,-0.6278664667564755,-0.35240180330606213,0.04262639653595886,-0.08326483247052095,0.05699907992055577,1,1,1,1,1111,LLLG Fault
0.9985183366762365,-0.4599407827378845,-0.5338503223306664,0.05551705763300774,-0.08470777553568548,0.04554456693867674,1,1,1,1,1111,LLLG Fault
-0.7242095105813224,0.4699478804681921,0.24223968845186783,-0.3464488571456245,0.10237575293659107,0.25794243827576935,1,1,1,1,1111,LLLG Fault
-0.022380872334333772,0.8338767613556867,-0.8166390999090074,0.5230608573525073,0.001624523029547159,-0.5112093569725001,0,1,1,0,0110,LL Fault
0.05949864836136687,-0.0009191836497246956,-0.06706117533214027,0.3757261537101291,0.6170026092087642,-0.9905398695982104,0,0,0,0,0000,No Fault
-0.8909255495856238,0.09742627073267848,-0.05063926223460624,-0.034782297155533756,0.577123908246651,-0.5383076288364855,1,0,1,1,1011,LLG Fault
-0.08153574815828146,0.07708636263162041,-0.005022503215688465,-0.243082601036541,-0.6904392534583227,0.9621620211124002,0,0,0,0,0000,No Fault
-0.5459368014361038,-0.44483625794479126,-0.06927243176861653,-0.038019228230720147,0.567789790391984,-0.5255508691235176,1,0,1,1,1011,LLG Fault
0.28162520728325424,-0.9528996029007243,0.6737153329112543,-0.02920824165115693,-0.03265797296895233,0.07745696215673051,0,1,1,1,0111,LLL Fault
-0.729156676440245,-0.07312639599016166,0.02650438845195626,0.5146825261970238,-0.39246426552494346,-0.10124159058476383,1,0,0,1,1001,LG Fault
0.5572829055766223,0.4384484636076064,-0.9976288899540402,0.09007624386228591,-0.056624409957255754,-0.017722533532821057,1,1,1,1,1111,LLLG Fault
-0.8957984795213809,0.07019977542198465,0.81472135433721,-0.03545680471512997,0.04661927163094842,0.0029404383287228884,0,1,1,1,0111,LLL Fault
0.780492454188763,-0.9127218115850978,0.13650092916014667,0.007731690773310176,-0.06784116831477982,0.07626994250559035,1,1,1,1,1111,LLLG Fault
0.8798451087456025,-0.02699652917159131,-0.8505094998828889,0.07842303872091806,-0.0777328694307358,0.015470592589606905,1,1,1,1,1111,LLLG Fault
0.05545492329105176,-0.0130794224600841,-0.05071931452269195,0.56862202562152,0.4321690287838781,-0.9956060618773954,0,0,0,0,0000,No Fault
0.2361772435474032,-0.9409023525564725,0.7067383594524435,-0.031434004270625766,-0.029507333665563865,0.07647819486514403,0,1,1,1,0111,LLL Fault
0.03906473736308839,-0.025472081982009086,-0.02204725016658314,0.8463925081159547,0.04543813163991787,-0.8800432539022893,0,0,0,0,0000,No Fault
-0.8509671450657605,-0.023646174574102466,0.8620659188673025,-0.03907701165158102,0.04374747897924853,0.009496532350949737,1,1,1,1,1111,LLLG Fault
0.5452817063585583,-0.5530757160107433,0.011311922673693374,0.07233650147373002,-0.8384773293704998,0.7967540128568923,0,1,1,1,0111,LLL Fault
-0.012439716904889646,-0.019512699879363046,0.02328400504990856,0.9665000872126955,-0.6695918251460928,-0.2718705177482348,0,0,0,0,0000,No Fault
-0.24971486336417822,-0.7172056678131971,0.9641528600240987,-0.04225090628170043,0.002230401821460677,0.05498376689990143,0,1,1,1,0111,LLL Fault
-0.05005957300548631,0.11787700038483329,-0.07778514863886679,-0.9397012351923898,0.18898388170568073,0.7645159796909693,0,0,0,0,0000,No Fault
-0.08249902888568318,0.0915112516571549,-0.01920552193210317,-0.3664999676491911,-0.593109544401084,0.986729899506933,0,0,0,0,0000,No Fault
0.018143002511489523,-0.8517583515047727,0.8337891020644054,-0.3607851840911751,-0.02100056563332551,0.3980343456986845,0,1,1,0,0110,LL Fault
0.056872151272284434,-0.09143775944758914,0.03306153023729711,0.7669948977327093,0.052439069171808586,-0.8075689362293544,0,1,1,0,0110,LL Fault
-0.02105083258935913,0.10986433554796492,-0.09829371739152507,-0.995442081332998,0.5688232150621655,0.43335724020138283,0,0,0,0,0000,No Fault
-0.0555072002588691,-0.2654110003207037,0.3184824810780182,-0.815297145680115,-0.07920458041065422,0.9130598209660113,0,1,1,0,0110,LL Fault
-0.014348868833470996,-0.713671671613152,0.7276209574180453,-0.6482263542318583,-0.0514733754069602,0.7172886493585139,0,1,1,0,0110,LL Fault
0.7132032421358313,-0.9603636804908394,-0.04289843504629963,0.0021571106367755458,-0.0958335663063243,0.11038289990162417,1,0,1,1,1011,LLG Fault
0.02887450559693132,-0.02884303360148075,-0.008432558066451231,0.9303797897463608,-0.13990483361159267,-0.7753930694235744,0,0,0,0,0000,No Fault
0.061178250159757905,-0.5809995703630425,0.5198106185649556,0.41615069621594203,0.03771047130226177,-0.4407864945558061,0,1,1,0,0110,LL Fault
0.9978163592745785,-0.4461448358039537,-0.5469938626506102,0.05646846078272374,-0.08470449045569728,0.04458729568610415,1,1,1,1,1111,LLLG Fault
-0.8257384943054846,-0.07227294395255529,0.019425461359746498,0.4475272055714561,-0.24619231819986442,-0.18295590873250464,1,0,0,1,1001,LG Fault
-0.6756080492632816,0.005191112191754698,-0.0524156333871954,-0.36950972806620486,0.8893451472113483,-0.5208388915301667,1,0,0,1,1001,LG Fault
-0.08296965268884751,0.08269104813265507,-0.009758989626547875,-0.2464003353317183,-0.6856383420858638,0.96059653529907,0,0,0,0,0000,No Fault
0.8145787088000597,0.09596255897024894,-0.9091472606503931,0.08297866150549893,-0.07358782023225727,0.006679184239797541,1,1,1,1,1111,LLLG Fault
0.002552194213292019,-0.02349710129903468,0.012157582004131928,0.9948470810368402,-0.49738996632468546,-0.47576231773267397,0,0,0,0,0000,No Fault
-0.9856922615379282,0.5368557873708791,-0.023309623286506473,-0.00970214666264485,0.4491896204881325,-0.43309223341786596,1,0,1,1,1011,LLG Fault
0.42733739095353296,0.07919956375993766,-0.0596271879463546,-0.5819307905898827,0.6672007060455737,-0.08149469363161604,1,0,0,1,1001,LG Fault
0.6327323874343382,0.3530357382661747,-0.9867484735130663,0.08904370692498116,-0.06163909750538071,-0.011577408620391218,1,1,1,1,1111,LLLG Fault
-0.08193725778015061,0.09083313946733487,-0.018953469290549814,-0.3801200384855349,-0.5823196732875644,0.9893914541024369,0,0,0,0,0000,No Fault
-0.08174249399646145,0.0884864179262491,-0.016650228793339973,-0.36470826495493913,-0.5957018479494918,0.9875749431652093,0,0,0,0,0000,No Fault
-0.04245161916537996,0.8823949691004577,-0.8454567387173019,0.30740400182716393,-0.018635484432811412,-0.2743362862357149,0,1,1,0,0110,LL Fault
-0.08147561125137778,0.08303202323974082,-0.011174414479578221,-0.3189270718795583,-0.6335162370123361,0.9802043510989048,0,0,0,0,0000,No Fault
0.03693901363702021,-0.02760226781035146,-0.017669453031640105,0.8709629562652383,-0.0019590979076169173,-0.8563821782293335,0,0,0,0,0000,No Fault
-0.016577018398935876,0.1080861263744586,-0.100946679524431,-0.9888272608828981,0.6186236553938016,0.3759794030745371,0,0,0,0,0000,No Fault
0.04458533778932013,0.05468690803263486,-0.10789916418863534,-0.45690517643210476,0.994991329164878,-0.5408627223035131,0,0,0,0,0000,No Fault
-0.03686430083084209,-0.5073530044014611,0.5428272781510936,-0.7745132679723511,-0.06788770802679006,0.8606361909233896,0,1,1,0,0110,LL Fault
0.6291446735524313,-0.975686420945073,-0.04882040992140645,-0.005832017465290634,-0.02857219276287184,0.04985544783597523,1,0,1,1,1011,LLG Fault
0.5030071669447693,-0.9882482296923737,-0.05645648185025206,-0.015566703656331088,0.0668835658799517,-0.03765123493437311,1,0,1,1,1011,LLG Fault
0.9389299728597668,-0.7424856494862923,-0.015001049316500209,0.03320320534361443,-0.35331075648895593,0.34161770933200347,1,0,1,1,1011,LLG Fault
0.06054962849315519,-0.0015224590244184658,-0.06508890385733357,0.43010965146777186,0.5697646785301353,-0.9969332031851177,0,0,0,0,0000,No Fault
0.8465777565541996,-0.7598793886536571,-0.08004477300400385,0.04232340419637202,-0.436980753409776,0.4177310956709754,0,1,1,1,0111,LLL Fault
0.06027047755472979,0.01723940447825158,-0.08576175806659675,0.04276693216965301,0.841726398085318,-0.8856861801591688,0,0,0,0,0000,No Fault
-0.5676393825682423,0.27183100721454717,0.28583958905182333,0.23623630103719184,-0.036093831655553285,-0.18519026005864622,1,1,1,1,1111,LLLG Fault
0.022295456332220537,-0.020664302354865847,0.008458872401082715,0.9995930235931992,-0.4389246938288661,-0.5400955795254987,0,0,0,0,0000,No Fault
-0.9681708794757165,-0.0391268963254362,-0.024545008275439664,-0.0244534066619539,0.5212156724282133,-0.4916947247538769,1,0,0,1,1001,LG Fault
-0.07983534983161378,0.09731304785245086,-0.02754049867352863,-0.49273518949829886,-0.48036122988763275,0.9984119067384587,0,0,0,0,0000,No Fault
0.9730958782495348,-0.6746011752582157,-0.2933078035017703,0.03842763709711196,-0.0822515050458436,0.0601764124813124,1,1,1,1,1111,LLLG Fault
-0.04245955767876222,0.00407894414847217,0.02910554498188723,0.7787913800808343,-0.8960036062540053,0.14704412730584554,0,0,0,0,0000,No Fault
-0.6117143034946814,-0.06311074516357779,0.003614326116758106,0.38337255557626837,0.07495592011300087,-0.44587368983045894,1,0,0,1,1001,LG Fault
-0.07875293969885597,0.05710422650743284,0.01201337270583171,0.09706960697192596,-0.8780691069152982,0.8122984292359001,0,0,0,0,0000,No Fault
-0.009406178332902974,-0.01598892854628731,0.016192941049986132,0.9765090491222966,-0.6191568222576215,-0.33329809913335195,0,0,0,0,0000,No Fault
-0.06826260787292814,0.03520704736559427,0.023450423275085133,0.41223267254304086,-0.9598341539181295,0.5796164743370716,0,0,0,0,0000,No Fault
0.06087434874767012,0.004763522512458213,-0.0739837274727109,0.2580511179553169,0.7082014252685257,-0.9654823099178843,0,0,0,0,0000,No Fault
0.5244277108924166,-0.9801605902248417,0.4602549627703069,-0.014654578844623768,-0.04961353141730221,0.08014202948775889,0,1,1,1,0111,LLL Fault
0.06098833350919613,0.0006089555441556437,-0.06979625355461432,0.30391252054470436,0.6735395348967084,-0.976145644661127,0,0,0,0,0000,No Fault
0.058504032925948406,0.024662817742992463,-0.0914549688936969,-0.06672688610566663,0.8944807548318273,-0.8296575261898073,0,0,0,0,0000,No Fault
-0.6869590941681879,0.003949066049250825,-0.05183630213828871,-0.3617055286882263,0.8833212928004424,-0.5225256149375763,1,0,0,1,1001,LG Fault
-0.004966565108780649,0.10111347651724462,-0.10532849950610439,-0.9544885763983134,0.7310899919108464,0.22694912239868953,0,0,0,0,0000,No Fault
0.05965388041184962,-0.008432454475819234,-0.059277443531570814,0.435364413209527,0.5635309366367711,-0.9958498595435603,0,0,0,0,0000,No Fault
0.16293531631159985,-0.036824987574016615,0.04543458880581258,0.6183115342079604,-0.9794694508270855,0.3929991689915932,1,0,0,1,1001,LG Fault
0.0007920201162731517,-0.7924467870570903,0.7914481120756311,-0.5331385345624758,-0.037845708173953566,0.5880094375427415,0,1,1,0,0110,LL Fault
0.7900937826849317,0.0603921771915637,0.03455326775735121,0.14762960365427719,-0.6770583976831887,0.5567791936296388,1,0,1,1,1011,LLG Fault
0.06081892239863224,-0.23883121048215875,0.176988650184909,0.6951839041742227,0.05093693479101416,-0.7340369214241274,0,1,1,0,0110,LL Fault
0.03410067610885793,-0.02361014669404083,-0.01927997307047423,0.8831184218677223,-0.02898029193856929,-0.8410359076416747,0,0,0,0,0000,No Fault
-0.7234860360842765,-0.21870634499257563,0.9337940997184684,-0.0182031743138424,0.029177466323299865,0.003413855773399835,0,1,1,1,0111,LLL Fault
0.9120979887788616,0.0806162453795648,-0.030084031328835095,-0.31145106363089026,0.03137751028365769,0.295197402239633,1,0,0,1,1001,LG Fault
-0.026547700593959136,-0.008622941196392585,0.026077465471196548,0.9019978807475764,-0.7868563996601579,-0.08770745620347144,0,0,0,0,0000,No Fault
0.9138845645695505,0.03919082155984416,0.013528353188412456,0.17357357990805738,-0.6863727128167644,0.540257503930458,1,0,0,1,1001,LG Fault
-0.7184733454119461,-0.07310465806676514,0.027165396705192635,0.5207539691685243,-0.40663938567405367,-0.09288501366299096,1,0,0,1,1001,LG Fault
-0.9970437012925191,0.4423027574563224,0.5417396989809761,-0.015482971377177052,0.052498542065723144,-0.023077187616919688,0,1,1,1,0111,LLL Fault
0.061784641325661416,0.009029771871489822,-0.07756393880695657,0.25494759804201395,0.7120970964392492,-0.9663401562186049,0,0,0,0,0000,No Fault
-0.07580247948772392,0.04969697935678933,0.016385472026187106,0.21976621451973266,-0.9205475457398413,0.7325610623527827,0,0,0,0,0000,No Fault
-0.02169429195651574,0.11289798781537252,-0.1008584609905643,-0.9972497647503766,0.5714361628299868,0.43250718365889335,0,0,0,0,0000,No Fault
0.2989745906525497,-0.027028446828181348,0.0438521342582647,0.5843877169925374,-0.9955724905618458,0.4434215435260332,1,0,0,1,1001,LG Fault
-0.04182049514879312,0.00462824156624896,0.027780542740620723,0.7875638004406469,-0.8889815908074119,0.13109318085792943,0,0,0,0,0000,No Fault
-0.0705155624087725,0.7716253510040262,-0.7066076358873292,-0.14188257577624272,-0.05406673568306855,0.21224504020515778,0,1,1,0,0110,LL Fault
0.11402199292349877,0.06469602910787348,-0.06555482920637701,-0.60652084583818,0.8650310629921945,-0.2584239373472647,1,0,0,1,1001,LG Fault
-0.9318607988860437,-0.06739929218302687,0.007507315281806655,0.32769068203727286,-0.017326064495640413,-0.29601101808204794,1,0,0,1,1001,LG Fault
0.039908687552570765,-0.841866328703539,0.80235888535482,-0.07474514856094738,0.0034836404177693327,0.08628713791043803,0,1,1,0,0110,LL Fault
-0.912402612653962,0.7997039347760567,-4.8582668014759967e-05,0.014391371384439475,0.28006654834126804,-0.28491718871520305,1,0,1,1,1011,LLG Fault
-0.0783935239132673,0.09589344431240203,-0.02726791200235291,-0.5180219842106096,-0.45607581325074054,0.9990194716030389,0,0,0,0,0000,No Fault
-0.077589953202542,0.0994668261890178,-0.03178690466681253,-0.558421367397457,-0.41381399713176426,0.996462161913517,0,0,0,0,0000,No Fault
-0.06682463565585053,0.8084061784071329,-0.7471478355549613,-0.0644271141704197,-0.04852312112805431,0.12893541782789394,0,1,1,0,0110,LL Fault
-0.03402674632136839,-0.544369436481693,0.5772612602784469,-0.7614337244969596,-0.06628869291513165,0.8458926108300037,0,1,1,0,0110,LL Fault
0.9739702298639062,-0.6293834897080737,-0.004839854860275828,0.04368295142947842,-0.4285136911522129,0.407740204716446,1,0,1,1,1011,LLG Fault
0.0543545118560528,-0.7685810456573664,0.714807518757935,0.2112162053025295,0.021806952437937933,-0.21910337321900883,0,1,1,0,0110,LL Fault
0.06006997911348941,0.018283904593352624,-0.08661044115674518,0.02712590425378758,0.8498906536447369,-0.8783228699667738,0,0,0,0,0000,No Fault
0.045836803294892904,-0.0223946405008756,-0.03184515217023391,0.7641200615233007,0.18321155437978318,-0.9379405725923954,0,0,0,0,0000,No Fault
0.7267044989305076,0.08503335137873479,-0.0465968009457966,-0.4728882398456329,0.36032761937659247,0.12187013679376944,1,0,0,1,1001,LG Fault
-0.04992957077595678,0.1133491603315298,-0.07301195700060517,-0.931572469416373,0.1699554814779548,0.7757551563163935,0,0,0,0,0000,No Fault
-0.7798736485440964,-0.07294336926826929,0.023066515070138384,0.4825263509596503,-0.3202660041897764,-0.1425684956603176,1,0,0,1,1001,LG Fault
0.05600491795105173,0.03335886893066653,-0.09811578593226021,-0.13159747808861247,0.9236212316399397,-0.7943084129834944,0,0,0,0,0000,No Fault
-0.3511619547211938,0.17598164443527087,0.1687571295306377,0.4632544376226924,-0.10297374915479886,-0.34466119623529456,0,1,1,1,0111,LLL Fault
-0.48626587571493207,-0.4884411668920894,-0.0722687786630922,-0.0487375470899607,0.5494006165637169,-0.496065999363118,1,0,1,1,1011,LLG Fault
0.05961983924832623,0.0031917053819525754,-0.07144854042916912,0.3309790583116071,0.6541558022928787,-0.9835323719484926,0,0,0,0,0000,No Fault
0.010415209067884406,-0.8321451773498914,0.8218616577345607,-0.4399984347870933,-0.028472382970540507,0.48507121073693393,0,1,1,0,0110,LL Fault
0.030380153218669784,-0.027281010979572702,-0.011626116340338907,0.9179115085194042,-0.10821458290392474,-0.7951833542087667,0,0,0,0,0000,No Fault
-0.9129339090732026,0.8052249666783073,0.092021502096694,0.01654035844584361,0.04536560095761668,-0.047917115567493423,1,1,1,1,1111,LLLG Fault
0.6479929617136034,0.31437803888717786,0.047241167386601494,0.0886674058755699,-0.6158558411876595,0.5535337419087362,1,0,1,1,1011,LLG Fault
0.05440286746799602,0.03536354457700938,-0.09799145704183439,-0.23586458846339253,0.9545544332369265,-0.7212850789548185,0,0,0,0,0000,No Fault
-0.9289763115008457,0.7705857260963799,-0.0030740598074626693,0.011135264099347252,0.30482170714248374,-0.30687737463592196,1,0,1,1,1011,LLG Fault
-0.04863034536939183,0.11202560505233025,-0.0728405822449818,-0.9362325153803503,0.18396493002663514,0.7661522576530343,0,0,0,0,0000,No Fault
-0.7519783556276015,0.9409635093811548,-0.20143794157664158,0.03718164723463835,0.033654111172134765,-0.05667939477268939,0,1,1,1,0111,LLL Fault
0.740663472420062,-0.9328029463561159,0.19836721084106018,0.0034739406420865593,-0.06494797085864445,0.07759088201807399,0,1,1,1,0111,LLL Fault
0.05062649178432837,0.07250242756243981,-0.12529719009611112,0.8199568676549541,0.05175369791724449,-0.8599729401706918,0,1,1,0,0110,LL Fault
0.05338371805365196,0.03757988972188077,-0.09920375497824187,-0.2661508496996288,0.962715010477718,-0.6992339603038586,0,0,0,0,0000,No Fault
0.05304016297181194,0.03892274386842497,-0.10033859119584969,-0.2669457611617479,0.9638652836629874,-0.699609042769205,0,0,0,0,0000,No Fault
-0.07254727242497507,0.05733223624259052,0.01183447682800439,-0.7577453071569198,-0.08474734213948433,0.8610033451165988,0,1,1,0,0110,LL Fault
0.09480543205632838,-0.8945088023334484,-0.07126801860234191,-0.037371629860358864,0.3160190932376734,-0.2696517541834309,1,0,1,1,1011,LLG Fault
0.601604144316786,-0.0007306621129561982,0.03557386157176843,0.4560373476785111,-0.9528854928512333,0.5286151430065428,1,0,0,1,1001,LG Fault
-0.4034495271859624,0.03084780619606755,-0.061970437260662745,-0.5084061148686994,0.9624513366880832,-0.45606775759927615,1,0,0,1,1001,LG Fault
-0.33167211054242607,-0.6293802401879395,-0.07442635522572752,-0.048087596920271355,0.501944548482541,-0.44836105164648205,1,0,1,1,1011,LLG Fault
0.00584111998087265,0.6605746133871563,-0.6708345659377086,0.736038544727923,0.025632475013918292,-0.7492152241131953,0,1,1,0,0110,LL Fault
-0.1622192568045054,-0.7742747713392562,-0.07465829805810213,-0.044745482853598015,0.44442917709363655,-0.39310521292937634,1,0,1,1,1011,LLG Fault
-0.045184547483874495,0.1179052578151017,-0.08263966061155513,-0.9636014567147003,0.26424657407766894,0.711788648015836,0,0,0,0,0000,No Fault
-0.07590669030090452,0.10005672843602127,-0.03391176453781719,-0.5958913411181799,-0.37304685680556976,0.9924907159384992,0,0,0,0,0000,No Fault
0.030491124077746158,-0.878990154257026,0.8491211928243559,-0.20207729237665698,-0.009342114516126081,0.22702600421235808,0,1,1,0,0110,LL Fault
0.08331689604881637,0.06393051698127852,-0.06559512790714626,-0.6070699284859186,0.8716804289981748,-0.2646489435590156,1,0,0,1,1001,LG Fault
-0.797807107741869,-0.11636067421382697,0.90236891892881,-0.04215410918166372,0.04032172636384282,0.01607254928997359,1,1,1,1,1111,LLLG Fault
0.8243641814885706,0.0813563222663091,-0.901805010991574,0.08248661739223317,-0.07419317308771944,0.007789373195496293,0,1,1,1,0111,LLL Fault
-0.25301304187399914,0.9573704873577025,-0.7148517706603297,0.07241010785885402,-0.001456399756121149,-0.056224467285473534,1,1,1,1,1111,LLLG Fault
-0.2453871395666767,-0.7011549642435607,0.94366913412699,-0.046888573970532824,0.0035056633998183442,0.05833426987559525,0,1,1,1,0111,LLL Fault
0.9950361670306072,-0.40325034801513543,-0.5848715441305519,0.05926114025406664,-0.08461468478380295,0.04169569917447035,0,1,1,1,0111,LLL Fault
0.6961779870630368,0.00920085382121847,0.031155667390152367,0.39563222069052023,-0.9092121458284971,0.5446782989100294,1,0,0,1,1001,LG Fault
0.06089204992797822,-0.6395031496226942,0.5788919520264956,0.4175991463974944,0.03442171946849229,-0.4388876222607521,0,1,1,0,0110,LL Fault
0.9862200272571847,-0.6270230527833969,-0.3516505829285287,0.04264051884423171,-0.0832933560271082,0.057013983357239374,0,1,1,1,0111,LLL Fault
0.09963547323397548,-0.01823248515734661,0.013123873638322205,0.6193975819807458,-0.9425244978306371,0.3542642004330584,1,1,1,1,1111,LLLG Fault
-0.08278395471269408,0.08549630307302016,-0.012758255404585434,-0.2916487669177743,-0.6526615326848639,0.972362333549808,0,0,0,0,0000,No Fault
-0.9744866304007627,0.6380383861092297,-0.015260624843098442,-0.0016196537718690257,0.3962047482224114,-0.3872058133349683,1,0,1,1,1011,LLG Fault
-0.6525018331187679,-0.04202928488223927,0.021863047834942882,0.3127736563668626,0.10557733525378678,-0.4062901240723718,1,0,0,1,1001,LG Fault
0.2693771139721381,-0.029267622323740937,0.04429999811955974,0.5929385222033594,-0.9936778117781848,0.43291743546453487,1,0,0,1,1001,LG Fault
0.03806427469330773,0.06477119506552786,-0.11168578287019935,-0.5652068610495636,0.9944304316948127,-0.43170236839642706,0,0,0,0,0000,No Fault
-0.5980757189292946,-0.3848022936781494,0.9736403097013,-0.04794259122323895,0.027186033033523162,0.03526134073679399,1,1,1,1,1111,LLLG Fault
0.060006706458022495,0.0016791462311545532,-0.07017030687353913,0.331874429431178,0.6528601618907323,-0.9831098896947561,0,0,0,0,0000,No Fault
0.5186356755665743,-0.9916294663832496,0.4776811423682709,-0.014376318224124753,-0.04957000815312349,0.07981868196626203,0,1,1,1,0111,LLL Fault
-0.7528687589611802,-0.013695954528498533,-0.04316111548156668,-0.23739676434563933,0.7764606944520409,-0.5382755018551946,1,0,0,1,1001,LG Fault
-0.5120863966568033,-0.06977355392952932,0.036873972790350276,0.603997442456057,-0.6301212719076572,0.05137361630966889,1,0,0,1,1001,LG Fault
0.9904275154258841,0.06814126745893945,-0.012085458084765719,-0.1202452835258592,-0.2884205310252667,0.4293514015533279,1,0,0,1,1001,LG Fault
-0.028343680939979122,0.11507773299840335,-0.0964685225492114,-0.9998127194765842,0.4927117081874709,0.515295304478436,0,0,0,0,0000,No Fault
0.7786787431928349,0.01907635737230945,0.02608289800231759,0.32924946943345496,-0.8514533322115404,0.5523821653277529,1,0,0,1,1001,LG Fault
0.7422816655632269,0.08500108868336678,-0.045961377633541904,-0.4663547801399799,0.34605963988763827,0.12985809028554557,1,0,0,1,1001,LG Fault
-0.36560459533573153,-0.6101822184558471,0.9692561567851172,-0.04839700161341075,0.011610714697479194,0.05158783960795142,1,1,1,1,1111,LLLG Fault
0.0065668116227644785,-0.02730312999290912,0.012261187337681022,0.996675744806686,-0.45984912732889843,-0.5158490616375032,0,0,0,0,0000,No Fault
0.9202115297682282,-0.1196959621515262,-0.7975379234279587,0.07447792001729656,-0.08026095209277309,0.02200222736461889,1,1,1,1,1111,LLLG Fault
0.03830255014354852,-0.022491693870800956,-0.024565902983663037,0.8446282408877105,0.04799110161483132,-0.8808757257746311,0,0,0,0,0000,No Fault
0.03572686941757181,-0.026402269470805186,-0.017806327464825564,0.8776152558446304,-0.01614815456355393,-0.8485937672107908,0,0,0,0,0000,No Fault
0.988652530219906,0.060642585177365725,-0.004181354889869059,-0.03252953489300969,-0.4184255713817502,0.4738751861401193,1,0,0,1,1001,LG Fault
-0.15197243611528682,-0.7614148702023509,-0.0745925505574302,-0.04503897425282241,0.4326418747823973,-0.3807999574313787,1,0,1,1,1011,LLG Fault
-0.05080476797680969,-0.34484300647764554,0.39372156452147483,-0.8117569196561975,-0.07680114468757832,0.9070611646152085,0,1,1,0,0110,LL Fault
-0.49826082335356614,0.9935631319542565,-0.5056459531352147,0.05824705096226051,0.015670282230826206,-0.05947554860726553,0,1,1,1,0111,LLL Fault
-0.2993519056424022,-0.062359665868860256,0.04269550182924952,0.6432483170402719,-0.7916125821602651,0.17657453516178112,1,0,0,1,1001,LG Fault
0.022928070457031054,0.08044500424837163,-0.11225868796431453,-0.7612415561780173,0.9385207976945475,-0.17817734882377317,0,0,0,0,0000,No Fault
-0.20643278511758062,0.9448097070795584,-0.7461439732863984,0.07457102989069442,-0.004652067311072096,-0.05513480806939758,0,1,1,1,0111,LLL Fault
-0.02618568099343451,-0.010037961166911118,0.02727329091979909,0.9028355127267206,-0.7880684906067817,-0.08731221666686816,0,0,0,0,0000,No Fault
0.9261527590416848,-0.13505978171500155,-0.7880159363010737,0.07377311042789629,-0.08062737606406843,0.023082282949886547,1,1,1,1,1111,LLLG Fault
-0.07522245360973907,0.04669862622654144,0.01921076750570553,0.20690813817798948,-0.9194021402987121,0.7442860880459373,0,0,0,0,0000,No Fault
0.42713079978836277,-0.014909896903365548,0.03287487091107621,0.5342788891643611,-0.9805349365833392,0.4783403039206001,1,0,1,1,1011,LLG Fault
-0.060910221785387964,0.022559266852711854,0.029118256062471377,0.5375134191017719,-0.9656895387466845,0.4599700867842307,0,0,0,0,0000,No Fault
0.06231920204286713,-0.4571146457959612,0.3945578895475018,0.613675562117105,0.044600305163378935,-0.6458556099730978,0,1,1,0,0110,LL Fault
-0.0770209298398394,0.10451596321752676,-0.037679140269583536,-0.5985329067926971,-0.3692249753280985,0.9912448789955836,0,0,0,0,0000,No Fault
-0.07799630554896779,0.09876572535631446,-0.030680390063460513,-0.5453700915632199,-0.4276037482694698,0.997427719265817,0,0,0,0,0000,No Fault
-0.9686815806348918,0.6946730949187788,0.2605503645816771,0.004662479171743641,0.04967756134828419,-0.04040153407019977,0,1,1,1,0111,LLL Fault
0.03444978253083342,-0.8551806587026608,0.8212145569290973,-0.15226789300754723,-0.002786238973731158,0.1704042683264574,0,1,1,0,0110,LL Fault
0.04737794280514625,-0.11217051927230923,0.06343692073383289,0.8616462078394056,-0.009921994246418653,-0.8389267250661795,0,1,1,0,0110,LL Fault
-0.03379689352470839,0.11218190153016068,-0.08784043414981274,-0.9908776565693935,0.40594336784744905,0.5947514551530977,0,0,0,0,0000,No Fault
-0.043210609391135,-0.4426841514906345,0.48434916241077436,-0.795261705067456,-0.07233216718307056,0.8859684352219187,0,1,1,0,0110,LL Fault
0.5951473027363182,-0.9851340181598611,0.39291788735447164,-0.009134336784872063,-0.054853303583929446,0.07994635715901505,1,1,1,1,1111,LLLG Fault
-0.9397475737339215,0.17704503797341248,0.748760741661205,-0.030629983286493967,0.04931804413629409,-0.004649167308442838,1,1,1,1,1111,LLLG Fault
-0.9993819212043088,0.46905218996423786,0.5149567912536881,-0.01360837680199247,0.05254178536988317,-0.025000814325726074,1,1,1,1,1111,LLLG Fault
0.003570484329369185,0.09708705681478591,-0.10989366587216802,-0.9115878852307224,0.8107180992361477,0.10279552367875322,0,0,0,0,0000,No Fault
0.49750711872156145,-0.9805666161289684,0.48743957913741753,-0.016519236656493505,-0.047720398077675065,0.08008257239365613,0,1,1,1,0111,LLL Fault
-0.42572527530777254,0.02502297071645137,-0.061624230832902895,-0.4842558756978207,0.9565757769372559,-0.4742949673726907,1,0,0,1,1001,LG Fault
-0.6513715645365052,0.0014343363361386235,-0.050679393000401085,-0.34016377376285484,0.8706094265731134,-0.5311713891071442,1,0,0,1,1001,LG Fault
0.04309170842887292,0.8390767468801453,-0.887454753712568,0.08391350173840861,-0.021818655737679143,-0.04700969942719039,0,1,1,1,0111,LLL Fault
0.9942296121131127,-0.4041048152945739,-0.585610610095239,0.05924771197328781,-0.0845875626455752,0.04168152788271787,1,1,1,1,1111,LLLG Fault
-0.8813171088213629,-0.07052485195548316,0.01402870630548489,0.39416314539332215,-0.14020955148188788,-0.23744432269685892,1,0,0,1,1001,LG Fault
-0.7176554582067719,0.4754404874759915,0.23042733421299919,-0.3815607474646836,0.11673692189165402,0.2785137221764903,1,1,1,1,1111,LLLG Fault
0.04523461356475564,0.055447131798979574,-0.10958848405909354,-0.4306001660891668,0.9955541022052419,-0.5678109258932934,0,0,0,0,0000,No Fault
-0.11250679446100784,0.9126486328653539,0.05083413592891579,0.07855081707671858,-0.3400851959926338,0.28267333764368285,1,0,1,1,1011,LLG Fault
0.9261662370598857,-0.1767294954584782,0.011096408106807464,0.07232448262793313,-0.5887379233976454,0.5422874713925604,1,1,1,1,1111,LLLG Fault
-0.8871339883651685,0.8357220720865822,0.00394901660957356,0.018758963701203498,0.2460434263996305,-0.25462759768391646,1,0,1,1,1011,LLG Fault
-0.7415456672209509,0.43470030116218455,0.295070025485568,-0.2202641989820703,0.08606339858553792,0.14804514916497816,1,1,1,1,1111,LLLG Fault
0.7554950430258625,0.1634813353729439,0.041818364155310976,0.0852139711145478,-0.6252710697709811,0.5665902292242967,1,0,1,1,1011,LLG Fault
0.6708594310756425,-0.6549297600993107,-0.011029950668735928,0.06263139203731621,-0.7510954170019811,0.7174447363917248,0,1,1,1,0111,LLL Fault
0.9651889445900979,0.07502213011942917,-0.02080323517021944,-0.2145909386614216,-0.13771387136004953,0.3703806330720851,1,0,0,1,1001,LG Fault
0.03933833108328398,-0.86606750141974,0.8274183641334351,-0.07342694036833781,7.524936920105807e-08,0.08851510605408323,0,1,1,0,0110,LL Fault
-0.07687201394869621,0.09666062699197173,-0.029415402212235466,-0.5567602175243668,-0.41621775650804094,0.9972459824253904,0,0,0,0,0000,No Fault
0.6609427735641454,-0.6475927239215667,-0.008556304931350478,0.06350179625786648,-0.7606679102938416,0.7263261688865115,0,1,1,1,0111,LLL Fault
-0.08190946239709088,0.07649198921382859,-0.004181430235909766,-0.21339250777305238,-0.7104280298288078,0.9527613082293118,0,0,0,0,0000,No Fault
-0.052604504063395265,-0.3194611343004146,0.37004267765461685,-0.8138579464574579,-0.07775457361438201,0.9101392849418972,0,1,1,0,0110,LL Fault
-0.8392038246396086,-0.011757954249344452,-0.055930656847120994,-0.03904120180642752,0.5888370033520091,-0.545972802054189,1,0,1,1,1011,LLG Fault
0.8994626958970294,0.08139828508147329,-0.03171521296287228,-0.3280788933878965,0.062117354985417456,0.28054613506862164,1,0,0,1,1001,LG Fault
0.9910169449548779,0.06495601626835884,-0.008565481053007473,-0.08157464224048298,-0.3470287336293611,0.45029861879053135,1,0,0,1,1001,LG Fault
0.985514195860353,-0.535653478885835,-0.04271596870393381,0.05044767030598218,-0.43207861788049823,0.40459012641564807,1,1,1,1,1111,LLLG Fault
0.08415025592438334,-0.018936378675937587,0.013380051700862424,0.6214737257583465,-0.9383641641097504,0.34794327169250444,1,1,1,1,1111,LLLG Fault
0.06118367750601449,0.010110838225457327,-0.07951841215550295,0.15174130704722735,0.7789808443741264,-0.9310132184290348,0,0,0,0,0000,No Fault
-0.9601207300036672,-0.06429142731960309,0.0024299351067279974,0.27460403385834187,0.07495588774768079,-0.33681677118259534,1,0,0,1,1001,LG Fault
-0.07372508999768275,0.09968275217126338,-0.029589077458474358,-0.7423980140432861,-0.08456260089246283,0.8454271183595137,0,1,1,0,0110,LL Fault
-0.08219311643056333,0.07232124400787088,1.8457943167047436e-05,-0.10693508774252042,-0.7761939896501807,0.9130356206078823,0,0,0,0,0000,No Fault
0.9814938975281551,-0.4435838009193661,0.009122326408407308,0.057224958974279275,-0.5162766760358954,0.483590716396667,1,0,1,1,1011,LLG Fault
-0.0823208897319286,0.07119721848159374,0.0009963509893545653,-0.04628687515782695,-0.8083082762171538,0.8849503233851596,0,0,0,0,0000,No Fault
-0.24541887325034797,-0.7011810751382682,0.9436387062372076,-0.046888879868906955,0.0035059012849209398,0.058334332536647916,0,1,1,1,0111,LLL Fault
0.40094838051557513,-0.018941735239579104,0.041877141037737146,0.550197454070163,-0.9945879035414003,0.47669917962080405,1,0,0,1,1001,LG Fault
0.4432342371826872,-0.015378121820211529,0.0408370707111064,0.5335605460388275,-0.9905422563322199,0.48925777540369725,1,0,0,1,1001,LG Fault
-0.8253545297213902,0.33410630026003246,0.4802470460018205,-0.07245045684117207,0.056250855905946626,0.030217808673022446,0,1,1,1,0111,LLL Fault
0.05868964186027636,0.029293319406521072,-0.09560238342256534,-0.054563973686848746,0.8926697517284372,-0.84000731491937,0,0,0,0,0000,No Fault
-0.02896211585775615,-0.02285842496918157,0.0144568768128033,0.6438095912183734,-0.8953631548271815,0.2817311710027524,0,0,0,0,0000,No Fault
0.9234195986741115,-0.7710012209325913,-0.08809475014577044,0.028427164689700773,-0.15320731838241697,0.1425057043386233,1,1,1,1,1111,LLLG Fault
-0.0034906383665138543,0.09909154345785708,-0.10463119983808755,-0.9490087227916377,0.7403453034476488,0.2120237972200018,0,0,0,0,0000,No Fault
0.06285063487911283,-0.4270104730281644,0.36371467062939605,0.5651317827340911,0.045692244714000664,-0.5982957934993071,0,1,1,0,0110,LL Fault
-0.029156506382453613,0.11384303888431097,-0.09438934852226613,-0.9984589793787417,0.4778321099170869,0.5290999367302284,0,0,0,0,0000,No Fault
-0.8275420142683605,-0.03669040569301741,0.8522464676292858,-0.047018960685588126,0.042972441223666454,0.018249283778190635,1,1,1,1,1111,LLLG Fault
0.05304795497369233,0.01775126866190819,-0.07277795483829003,0.8054726487131957,0.05225250737553254,-0.8459585995143589,0,1,1,0,0110,LL Fault
-0.847222168873492,0.0038464717665535977,-0.055207419636313995,-0.03847499049435186,0.5876079999073769,-0.5452881904784332,1,0,1,1,1011,LLG Fault
-0.0774938834935265,0.05493447834400598,0.012526990993645466,0.18734768866654533,-0.9084017441059287,0.7526892501624158,0,0,0,0,0000,No Fault
0.9374897886479582,0.07881598835662089,-0.026779990074240607,-0.2770498278626384,-0.03021227946571286,0.32346351287674296,1,0,0,1,1001,LG Fault
-0.08176846961194031,0.07255713558610832,-0.0003726918263243905,-0.1518458798865808,-0.7505047369643776,0.9318887334976318,0,0,0,0,0000,No Fault
-0.07357279797782919,0.10117332556843214,-0.03721541600620245,-0.6440950338722051,-0.31691240520069297,0.9836225164686503,0,0,0,0,0000,No Fault
-0.0762269098342182,0.678166286504492,-0.6072219492465767,-0.29194272374301955,-0.06409767402427836,0.3729243139826525,0,1,1,0,0110,LL Fault
0.01020780573093844,-0.025681926601330757,0.00676187350359644,0.9918490171211,-0.4026406827433847,-0.5693035995634282,0,0,0,0,0000,No Fault
0.053331097658171775,0.03955275795423229,-0.1015317360391579,-0.23834442270719447,0.9581428668971865,-0.7224551982604651,0,0,0,0,0000,No Fault
-0.5497863165974746,0.2400310144895197,0.3014211055547246,0.29201561307604085,-0.04450100350657285,-0.2325507434790375,0,1,1,1,0111,LLL Fault
0.056583843935846034,-0.015152059853254005,-0.04949589550305536,0.5573419638689271,0.44370072921631093,-0.9960466251427755,0,0,0,0,0000,No Fault
-0.07876193039112823,0.05825264405772487,0.010454989700879453,0.14105418324368954,-0.8923446793083432,0.7827437138384562,0,0,0,0,0000,No Fault
0.4350354629208137,0.5591375294184694,-0.9975008806932837,0.09047151390012374,-0.04844102002060522,-0.026457532094457205,1,1,1,1,1111,LLLG Fault
0.261898024079893,-0.9535584177202111,-0.06672831999820808,-0.029938009916503236,0.22323555135506923,-0.18256083079545823,1,0,1,1,1011,LLG Fault
0.018215169854122193,0.08363402120457565,-0.11065080986594625,-0.8086060035856667,0.9085030961057617,-0.10009999689885493,0,0,0,0,0000,No Fault
-0.6502329275826023,0.2732788725976964,-0.015716271273951785,0.13447832043168984,0.25726902534433466,-0.38209236802617447,1,0,1,1,1011,LLG Fault
0.9791234021306506,0.0550225586724498,0.0010281673814192694,0.026819305273692723,-0.5007896001267859,0.49829601388482536,1,0,0,1,1001,LG Fault
0.06255696832579224,-0.5233906984953989,0.46079509992376655,0.5632162059998462,0.0291853262412815,-0.5795549758118318,0,1,1,0,0110,LL Fault
0.05961689421001281,0.020389938857924773,-0.08827325472446083,-0.004172541810183544,0.8655988445658408,-0.8629477241766622,0,0,0,0,0000,No Fault
0.8439970641197576,-0.8674711896621267,0.028149150864659335,0.01531793591509819,-0.0724478311274435,0.07335766784657743,1,1,1,1,1111,LLLG Fault
0.6260394517418376,-0.9695316029128815,0.3466149502337823,-0.0068759515839545045,-0.05681243790253147,0.07967829647366867,1,1,1,1,1111,LLLG Fault
-0.05748762654694436,0.020012320465042456,0.028015422154449215,0.6000656928270773,-0.9567734060547335,0.3881666463736925,0,0,0,0,0000,No Fault
-0.03906305865846805,0.11736286765918885,-0.08815456692504085,-0.9844576391113293,0.35252720827245865,0.6427442298192453,0,0,0,0,0000,No Fault
0.0030255684254135587,0.10011330927677577,-0.1124554281183004,-0.9134067882110493,0.8133366640052689,0.10195099450069878,0,0,0,0,0000,No Fault
0.035760892686819507,0.06479842899805807,-0.10902870050845026,-0.613224626798248,0.9841577163212689,-0.37308964517010623,0,0,0,0,0000,No Fault
-0.9971979264367424,0.5619179446167017,0.4196335972213557,-0.0067592595772942195,0.052083231896711685,-0.031400836155517635,1,1,1,1,1111,LLLG Fault
0.9720475913362367,-0.6261963703701888,-0.004832384026667865,0.043386391178823126,-0.42832412585423324,0.4078443886103503,1,0,1,1,1011,LLG Fault
0.6806692536569894,-0.6620454820258074,-0.013619862946312906,0.061750679370480385,-0.7410585121140144,0.7081004118601336,0,1,1,1,0111,LLL Fault
0.9478563037291369,-0.2544231092242447,0.0212672859334838,0.06852068732854993,-0.5764459826339716,0.533576152112931,1,0,1,1,1011,LLG Fault
0.5180085785306956,0.47924377613632607,-0.9996142631697763,0.0904141168395994,-0.054018851192008936,-0.020716303837748695,1,1,1,1,1111,LLLG Fault
0.01890152869560711,-0.024276447598190372,-0.0035487850690791058,0.9686231600768881,-0.2709998974917491,-0.6801550367680093,0,0,0,0,0000,No Fault
0.1902039835701674,-0.9268015405970823,0.7381719885424333,-0.033543660366343944,-0.0263267499680366,0.0753525055437863,0,1,1,1,0111,LLL Fault
0.02706937965954873,0.08007977418318539,-0.11603506153657939,-0.7110459107731069,0.9655200690759432,-0.2560176968598154,0,0,0,0,0000,No Fault
-0.07085311031556368,0.03965587858836253,0.021554449024232786,0.35448290625947193,-0.9520229991459948,0.6295599601275521,0,0,0,0,0000,No Fault
0.3365411530230879,-0.9777571029397536,0.6442976154265394,-0.025617532527816622,-0.03687046825794737,0.07814916561370895,0,1,1,1,0111,LLL Fault
0.9572193962261212,-0.6844522427329391,-0.009912681723673484,0.03814481431483946,-0.3918485331113314,0.3759320890328506,1,0,1,1,1011,LLG Fault
0.04008218127096264,0.06306748581367574,-0.11212210286902537,-0.5267586440637163,0.9982081231825117,-0.4741018987755826,0,0,0,0,0000,No Fault
0.058887695590769396,0.023240143508638,-0.09068194736252562,-0.00585974073890836,0.8680402982121497,-0.8637438361487083,0,0,0,0,0000,No Fault
0.8318056229777375,0.08398675099019291,-0.038768114571968604,-0.39841344377436694,0.19905592885819123,0.21152996216600684,1,0,0,1,1001,LG Fault
-0.613353351664466,0.3481160671158136,0.25601837789674015,-0.0034928635812953995,0.033128048496072635,-0.01536100500439765,0,1,1,1,0111,LLL Fault
-0.01608028309457679,0.11063456070205872,-0.1041385500557482,-0.988373202440318,0.6333242831537346,0.36054454624816207,0,0,0,0,0000,No Fault
0.9908051618498263,0.06327284354358967,-0.006809224726913587,-0.06201555118095839,-0.3758572896651944,0.4600632951000684,1,0,0,1,1001,LG Fault
0.799635895597663,-0.9009036671447206,0.10566669837738837,0.009887019469825538,-0.06922384391742181,0.0755178152945643,1,1,1,1,1111,LLLG Fault
0.058822767596107224,-0.14580289715220093,0.08555077503195713,0.7435964778239538,0.05212919712429051,-0.7837927324149541,0,1,1,0,0110,LL Fault
-0.004903591586144384,-0.02191668170327546,0.018096503059102338,0.9866499683541966,-0.5871482262616383,-0.37608191160976995,0,0,0,0,0000,No Fault
-0.7982710480952286,0.1689319627186153,0.6190870165760738,0.09504655465300292,0.011022984758801011,-0.09163712539508803,0,1,1,1,0111,LLL Fault
0.7750954530290933,-0.924854944869636,0.15404017858630142,0.007242174433168385,-0.06761881532929237,0.07653418416467436,1,1,1,1,1111,LLLG Fault
-0.0822898975133404,0.0717439441723615,0.0005526114429281401,-0.07663054825612178,-0.7926755709320744,0.8994450830343171,0,0,0,0,0000,No Fault
0.4151475658353,-0.017759617125667235,0.04154315144509987,0.544780604016256,-0.9934804221640757,0.4810018931445803,1,0,0,1,1001,LG Fault
0.046681361629756724,-0.11139365471637297,0.06335180663794637,0.8736095791306183,-0.029129628761954338,-0.8313496862680232,0,1,1,0,0110,LL Fault
0.7447974446191146,-0.9407382284966386,0.20001222911785407,0.004283413524660704,-0.06549879300456843,0.07734053792088082,1,1,1,1,1111,LLLG Fault
0.2369421807655641,0.07163063287908905,-0.06385707117780651,-0.6061539815891493,0.795618845629705,-0.18806235249315081,1,0,0,1,1001,LG Fault
0.006474677143056186,0.09631590972512101,-0.11214368315763312,-0.8923240420191512,0.8382318853474007,0.055444706550222884,0,0,0,0,0000,No Fault
0.9071403167305973,-0.8074212221204754,-0.09467817044297697,0.024528976717286217,-0.07722711275649241,0.0689921827888075,1,1,1,1,1111,LLLG Fault
-0.7978013192884504,-0.11636916684871858,0.9023717280433036,-0.04215327700651686,0.04032108067570721,0.016072372849641088,1,1,1,1,1111,LLLG Fault
-0.0699647248413457,0.03890547940602076,0.021285952536276825,0.38267337714833616,-0.9551432538868914,0.604474219463278,0,0,0,0,0000,No Fault
-0.0316558846507614,0.11172422009792836,-0.08950459429042036,-0.9939510422036137,0.4340071944821459,0.5692366083022303,0,0,0,0,0000,No Fault
0.09630359533790595,-0.8932743990417444,0.7953007326986852,-0.03740839687139274,-0.01987963970203938,0.07265803245895802,1,1,1,1,1111,LLLG Fault
-0.01058741299333468,0.10406896062654836,-0.10271905462031693,-0.9742322754820173,0.6762773011396875,0.3025980138970888,0,0,0,0,0000,No Fault
0.18349261824321142,0.7557705318193871,-0.9429889217221463,0.08748491295033939,-0.031407297705994076,-0.040819976335014496,0,1,1,1,0111,LLL Fault
0.49623541708488084,0.08131340198948302,-0.0574392257550505,-0.5658544446183907,0.6099163761123324,-0.03924227491436484,1,0,0,1,1001,LG Fault
-0.07192200741024316,0.10288813345033923,-0.04057318939228123,-0.6792007963560919,-0.273057482259239,0.9741342133277879,0,0,0,0,0000,No Fault
-0.7584027145195287,-0.17762549206774297,0.9247607494620843,-0.04389568730254434,0.03775761786402354,0.020431509353391126,1,1,1,1,1111,LLLG Fault
0.05032002667529862,-0.8091763013846147,0.7595086349375856,0.12165415440487362,0.015095192567905605,-0.12246475390609884,0,1,1,0,0110,LL Fault
0.0602258897334456,-0.1993705864838746,0.13788963092470574,0.7171013088814994,0.051548718635576446,-0.756635827944401,0,1,1,0,0110,LL Fault
-0.9154171216777048,-0.02728380642487683,-0.03362070960306614,-0.13172134719476067,0.6542361848018315,-0.5196871764352775,1,0,0,1,1001,LG Fault
-0.026483830724105498,0.8503001472471837,-0.8291636987062051,0.4810210497297253,-0.0025568271119340777,-0.46479739699193445,0,1,1,0,0110,LL Fault
-0.9837572261092585,0.34247748507673,0.6287052081976593,-0.021784556826001236,0.051894731417762796,-0.016143626711395156,0,1,1,1,0111,LLL Fault
0.02891477507619572,0.07660017309791683,-0.11462118607840743,-0.6877220001430634,0.9718111930635448,-0.2858139491786031,0,0,0,0,0000,No Fault
-0.8371101500700143,0.8867891808801782,-0.06260593722792078,0.027482486370371137,0.039808655127261144,-0.0532258588876902,0,1,1,1,0111,LLL Fault
0.06022727714457843,-0.0006535228351284318,-0.06791017729141297,0.3474405780299754,0.6398137094574715,-0.9854232763960078,0,0,0,0,0000,No Fault
0.7923578930525849,-0.9183150662424417,-0.03564609859088521,0.010511083400756923,-0.17082099163102485,0.1784172054395207,1,0,1,1,1011,LLG Fault
0.2416735010779921,-0.26825013802437875,0.02658816355079617,0.08637627145785517,-0.8834675662462818,0.8285210162940398,0,1,1,1,0111,LLL Fault
0.06162690482264539,-0.5605871193810635,0.4988945760438114,0.43879590058451196,0.0390196663004582,-0.4648257725549409,0,1,1,0,0110,LL Fault
0.04251456819784042,0.22133677227530665,-0.26644395660818043,0.8430627007026884,0.049009364750821,-0.8803436229561844,0,1,1,0,0110,LL Fault
0.39397706392631404,-0.41417114898288154,0.02197751951952432,0.08078319104814466,-0.879791967924246,0.830383576509075,0,1,1,1,0111,LLL Fault
-0.981647326642754,0.3270219016207522,0.639851654819098,-0.022656457646123902,0.051765490221615945,-0.015137720588104898,1,1,1,1,1111,LLLG Fault
-0.0072126354036386895,0.10233992636627257,-0.10433136623563045,-0.9630992061212739,0.7096760410359213,0.25740289528180615,0,0,0,0,0000,No Fault
-0.03813215180703727,0.8784914367602148,-0.8459217309934033,0.3558566596762119,-0.014311526217989935,-0.32732341228416817,0,1,1,0,0110,LL Fault
-0.9681584851746426,-0.03912655286187169,-0.024544669525324768,-0.02445266165139752,0.5212156578638193,-0.49169545524983294,1,0,0,1,1001,LG Fault
-0.3772761786040504,-0.6193208463762346,0.9901052886779826,-0.04297125254820021,0.010630050353827442,0.047146979899726986,1,1,1,1,1111,LLLG Fault
-0.8700348763932546,0.05067974980575165,-0.05297108706204415,-0.03669198452376902,0.5830306422737804,-0.5424117018763916,1,0,1,1,1011,LLG Fault
0.7848331683487142,-0.9191188651610579,0.13863164653805918,0.008264317404211984,-0.06830991039071276,0.07621354096229249,1,1,1,1,1111,LLLG Fault
-0.044729309886595826,-0.8268546810655101,0.8684928212692197,-0.042208281152340266,-0.010198855285720267,0.06760615163440654,1,1,1,1,1111,LLLG Fault
0.5053346102748766,0.49366592828991934,-0.9991305517194459,0.09048642233432584,-0.05314201964997456,-0.021682270135865947,0,1,1,1,0111,LLL Fault
0.0546409089813854,-0.01228764619620705,-0.05084628460384389,0.5805279390014566,0.41942554002056415,-0.9945582223180724,0,0,0,0,0000,No Fault
0.04513074034635963,-0.0259523926403345,-0.027313254310963125,0.7854179397921957,0.15042508866271084,-0.9258862762592921,0,0,0,0,0000,No Fault
-0.7879884405501987,-0.07252124162153423,-0.05169467356964106,-0.006952819240454419,0.5642031222599343,-0.5530449114940786,1,0,1,1,1011,LLG Fault
-0.6555734823064786,0.24351002758447057,0.4012448434878984,0.2280082663049214,-0.0241665865550824,-0.18909399581933528,1,1,1,1,1111,LLLG Fault
-0.5910756378852946,0.9869333919796103,-0.4093503798510848,0.051557489342745344,0.02217311586840663,-0.05939448664179424,1,1,1,1,1111,LLLG Fault
0.011862235641517763,0.09228567417418827,-0.11344384714937443,-0.854373473994199,0.8778745800137502,-0.023001450191949775,0,0,0,0,0000,No Fault
0.03398823891392795,-0.02676441966969819,-0.015720036207975144,0.8919331877723595,-0.046909085271346365,-0.8316050234617285,0,0,0,0,0000,No Fault
-0.03611755483389025,-0.5226207403008855,0.5575140516792327,-0.7703396020678733,-0.06768092276026151,0.8562407505844962,0,1,1,0,0110,LL Fault
0.2691181375691741,-0.02926992296209946,0.04429769610480965,0.5929223391925983,-0.9936777891224606,0.43293363829357373,1,0,0,1,1001,LG Fault
0.8374292775777405,0.02248034404447194,0.0358322743405865,0.08090965042278357,-0.6210218479350245,0.5665761041038462,1,0,1,1,1011,LLG Fault
-0.9121379382298004,0.8060916503525686,0.09272613006147802,0.016552405250094063,0.045341268709979905,-0.047904401969702914,0,1,1,1,0111,LLL Fault
-0.05627544513724513,0.8662261294369249,-0.8155711432990571,0.11784331193058079,-0.034561317567064986,-0.06804498842288809,0,1,1,0,0110,LL Fault
0.054869546843765854,-0.7622667602761656,0.7079660231756487,0.22397724607507333,0.02246430665317404,-0.2325680742070243,0,1,1,0,0110,LL Fault
0.9311198878133679,0.04253401598545218,0.011111361592790425,0.14464121336346558,-0.6519174588310033,0.5341574817841457,1,0,0,1,1001,LG Fault
0.7371473606228871,-0.7000014001245732,-0.03155609763969132,0.056262306658546465,-0.6704579955516925,0.6416630644737554,0,1,1,1,0111,LLL Fault
0.03355985361598949,0.07299851078844746,-0.1152952593028267,-0.6297654893185628,0.9880896657792713,-0.3605114941918567,0,0,0,0,0000,No Fault
0.9919463418708205,-0.5758794864799989,-0.41103755580213386,0.04643003066308041,-0.08379348275392354,0.053724042288945284,1,1,1,1,1111,LLLG Fault
-0.050735594539801795,0.8784764710034604,-0.8334450369784742,0.19516393978261903,-0.028242375586853934,-0.15200945837589222,0,1,1,0,0110,LL Fault
-0.05957948836875899,-0.19965145709824267,0.2565515819189403,-0.8128261940014675,-0.08109834001922493,0.9125120149579717,0,1,1,0,0110,LL Fault
0.6460273452729581,0.33869532494444593,-0.9831534132529517,0.08888931047678561,-0.06251202740807935,-0.010533107761568641,0,1,1,1,0111,LLL Fault
-0.4519737337272243,0.0226830101032507,-0.06077065196475987,-0.4729029427029707,0.9521964643155001,-0.4812155805259648,1,0,0,1,1001,LG Fault
0.977659983959612,-0.38509086462855413,-0.009049168606924955,0.06084785978996065,-0.5261653331934978,0.4900345185145698,1,1,1,1,1111,LLLG Fault
0.04188946218556088,-0.02709566804593485,-0.013443921081107922,0.9475699692596228,-0.1648241428431944,-0.7672366319040104,0,0,0,0,0000,No Fault
0.9754898852331875,-0.37075587964881074,-0.0068512575588579195,0.0617386621692984,-0.5324841004009805,0.4955800315691827,1,1,1,1,1111,LLLG Fault
0.8251392298203084,0.02515659402978775,0.022620973676134533,0.2852883223457667,-0.8085971803920575,0.5527904499061357,1,0,0,1,1001,LG Fault
0.8602099490310936,-0.02324424872717608,0.03363419101039947,0.0790685237611139,-0.616824862107412,0.5641454818710104,1,0,1,1,1011,LLG Fault
0.976717551012948,-0.38911350064593986,0.012961472942215294,0.06107530509882411,-0.5372608899003831,0.5011125836797445,1,0,1,1,1011,LLG Fault
-0.34361161769068366,-0.06416074520908861,0.041756286412062006,0.6381068084153904,-0.7624886731595021,0.15205309520317262,1,0,0,1,1001,LG Fault
-0.7999315936995218,0.9174433671332125,0.014610248871927915,0.030766798801251112,0.14756069957797946,-0.16631568246040934,1,0,1,1,1011,LLG Fault
-0.011887911285407114,-0.009419969501236499,0.026122722461891505,0.9477955742443968,-0.6168717740206033,-0.3068369104366767,0,0,0,0,0000,No Fault
-0.023483441131698216,0.8383110229934716,-0.81999639719355,0.5126779511266678,0.0005818985171326292,-0.4997365123347668,0,1,1,0,0110,LL Fault
-0.037684343182792276,0.0010370764826246664,0.027283837146537517,0.8241684846932044,-0.8637177511252836,0.068648191748408,0,0,0,0,0000,No Fault
-0.24289591568476646,-0.6985219060192007,-0.07479678507161007,-0.04686413005905507,0.469448030721945,-0.41647457336960514,1,0,1,1,1011,LLG Fault
-0.7542907081938888,-0.17413088927510362,0.9174252912796647,-0.028788460272629837,0.03329873672111502,0.009827727344805214,1,1,1,1,1111,LLLG Fault
-0.020643832296070707,-0.013661461587821697,0.025415630968920536,0.9330705096714497,-0.741452700675141,-0.16512776741580615,0,0,0,0,0000,No Fault
-0.7291297928626604,-0.20730638654564537,0.9279537620745032,-0.012568886432828226,0.028069201705229363,-0.0011060739384111916,0,1,1,1,0111,LLL Fault
-0.607449892086304,0.9918988332472387,0.030336367126574233,0.04961492118851975,-0.022694770387873722,-0.011727445564069915,1,0,1,1,1011,LLG Fault
-0.07580118013496619,0.10213244734889997,-0.036235704232647145,-0.6092208331683133,-0.3576278273636642,0.9901439177043773,0,0,0,0,0000,No Fault
-0.22175863970413662,0.9495102541956842,-0.7356653954849603,0.07386774979316486,-0.003591782661755449,-0.05551006862405147,0,1,1,1,0111,LLL Fault
0.06037612763061786,-0.6105167659770279,0.550207580967359,0.38144767361083587,0.03564762717025867,-0.40388947690836025,0,1,1,0,0110,LL Fault
0.536690600271353,0.44514800888741346,0.050926663830001564,0.09022552884732646,-0.5946605034854864,0.5303739365183664,1,0,1,1,1011,LLG Fault
-0.14465909231916557,0.9237049101225359,-0.7862146649809926,0.07724993983608053,-0.008918630485528196,-0.05347329254388465,0,1,1,1,0111,LLL Fault
0.18269044657546335,0.7549006531430176,-0.9437027946389527,0.08747269510613781,-0.031382619149432425,-0.04083287296903779,1,1,1,1,1111,LLLG Fault
0.03709008059418549,-0.8493838971912179,0.8127915202489725,-0.11375999623567376,0.0003667969816092895,0.12858141091291864,0,1,1,0,0110,LL Fault
0.022285651535183783,0.07998998985361719,-0.1110321147481868,-0.770440951461994,0.9320145381878366,-0.16232383866377445,0,0,0,0,0000,No Fault
0.0948065403710195,-0.894510884631581,-0.07126805037382355,-0.03737144237425859,0.31601896701292514,-0.2696518118975583,1,0,1,1,1011,LLG Fault
0.006490616864218624,0.09275535856540544,-0.10817347777151928,-0.8966997061059168,0.8259791535507387,0.07231721899351862,0,0,0,0,0000,No Fault
0.02983955439859567,-0.8605641665379783,0.8311697930917542,-0.21558052154638324,-0.008103221847943263,0.23930263020518855,0,1,1,0,0110,LL Fault
-0.23273153685147657,-0.7268280285934232,-0.07468007098162982,-0.040761972259406885,0.47156153952600266,-0.4247465248907802,1,0,1,1,1011,LLG Fault
0.2665100040425057,-0.9491636956160168,0.6848653847833616,-0.029962902807852708,-0.031611412833615966,0.0771472021898113,0,1,1,1,0111,LLL Fault
-0.028052028504386133,0.10952597201073416,-0.09074101872792294,-0.9959034599565637,0.4741341568684712,0.5303057695379434,0,0,0,0,0000,No Fault
0.06094889381338252,0.006647295032652792,-0.07594664851641751,0.22770362935041982,0.7296599609901282,-0.9569201058048694,0,0,0,0,0000,No Fault
-0.41751698633281886,-0.5545962418572367,-0.07348443160072032,-0.048699173290155134,0.5298434252634459,-0.4761761544101178,1,0,1,1,1011,LLG Fault
-0.6105849376520637,-0.3705083969684636,0.9717031316378817,-0.04776250260084536,0.028017184162795424,0.03423385117881113,1,1,1,1,1111,LLLG Fault
0.060200944005314304,0.010568613186268089,-0.07942184247367687,0.21068768527506979,0.7426668144542701,-0.9531127295513768,0,0,0,0,0000,No Fault
-0.0019775063842672313,0.10060783807990731,-0.10792345996952947,-0.9406643907602865,0.763115179988169,0.18045537490362176,0,0,0,0,0000,No Fault
-0.058463673749224905,0.11043454048799237,-0.06149213925615077,-0.8635972983881193,0.015369521020910888,0.8651192363608325,0,0,0,0,0000,No Fault
0.4488914922134813,-0.9864172260332286,-0.05920058475368264,-0.019221876750484368,0.10462447110181848,-0.07244346782283576,1,0,1,1,1011,LLG Fault
0.060374082313774065,-0.658823769436312,0.5987807720030159,0.39700553499507796,0.02824143375603961,-0.41194184761125,0,1,1,0,0110,LL Fault
0.9975230527658413,-0.49823754329065373,-0.49445253324669414,0.052413684090432275,-0.08444070338744232,0.04838402945449411,1,1,1,1,1111,LLLG Fault
-0.06214990352041824,-0.1593574759152215,0.2187842613421299,-0.809109686638684,-0.08204274063999209,0.9097479765618611,0,1,1,0,0110,LL Fault
-0.08053509773990622,0.0635812381755425,0.0072808223287906815,0.0032965294527741613,-0.8360064281377152,0.8634592329454589,0,0,0,0,0000,No Fault
-0.014390365670141281,0.103442708809614,-0.09805929487065435,-0.9841014665038594,0.6271473618163043,0.36255562305186134,0,0,0,0,0000,No Fault
0.9300885809060244,0.04253353629385274,0.011110886275735369,0.1445760306959349,-0.6519174329387473,0.534222809229498,1,0,0,1,1001,LG Fault
0.3409549632080602,-0.02910264266604895,0.03772190469508661,0.5737628418635224,-0.9973677673562085,0.45590393192606155,1,0,1,1,1011,LLG Fault
-0.22252907373180375,0.9486683472885323,-0.7363442192463153,0.07385573094736797,-0.0035675086716948114,-0.05552275254029071,1,1,1,1,1111,LLLG Fault
0.766130994013713,0.17374656690779872,-0.9391473489454139,0.08517720081428411,-0.07041218195563834,0.0012389153700590651,1,1,1,1,1111,LLLG Fault
0.4768762495000178,0.5200199881405362,-0.9997414530961329,0.09049429510592269,-0.051249106394523965,-0.023619001249554447,1,1,1,1,1111,LLLG Fault
0.45538400331395384,-0.9802469125927213,0.5265526704183067,-0.019258648695362986,-0.044798251460993394,0.07985164992483865,1,1,1,1,1111,LLLG Fault
0.708328757218036,-0.9460253380720822,0.24377617254563927,0.0003158293813038844,-0.06263256880618845,0.07839802563333903,0,1,1,1,0111,LLL Fault
-0.023573493978113206,-0.048532934594150694,0.04581523425330074,0.6448863255368968,-0.9282082519398462,0.31411996501240985,1,0,0,1,1001,LG Fault
0.8831479481320879,-0.8286563986017956,-0.04960213724199629,0.020782989632156045,-0.07532384098034992,0.07080867558730916,1,1,1,1,1111,LLLG Fault
0.048368745245099265,-0.8238645373668828,0.7761683602088586,0.08276252127955938,0.012195439516187866,-0.08051523047254998,0,1,1,0,0110,LL Fault
0.03175582649791482,0.0750577465001109,-0.11559358618619335,-0.6538055508024585,0.9828257280464057,-0.3310438694127403,0,0,0,0,0000,No Fault
-0.8124316181783937,-0.0368784204679756,-0.009391743260712567,0.07336305530197496,0.4279639564810437,-0.49474920207601036,1,0,0,1,1001,LG Fault
0.8522525774786993,-0.8601321106224452,0.012602425770364183,0.016409336909431214,-0.0730514993679955,0.07287849712788089,1,1,1,1,1111,LLLG Fault
0.20479507647506792,-0.9325904007931259,0.7271814045168673,-0.032865658000053914,-0.0273655586092136,0.07573122729711233,1,1,1,1,1111,LLLG Fault
0.9143743271653424,-0.7974816811619033,-0.10942380944386423,0.02558973360191294,-0.07772704852791926,0.06843803647162343,0,1,1,1,0111,LLL Fault
-0.012938938336822832,-0.7143277540517318,0.7267734136409013,-0.6405274940837836,-0.049635865106424,0.7076969983541078,0,1,1,0,0110,LL Fault
0.7864390605620735,0.14222662289320878,-0.9276592485085875,0.0843932539998016,-0.07176228671841697,0.003400665621814066,1,1,1,1,1111,LLLG Fault
0.9157226504402155,-0.7783624866862727,-0.019038240451675487,0.02846396788226277,-0.3205142769418506,0.3129506685453232,1,0,1,1,1011,LLG Fault
-0.033102356535759894,0.10946716665576663,-0.08554623057818762,-0.9892706507085263,0.40361795681975804,0.5955097264452349,0,0,0,0,0000,No Fault
0.03382062099517604,-0.8844375900638245,-0.07268499647005026,-0.03651530683270859,0.35291209989539213,-0.3081034535595477,1,0,1,1,1011,LLG Fault
-0.012141999857353113,0.10242652710006547,-0.0992695831235635,-0.9788451094856371,0.6508619755769206,0.33312069579941,0,0,0,0,0000,No Fault
-0.06039753086866443,-0.8184217641919241,0.8755669310539513,-0.04266545449556883,-0.00912683011654429,0.06697216854022828,1,1,1,1,1111,LLLG Fault
0.025835875089534516,0.46076138192249017,-0.49019697470204604,0.8254833789867608,0.03979049170963176,-0.8533238769340123,0,1,1,0,0110,LL Fault
-0.6752485465949366,0.970233113390458,-0.3068684256000425,0.04451403784126205,0.028171796533353652,-0.0584448748784223,0,1,1,1,0111,LLL Fault
0.04649833261365036,-0.025551829252504966,-0.022258004312072453,0.887805674696234,-0.027575216297899337,-0.8471673279222969,0,0,0,0,0000,No Fault
-0.045106364555996425,0.8829986733454492,-0.8435466443010422,0.27067418211497385,-0.02184091660483075,-0.23424282770440005,0,1,1,0,0110,LL Fault
0.052572627304646555,-0.019219371348613498,-0.03719438879913339,0.751604394006806,0.2021830126816249,-0.9447231929159029,0,0,0,0,0000,No Fault
0.9843018979061292,0.057890889885370334,-0.001566514288655214,-0.002924853060503014,-0.4601004731681143,0.48665776385575993,1,0,0,1,1001,LG Fault
-0.4987397735339081,-0.06940744956501446,0.037345818113405135,0.6076455667306857,-0.6420529640031072,0.059873934388302796,1,0,0,1,1001,LG Fault
0.05465760848919886,0.03589137407414834,-0.09903597916381832,-0.20696655489976085,0.9478114570156763,-0.7433887933146145,0,0,0,0,0000,No Fault
0.6119428725155337,0.35926503563052825,0.04860361157373144,0.08929491527474766,-0.6100760018709711,0.5470150482900744,1,0,1,1,1011,LLG Fault
-0.0776683131288844,0.09524542517925833,-0.027205648056928426,-0.530523810647982,-0.4436872393509012,0.9989307765319682,0,0,0,0,0000,No Fault
-0.05954727105357044,0.8538279658175361,-0.799900897621174,0.06588874758512872,-0.0386714850418264,-0.011764519470571076,0,1,1,0,0110,LL Fault
-0.05964041544980071,-0.8175930230529269,0.8762325540168369,-0.04265343564977192,-0.009151102488338924,0.06698485245646753,0,1,1,1,0111,LLL Fault
-0.7418757251581753,0.5039661100130515,0.008293839446126543,-0.2915032727701122,0.44232087101478196,-0.14354491151345408,1,0,1,1,1011,LLG Fault
-0.7769097845030968,0.2545690000207098,-0.021425220455820973,0.07545213397587995,0.38192483563994345,-0.4499310375127787,1,0,1,1,1011,LLG Fault
-0.4847013242522297,0.9934921726097313,-0.519106878677523,0.05915522869817246,0.014720088217764573,-0.05941790868369001,0,1,1,1,0111,LLL Fault
0.007667324799663958,-0.023675780632870125,0.007127230368426964,0.9930660420256953,-0.42902335432059,-0.5436405279924842,0,0,0,0,0000,No Fault
-0.07999319001517104,0.5285010913524318,-0.4533849062510169,-0.4636389420112983,-0.07421663794477806,0.5553867149827137,0,1,1,0,0110,LL Fault
-0.8511013774545905,0.09975689939033514,-0.03998319135310893,-0.04005623839642455,0.5458716201955193,-0.5011743575838205,1,0,1,1,1011,LLG Fault
-0.08020801334975275,0.098854686396658,-0.02884226974189765,-0.49364926646790996,-0.4790390062298378,0.9979810905647181,0,0,0,0,0000,No Fault
0.017609496087026975,-0.02703263306408115,0.0007811592408945457,0.9768560628693063,-0.30283514806991124,-0.6559703917225943,0,0,0,0,0000,No Fault
-0.7419483052673763,-0.011253541439795855,-0.04263178243617323,-0.2436073104912433,0.7854315763194406,-0.5411896101744854,1,0,0,1,1001,LG Fault
0.8799456642884148,-0.8409913847663008,-0.03164331619559124,0.020188416935875735,-0.07519067225261127,0.0712691650674365,0,1,1,1,0111,LLL Fault
0.05043645042773399,-0.022366539161972114,-0.03616796169585839,0.7023056771717906,0.27101237917743826,-0.9654292871245052,0,0,0,0,0000,No Fault
0.04357590471799678,0.20784487349018166,-0.2540698220566934,0.8421778748539508,0.04934298485194839,-0.8797964006853196,0,1,1,0,0110,LL Fault
-0.21113878146911347,0.04555238047108433,-0.06512094629872725,-0.5664990876157503,0.9548602256358484,-0.3900856064830503,1,0,0,1,1001,LG Fault
0.06161182936447877,0.005358914967117762,-0.07350313231723121,0.3146773540475784,0.6671480994543143,-0.9804262948984652,0,0,0,0,0000,No Fault
-0.9732056288275265,0.6826068959173665,0.2747789826979453,0.00358824302327573,0.05000054296870102,-0.03965356062737531,1,1,1,1,1111,LLLG Fault
-0.9677330148010882,0.26776732772572776,0.6854979667501592,-0.025985080936651646,0.050983513341408535,-0.011003456463640121,1,1,1,1,1111,LLLG Fault
0.0345462483329764,0.06717518256467742,-0.11033645192224928,-0.6262696284265853,0.9830319873764828,-0.35886296764297093,0,0,0,0,0000,No Fault
0.06216963593275175,-0.5289173190539124,0.46659501494137384,0.47197261858261697,0.04088117872236636,-0.4999872851654782,0,1,1,0,0110,LL Fault
0.9152248832363921,0.0806028384920337,-0.030097486321571523,-0.3112439079362299,0.031377479536603615,0.2949897286703289,1,0,0,1,1001,LG Fault
-0.12878884627562376,0.04935971850249534,-0.06604763145820765,-0.5785929048281552,0.9443474226996788,-0.3672474270842042,1,0,0,1,1001,LG Fault
0.42086864657111184,0.5719078567681671,-0.9962663268732069,0.09042955648441897,-0.04748867047722619,-0.027385885271225367,1,1,1,1,1111,LLLG Fault
0.4908899460133161,0.08083785350308205,-0.05799051941666111,-0.5688233297763136,0.6216935998628985,-0.0482662316224108,1,0,0,1,1001,LG Fault
-0.7309432317706438,0.9504959631215671,-0.23185427741045142,0.03930065954460647,0.032146191490375904,-0.05726749183759185,0,1,1,1,0111,LLL Fault
0.6913356121399918,0.27947029814381585,-0.9710511457569864,0.08772030832770068,-0.06551031667678323,-0.006305820006474044,1,1,1,1,1111,LLLG Fault
0.7812447691036133,-0.9118968441436498,0.13716197310726982,0.007743658636044721,-0.06786540346645636,0.07628264126260523,0,1,1,1,0111,LLL Fault
0.8788476770699611,0.08243154763492658,-0.03412137316169522,-0.35236984252165027,0.10807298462857105,0.2580737758421531,1,0,0,1,1001,LG Fault
0.7613598342385349,-0.92278000510649,0.1678813111520651,0.0056013273312005285,-0.06643160360421464,0.07696964385221257,0,1,1,1,0111,LLL Fault
-0.08041821715780302,0.0882368410051935,-0.017445844981829935,-0.4063652933901608,-0.5613295220051078,0.994317819891577,0,0,0,0,0000,No Fault
-0.6136996536024074,0.35279938229043156,0.2503684726861908,-0.0034705510907471517,0.033082983024392054,-0.015337455991421483,1,1,1,1,1111,LLLG Fault
-0.9944286163540714,0.41427672291701517,0.5673496011403626,-0.01732974893569377,0.052408843199385075,-0.021134112896136495,0,1,1,1,0111,LLL Fault
0.08927700532049244,0.8123269653674889,-0.908700090886705,0.08522588634960508,-0.025005110504269075,-0.04507863913876798,1,1,1,1,1111,LLLG Fault
-0.03730778168550827,-0.0004347784608521345,0.028527695348678092,0.8250397605596594,-0.8649785276046391,0.06905930761698625,0,0,0,0,0000,No Fault
0.6364446298756129,0.08431426533968163,-0.051618848793782555,-0.517925379530518,0.47083802897825533,0.05441916443179782,1,0,0,1,1001,LG Fault
0.7138620936547921,0.0946903312731188,0.004173051200770505,0.2356229731524239,-0.7314730241461413,0.5239997656707489,1,1,1,1,1111,LLLG Fault
0.42957766440512307,-0.01656920141286784,0.041198881463930914,0.5392554774502076,-0.9921317010187304,0.4851673525794213,1,0,0,1,1001,LG Fault
0.691824469622293,0.27875421481911156,-0.9708154055097118,0.08779056463224336,-0.06556529079120654,-0.006320243591412249,1,1,1,1,1111,LLLG Fault
0.0009768067571990042,0.10003428006901112,-0.11042130973939071,-0.92478951011585,0.7935322226970385,0.13354415309210546,0,0,0,0,0000,No Fault
0.9819154327436177,-0.5511785871249172,0.0012187981350011753,0.04949038436871617,-0.468721047375353,0.4428877274224885,1,0,1,1,1011,LLG Fault
-0.017286439389735352,-0.015671983633333313,0.024104935588339108,0.9484592437917049,-0.7112253964187136,-0.21135821316757983,0,0,0,0,0000,No Fault
0.12066432839720556,0.7937821864444933,-0.9212137060529567,0.08605690697679212,-0.02715612424123642,-0.04372003043978287,1,1,1,1,1111,LLLG Fault
-0.06035679495130873,-0.1863307831224182,0.24395941240871277,-0.8117182942303098,-0.08142929159971167,0.9117384098466575,0,1,1,0,0110,LL Fault
0.029077844141196806,-0.025903572708718653,-0.011856977093203682,0.922976899432187,-0.12222053276150435,-0.7859904418660628,0,0,0,0,0000,No Fault
-0.012007523983159653,-0.8603486133227364,0.8697149503667013,-0.03989335573526894,-0.013089295216584737,0.06823037939207005,1,1,1,1,1111,LLLG Fault
-0.8587455489922166,-0.07138827538475254,0.016381452356604924,0.4176254553022855,-0.18588960498894705,-0.21442193464395637,1,0,0,1,1001,LG Fault
-0.07109763659916847,0.10533311194732235,-0.04397548707498139,-0.7025870082883353,-0.24228049511615446,0.9662213986830314,0,0,0,0,0000,No Fault
0.4502229230886138,0.07960090289012317,-0.05927185250166144,-0.5783700923995067,0.6560699714722925,-0.07372287295125358,1,0,0,1,1001,LG Fault
-0.9676691402626711,-0.0631156089758714,0.0007103936907735774,0.25638357217482316,0.10557730288846671,-0.3497505071449623,1,0,0,1,1001,LG Fault
0.9977658849826522,-0.456844420384778,-0.5339047058055416,0.05531568440438762,-0.08456092113235064,0.04559683120352371,0,1,1,1,0111,LLL Fault
-0.4596191230477448,0.02608528743420346,-0.06055856044722036,-0.4859689789560675,0.9565757154431477,-0.4725772564257637,1,0,0,1,1001,LG Fault
-0.02806420248996176,0.1135381734790129,-0.09516680376089948,-0.9988918699827543,0.49138074751152006,0.5157282313402666,0,0,0,0,0000,No Fault
0.3787731576417834,-0.9786208047684513,-0.0623566849897596,-0.023566872058319893,0.15111370939541105,-0.11545839404917932,1,0,1,1,1011,LLG Fault
-0.8063759465902853,-0.10010634835264,0.8969067990885494,-0.041666699593227705,0.040903452535646,0.014991080533070852,0,1,1,1,0111,LLL Fault
-0.6139685810539173,-0.3807039131305571,0.9877220775638863,-0.04793015628986862,0.027647590008398157,0.03477855711371885,0,1,1,1,0111,LLL Fault
-0.044414496685351405,0.11075199215046777,-0.07561675254750964,-0.9550334784349388,0.2431401018348418,0.7247049543117119,0,0,0,0,0000,No Fault
0.6566634868467143,0.32384140990970994,-0.9811877191920857,0.08856440199884498,-0.0632227309986707,-0.009483149269280535,1,1,1,1,1111,LLLG Fault
0.8321296709026023,-0.8789534659715145,-0.03089554697423875,0.015354701281517145,-0.216216403475835,0.21981760533394903,1,0,1,1,1011,LLG Fault
0.20663522420036914,-0.04245238593269016,0.04396740126091951,0.614069169449264,-0.9946240895875166,0.41269500213374505,1,0,1,1,1011,LLG Fault
-0.7621460422454509,0.9358165548142733,-0.1861055359035926,0.03612223564501188,0.03438483918626016,-0.05636177249263595,0,1,1,1,0111,LLL Fault
-0.4853966847282857,0.9925435633123356,-0.5197488096409413,0.059153812684730876,0.01473606859455449,-0.05943277419394702,1,1,1,1,1111,LLLG Fault
-0.08211959814359089,0.07392958944587943,-0.0015325435278940747,-0.1526583130760015,-0.7493291087873567,0.9315053830712839,0,0,0,0,0000,No Fault
0.7975643729657761,0.021519522686883497,0.024722946716585655,0.31185981128795454,-0.8349148365142843,0.5529655908462816,1,0,0,1,1001,LG Fault
0.04872499637772609,-0.10026621735873777,0.05014266200753199,0.8226856521922445,0.05683743687576194,-0.8678891714917938,0,1,1,0,0110,LL Fault
0.06308938203512178,-0.40328728017944004,0.33957754340257856,0.5846264098228028,0.046597884627438996,-0.6187649299903353,0,1,1,0,0110,LL Fault
-0.07107829706961862,0.7648283030274473,-0.6992338596170131,-0.1546750056690492,-0.05495904755769759,0.2259806282217898,0,1,1,0,0110,LL Fault
-0.06627812944137929,0.8924433100526717,0.05180568128858701,0.08032996806994128,-0.36403575455490556,0.30529452676407876,1,0,1,1,1011,LLG Fault
-0.010103142331621968,0.05861154206644087,-0.06598276882972191,-0.6001829982751007,0.9069228253692282,-0.30746530845229253,1,0,0,1,1001,LG Fault
-0.012304935088319304,-0.8612661672309209,-0.0733704700641516,-0.03981596344661122,0.37614874746385246,-0.32847164639268434,1,0,1,1,1011,LLG Fault
-0.08187432925319627,0.0745411118215935,-0.002258603147906788,-0.18270942069326893,-0.7308338916061108,0.9427899691721886,0,0,0,0,0000,No Fault
0.9800161300244672,-0.3147937450924577,-0.658807277569467,0.06436169138911157,-0.08378300933634537,0.03573416784839584,0,1,1,1,0111,LLL Fault
-0.7725565607409903,0.3851438883245089,-0.009064616475093332,-0.0835705205871698,0.40260669592076787,-0.31156111682914733,1,0,1,1,1011,LLG Fault
-0.8699562574464236,-0.050137028519860564,-0.031859945879845156,-0.0151488201634156,0.4951865320970492,-0.47450089467739553,1,0,0,1,1001,LG Fault
-0.07949576966413069,0.09806738223082259,-0.028634229486112033,-0.5063036046247857,-0.46702972637082396,0.9984318049206297,0,0,0,0,0000,No Fault
-0.18057125384177947,0.04768308291358275,-0.06540450717586985,-0.57331712161856,0.9500805847517466,-0.3783791548450853,1,0,0,1,1001,LG Fault
0.06005158960833203,0.006802674435730406,-0.0754974475520372,0.2713745035502718,0.6997560170283625,-0.9702353420435555,0,0,0,0,0000,No Fault
0.41578688365542865,-0.9964255152281847,-0.061119956868444104,-0.020152595578417705,0.1315928093285468,-0.09899038508443073,1,0,1,1,1011,LLG Fault
0.003995780225257615,-0.021214705588131568,0.00815254122243992,0.9934490942193316,-0.46834114972130797,-0.5039606851759539,0,0,0,0,0000,No Fault
0.3847032913338985,0.07771359087980853,-0.06079398621846446,-0.5897979195129589,0.699570845322584,-0.10659111965434456,1,0,0,1,1001,LG Fault
-0.06795844526997838,-0.05251417577812748,0.1174736605419433,-0.7898226592906598,-0.08405665811762897,0.892461950640235,0,1,1,0,0110,LL Fault
0.060920462239648844,0.005700795459978738,-0.07496932511776663,0.24290747586196024,0.7190174540337346,-0.9613197972014936,0,0,0,0,0000,No Fault
0.04583415817504005,0.16760153944170234,-0.2159399289175319,0.8376344682689566,0.05023873554183604,-0.876153697678228,0,1,1,0,0110,LL Fault
0.5842176737893832,0.41065583492618246,-0.9940630207933326,0.08986906514301676,-0.058407845899266876,-0.015697524538754497,0,1,1,1,0111,LLL Fault
-0.7168556061254896,-0.2129720687358324,-0.06424378250157048,-0.04499703986172644,0.5911634031402285,-0.5423717208268419,1,0,1,1,1011,LLG Fault
0.4073711566175562,0.5853833828292819,-0.9941065525421432,0.09038244813480122,-0.04655282724708841,-0.028292255961333952,0,1,1,1,0111,LLL Fault
0.9157224380375367,-0.7783620731089518,-0.019038240384434253,0.028463931700734645,-0.32051424943132856,0.31295067679019856,1,0,1,1,1011,LLG Fault
0.6736077357881267,-0.9580154085710427,0.28790308234525175,-0.002808749825982202,-0.06018935610473318,0.07904131224486281,1,1,1,1,1111,LLLG Fault
0.027792836771000196,0.4370695610697104,-0.4683696942597636,0.8308117849397829,0.0410116967303904,-0.8599107919492746,0,1,1,0,0110,LL Fault
-0.04126669593743633,0.05673222833094127,-0.06600169386297941,-0.5966578648822557,0.9168631035940935,-0.32112869774445507,1,0,0,1,1001,LG Fault
-0.6021968687437478,-0.3619820116203212,-0.06912065806717335,-0.04772516326382116,0.575750016591879,-0.5239304856321533,1,0,1,1,1011,LLG Fault
0.5999228276747984,0.08372477815583883,-0.05333701850319355,-0.5326574978568345,0.5103897706221137,0.02888804384596361,1,0,0,1,1001,LG Fault
-0.6408250857184752,-0.3444993259582008,0.978029974717394,-0.03915790861462204,0.027923661333889793,0.025701742509800674,0,1,1,1,0111,LLL Fault
-0.99352063604884,-0.05221520893278998,-0.0124059065273566,0.11359867924791711,0.32934900761726627,-0.4346051812364877,1,0,0,1,1001,LG Fault
-0.17267140848589616,0.046340934362122846,-0.06555225239912957,-0.5684313473236903,0.9525899796779692,-0.3858348966860599,1,0,0,1,1001,LG Fault
0.03424592126572316,-0.02548491538012368,-0.002622707954119636,0.9896098870716044,-0.31273078157225703,-0.6586746102500869,0,0,0,0,0000,No Fault
0.03581669267918604,-0.023214132477995194,-0.021377780994077777,0.8683653626596964,0.0017997343080708439,-0.8576078597499673,0,0,0,0,0000,No Fault
0.06267440349479406,-0.3417813793687955,0.2783003944222287,0.6303095246431283,0.04858759931871941,-0.6665966294736849,0,1,1,0,0110,LL Fault
0.9868177428644977,-0.3458079181171735,-0.6343478159415459,0.06280758950082155,-0.08421704122475761,0.03773465823214501,0,1,1,1,0111,LLL Fault
-0.963100256001002,0.6849724650215548,-0.011197456105048948,0.002564049217433452,0.36721703410681455,-0.36186280782513164,1,0,1,1,1011,LLG Fault
-0.5404095875998225,0.018798670074423495,-0.05806876050615552,-0.4485921200425872,0.9405763596295326,-0.4937502430846905,1,0,0,1,1001,LG Fault
0.06157720784087381,0.002016261854119103,-0.07166203552895761,0.2596773789676059,0.705848154173309,-0.9647149511241356,0,0,0,0,0000,No Fault
-0.5646669547089651,0.9906634765603815,-0.43690292981182527,0.0535188554454464,0.020341484728263123,-0.05949466187730312,0,1,1,1,0111,LLL Fault
-0.01765552812218272,0.8140173827894228,-0.80150182167626,0.5635328338416912,0.005759399807924299,-0.5560019739649708,0,1,1,0,0110,LL Fault
0.053557589643078815,0.03781423496557223,-0.09973990164481358,-0.25183374994704644,0.9599017424160543,-0.7107223630213785,0,0,0,0,0000,No Fault
0.04576025678326787,-0.01899294490407361,-0.03546565173803057,0.752240422511242,0.20091396848125473,-0.9440677830396637,0,0,0,0,0000,No Fault
-0.5554212655036248,-0.4339013770264978,-0.0688687271849204,-0.033185362916404317,0.5677769057580597,-0.5303844207018619,1,0,1,1,1011,LLG Fault
-0.37270139657901574,-0.0652752120496291,0.04106610803868272,0.633917063110891,-0.7421478559659656,0.13552713465856026,1,0,0,1,1001,LG Fault
0.02954917251309807,-0.8790501662031601,0.8501121031990728,-0.21482688827400917,-0.010039558035080333,0.2405200800422724,0,1,1,0,0110,LL Fault
0.49672320758001576,-0.981421834707025,0.48674738602624074,-0.016531257146905322,-0.04769612085108242,0.08006988682844181,1,1,1,1,1111,LLLG Fault
0.9912111455493035,0.06152969392956477,-0.005059600563691293,-0.04227410850891754,-0.40433071722644054,0.46928326877264787,1,0,0,1,1001,LG Fault
0.0052336513602734,0.09861110778791031,-0.11312725449939962,-0.9001955061471425,0.8310230734559605,0.07068264936962626,0,0,0,0,0000,No Fault
-0.5139727373866134,0.021243566347498362,-0.058947096474864805,-0.4615310176950853,0.9468615461991653,-0.4871814981257258,1,0,0,1,1001,LG Fault
-0.011358120667771825,0.10322912636515728,-0.10097966112409805,-0.9766436312499993,0.6636272623833089,0.31790585347176376,0,0,0,0,0000,No Fault
0.21689748347833732,-0.9402277758829892,-0.06814045434556519,-0.03212576055144774,0.24936781245080902,-0.20699543902482512,1,0,1,1,1011,LLG Fault
0.9257741729139276,-0.7795205019563144,-0.141141154054621,0.0277103790144914,-0.07860471671347773,0.06720609214367335,1,1,1,1,1111,LLLG Fault
0.060257732659239685,0.003464640611623688,-0.07220957784711834,0.30222207679075275,0.675985684750961,-0.9769432885310132,0,0,0,0,0000,No Fault
0.6743905963333463,-0.9571612253886131,0.28859423097597375,-0.0027967293355703887,-0.06021363171305982,0.07905399781007713,0,1,1,1,0111,LLL Fault
-0.5702689194799097,0.996863646775546,0.03267713733514359,0.05256379631677494,-0.0513839856294289,0.014549498201097348,1,0,1,1,1011,LLG Fault
-0.07993009501380205,0.06114229935977114,0.009259017206911593,0.019761897570042965,-0.8447268024276893,0.8558360673676663,0,0,0,0,0000,No Fault
0.37803693853184805,0.6089590801747233,-0.9909693286342588,0.09024159509042852,-0.044617539696321956,-0.03012304042676822,1,1,1,1,1111,LLLG Fault
-0.0793211740630394,0.05875031297627155,0.011181260432581695,0.03619169102209108,-0.8531908336730268,0.8479873648736354,0,0,0,0,0000,No Fault
0.8055394565729529,0.11318588976926956,-0.9151624121587755,0.08338480244792319,-0.07294591560256175,0.005617880799027113,0,1,1,1,0111,LLL Fault
0.25269089528657857,-0.007732918880223408,0.008443853029900247,0.5880897352979221,-0.9664832545284853,0.4100684618748799,1,1,1,1,1111,LLLG Fault
-0.03659670569463437,-0.0032141536182535586,0.030876528094636507,0.826685030031133,-0.8673593092219244,0.06983563518614117,0,0,0,0,0000,No Fault
0.2966403173159197,-0.9564264885201832,0.6623670317005588,-0.028441367584104316,-0.033700322376146175,0.07775018290369654,0,1,1,1,0111,LLL Fault
0.6964045201154763,-0.9508276469940526,0.2580918578577964,-0.0007391220126738117,-0.06181321807261768,0.07862087472021327,1,1,1,1,1111,LLLG Fault
0.25476053760651285,-0.28086548928262034,0.026269107664013067,0.08599662690632225,-0.8842424551213914,0.8296912625707669,0,1,1,1,0111,LLL Fault
-0.08173491226079864,0.09168457142215436,-0.02000854771424996,-0.39456011925221157,-0.5700606933658607,0.9913782052259019,0,0,0,0,0000,No Fault
-0.226344331472299,0.04447233399968427,-0.06495867726095064,-0.5628720653950926,0.9568910119183114,-0.39579156975890956,1,0,0,1,1001,LG Fault
0.05961847260269212,-0.18586686979941688,0.12505464044144204,0.7237670449647446,0.051717631622812385,-0.7634913511047329,0,1,1,0,0110,LL Fault
0.8676024157075968,-0.03884969769004619,0.03287790431990273,0.07845980902118177,-0.615150736797442,0.5630499176752083,1,0,1,1,1011,LLG Fault
0.05491573839005522,-0.01580120056072428,-0.04732097098299436,0.594847005713477,0.40288284492302767,-0.9920586317029294,0,0,0,0,0000,No Fault
-0.08614060515919193,-0.8206243516570473,0.9057259527397958,-0.03959241916432553,-0.008564235085440899,0.06331771493678726,0,1,1,1,0111,LLL Fault
0.04421883531665385,0.05438594940249416,-0.1071003559031344,-0.4699400242079585,0.9944189889358983,-0.527210115659334,0,0,0,0,0000,No Fault
0.060885730660031064,0.010520838342869382,-0.07976839370326241,0.16636144025476945,0.7704428972107881,-0.9369721443744985,0,0,0,0,0000,No Fault
0.0002927743818110064,0.7042236490907299,-0.7091275673636578,0.7014462672019454,0.02123460735416019,-0.7100499126367649,0,1,1,0,0110,LL Fault
-0.010895310916124156,-0.01789125092206092,0.019861894323840605,0.9720500902239443,-0.6447947937120225,-0.30270282934844467,0,0,0,0,0000,No Fault
0.058458122296049186,-0.011547700286786144,-0.05496818154503037,0.4907971029197161,0.5114905151580633,-0.9984015429301429,0,0,0,0,0000,No Fault
-0.8092101211050713,-0.010829330254866501,-0.04412321331380023,-0.2612646576725708,0.7942049196922589,-0.5324252796443023,1,0,0,1,1001,LG Fault
-0.861876336556856,0.8647756457361977,-0.01597050451724716,0.024208299833521206,0.041619706778631235,-0.051788409392653244,0,1,1,1,0111,LLL Fault
-0.0567751147410914,0.01722733360634034,0.030368997491671157,0.6017142844206788,-0.959158993922051,0.3889445421181391,0,0,0,0,0000,No Fault
0.9717826849534285,0.07377814448027155,-0.019073088411277667,-0.19613812578274878,-0.1682152241094635,0.38295906107814637,1,0,0,1,1001,LG Fault
0.050538450421802536,-0.017098042755634077,-0.041956398825851136,0.6772480628370784,0.3042079603412586,-0.9741307603739909,0,0,0,0,0000,No Fault
0.5709950872745742,0.42530545605867603,-0.9957400063358239,0.08995866705280148,-0.05751075204859589,-0.01670147992453682,0,1,1,1,0111,LLL Fault
-0.12288400466704594,-0.7826808791969354,0.9016630327012839,-0.044336126689015445,-0.004858504650409788,0.06429794651823598,1,1,1,1,1111,LLLG Fault
-0.024013029727143257,0.1095892562338097,-0.09494244042732418,-0.9969786220232286,0.5287991889580913,0.475681399228034,0,0,0,0,0000,No Fault
0.045916130959039056,0.05434691286472504,-0.10916082958339555,-0.4164134546962546,0.994208721160929,-0.5806643353330704,0,0,0,0,0000,No Fault
0.0074258821813151885,0.09705808265122173,-0.1137317995849341,-0.8860993390283612,0.8479084444711831,0.039343314212810676,0,0,0,0,0000,No Fault
0.9934902749002013,-0.5632795614770847,-0.42520778219374705,0.04744453768707488,-0.08394336493295196,0.05285957205536806,1,1,1,1,1111,LLLG Fault
-0.0713463407383379,0.03909699672955046,0.022870114842988967,0.32671856989655046,-0.9490720927058892,0.654391001751473,0,0,0,0,0000,No Fault
-0.08189076013209758,0.09406564277175496,-0.022370723959139006,-0.40981693716554074,-0.5563352472643579,0.9926895641932281,0,0,0,0,0000,No Fault
-0.1608128257409008,0.9283011497314626,-0.7770982096061874,0.07660653687836674,-0.007838329504007547,-0.05392898350655796,1,1,1,1,1111,LLLG Fault
0.019156356723910476,0.08616728574617735,-0.11454019616738982,-0.792479537974648,0.9244196727584723,-0.13248783450297175,0,0,0,0,0000,No Fault
0.9983824515255295,-0.527183870933806,-0.4662602429297727,0.05071278058562295,-0.08449063660326307,0.050140321471136395,1,1,1,1,1111,LLLG Fault
0.012713262299236807,-0.027564119100871934,0.006301559524934754,0.989618879825958,-0.37579707722371597,-0.5944205553257795,0,0,0,0,0000,No Fault
-0.03581295926407495,-0.005870901804044258,0.031640852174301924,0.8883805103689226,-0.695656225875219,-0.16698482005410717,0,0,0,0,0000,No Fault
0.931353062999391,-0.19204084063979873,0.010314733951617607,0.07158103116649622,-0.5858682085994947,0.5401087218568077,1,1,1,1,1111,LLLG Fault
-0.081378833966754,0.06779794172001835,0.0038860016692538017,-0.05928975161973821,-0.8037419017549268,0.893334645961462,0,0,0,0,0000,No Fault
0.5114722416021361,-0.009337476153296607,0.03885381931482819,0.5033223980119219,-0.9789981114342161,0.5078128789228769,1,0,0,1,1001,LG Fault
0.03220754273233637,0.06890838555475731,-0.10962752111264559,-0.6612940943060067,0.9736337085112876,-0.31416902037177025,0,0,0,0,0000,No Fault
0.7869357812390209,0.08475406051354714,-0.04244734320246931,-0.43395644522410076,0.2734502354184202,0.17136114217603807,1,0,0,1,1001,LG Fault
-0.08102551956398027,0.08568398961147727,-0.014281913220095751,-0.36304934682428813,-0.5981023772668244,0.988357709982013,0,0,0,0,0000,No Fault
0.006952592714358243,-0.024846416781270045,0.00914993941215712,0.9946081184897289,-0.443934952182938,-0.5299921245857588,0,0,0,0,0000,No Fault
0.39901488503458693,0.07822680226198339,-0.060417437678319155,-0.5873254120286021,0.6889538373836162,-0.09825170031817615,1,0,0,1,1001,LG Fault
0.00948847495694578,-0.026831054226569465,0.008762267569822086,0.9938491764004099,-0.4177216564170458,-0.5559419034521419,0,0,0,0,0000,No Fault
-0.12798530501189037,0.9191439151886014,0.05048196605568868,0.07791003727979381,-0.3319268584319919,0.2750026617961705,1,0,1,1,1011,LLG Fault
0.45711476015542185,-0.014179338160161828,0.04046515348919418,0.5277600961345177,-0.9887123098069865,0.49320893074047734,1,0,0,1,1001,LG Fault
-0.017290509031843676,-0.011904237072869927,0.019909585536752653,0.9505118169483474,-0.6970106756822185,-0.2279006931444445,0,0,0,0,0000,No Fault
0.004948505640535022,-0.8120184170237489,0.8070774285765494,-0.49311007617888347,-0.03372258647982979,0.5436734959510611,0,1,1,0,0110,LL Fault
0.024276001538666263,-0.8601210128526131,0.836115870552996,-0.28942454365786563,-0.01454515042619554,0.3199065994466488,0,1,1,0,0110,LL Fault
0.01991820484523008,-0.02436572143570874,-0.004466812942482255,0.9650307750909497,-0.2562526167411856,-0.691580260654693,0,0,0,0,0000,No Fault
0.059651285640135755,0.018505154093272275,-0.08683549183018374,0.08702875104528339,0.8197538363501915,-0.9076758200725898,0,0,0,0,0000,No Fault
0.19130029293180284,0.06948250963704351,-0.06452020292032468,-0.6080584045450427,0.8206310773135249,-0.21163975752207445,1,0,0,1,1001,LG Fault
-0.26029320880124407,0.039585763278958463,-0.06465008237264569,-0.5453285189874052,0.962609332852856,-0.41920846025655906,1,0,0,1,1001,LG Fault
-0.35248440669415493,0.9856411567925133,0.043436846677703124,0.06699627731793059,-0.2015560203731566,0.15310053241257854,1,0,1,1,1011,LLG Fault
-0.8154913010355159,0.19295147869059287,0.6101650990480431,0.06177695373835824,0.01950109006357577,-0.06691831301443843,1,1,1,1,1111,LLLG Fault
0.05127101892993309,-0.01996141810123329,-0.03953657527613065,0.678943058885114,0.3017552241443695,-0.9733309695385635,0,0,0,0,0000,No Fault
0.8004178566814057,-0.900050370997388,0.10635695348421909,0.00989903831562244,-0.06924811952574844,0.07553050085977861,0,1,1,1,0111,LLL Fault
-0.9205518405715358,-0.06829088925461467,0.009168206489969303,0.3448061335380391,-0.048124721838785085,-0.28178873672244953,1,0,0,1,1001,LG Fault
-0.04702138716462363,0.8823508462542867,-0.8410034023071636,0.24572338880820366,-0.02398327423694247,-0.20704287509066685,0,1,1,0,0110,LL Fault
0.7576623722655224,0.08498142385260013,-0.044560397340030845,-0.4539494761519534,0.31725897790291674,0.1467670978450929,1,0,0,1,1001,LG Fault
-0.06618174667862313,0.11382108027462597,-0.05775106088620852,-0.7979253102264455,-0.10254729560608355,0.9194276086311325,0,0,0,0,0000,No Fault
0.8533032616371328,-0.008806090986025857,0.034374205188512245,0.079773374465887,-0.618421255628144,0.565065450009547,1,0,1,1,1011,LLG Fault
-0.6285686162359398,0.010158111740973572,-0.05462702892336483,-0.39974429412182616,0.9111926169843624,-0.5127862273097145,1,0,0,1,1001,LG Fault
0.6844547311628247,0.00795688359010627,0.03174289504578006,0.4034966475112914,-0.9154578871642812,0.5431572859543398,1,0,0,1,1001,LG Fault
0.7489130485645819,0.015388071509678287,0.02805555792971578,0.35475814243314274,-0.8747103634585878,0.5505042350160892,1,0,0,1,1001,LG Fault
0.05587956559936777,-0.012399252337667272,-0.05182227524767576,0.5557124202052682,0.44605875315878135,-0.996815532324115,0,0,0,0,0000,No Fault
-0.5902772047985981,0.9878019669154783,-0.4086427381791549,0.0515695690392941,0.022148718890129683,-0.05938173841552727,0,1,1,1,0111,LLL Fault
0.6231666701293919,0.07284775702873991,-0.0028083377218355507,0.35087036322852355,-0.8241405865225018,0.5028729041424831,1,1,1,1,1111,LLLG Fault
-0.004431339120159569,0.8624467744134886,0.05288711205502447,0.08249694392928283,-0.394759466762871,0.3344285457477872,1,0,1,1,1011,LLG Fault
0.7456027747452174,-0.9399420696984525,0.2008103714349964,0.00430079710430948,-0.06553390128552614,0.07735888276853574,0,1,1,1,0111,LLL Fault
0.6244240707016213,0.0841370441954688,-0.05220202033508087,-0.5229706716044277,0.48414645602184647,0.04591685768922937,1,0,0,1,1001,LG Fault
-0.328938099546775,-0.06357749172583452,0.04208224589999729,0.6399735746235807,-0.7723840072826371,0.16026449306182333,1,0,0,1,1001,LG Fault
-0.075057129119933,0.049367356656701424,0.01569681293480161,0.26351282488102323,-0.9305729835949035,0.6989141580787628,0,0,0,0,0000,No Fault
-0.07802031968957564,0.09662131069182353,-0.02836839993106678,-0.5313382765814374,-0.4425086707845511,0.9985464680511046,0,0,0,0,0000,No Fault
-0.14982675996659578,0.04977260277430709,-0.06563343658127041,-0.5795487402150665,0.9443474728659249,-0.3662891087324621,1,0,0,1,1001,LG Fault
0.14424093418195152,0.06627619538473062,-0.06534003315687179,-0.6073340404843062,0.8510819547280069,-0.24339477126148723,1,0,0,1,1001,LG Fault
-0.40810644314521366,-0.09159789065411167,-0.010553304982993257,0.592263940636092,-0.0942540092250985,-0.48289793414943866,1,0,0,1,1001,LG Fault
-0.0802808527281309,0.06251330394495751,0.008100390324536907,0.01895032286960778,-0.8435524154606936,0.8554531209402106,0,0,0,0,0000,No Fault
-0.06690726947677615,0.11343840324570877,-0.05664854565679381,-0.788377572346608,-0.11781825047208722,0.9254153025956693,0,0,0,0,0000,No Fault
-0.6024271854803089,-0.07181882596597652,0.03324361086154819,0.5744486199691293,-0.5425263585128886,-0.008256382723050584,1,0,0,1,1001,LG Fault
0.6804224726042132,0.29363386627227733,-0.9744379133041133,0.08808592102478106,-0.06481322593981785,-0.0073827211024325885,1,1,1,1,1111,LLLG Fault
0.9552452369926896,0.047922043164043325,0.006981456131337115,0.09584367647756739,-0.591393795671224,0.5214121956397155,1,0,0,1,1001,LG Fault
-0.7685348517791868,-0.16237562836148162,0.9195079910221092,-0.04348322117115799,0.03841834292734606,0.019344688023410828,1,1,1,1,1111,LLLG Fault
-0.0146513672574759,-0.014671923384490717,0.020214765680003226,0.9600348313321717,-0.6769169644709673,-0.25792397635088427,0,0,0,0,0000,No Fault
0.8968508320412495,-0.09955044850696732,0.013940263309182237,0.07584766550748925,-0.6001363563881134,0.5503696835972939,1,1,1,1,1111,LLLG Fault
0.0466718982482659,0.051392743891084024,-0.10666428247790243,-0.41466471263280547,0.9916782110998856,-0.5798391832610648,0,0,0,0,0000,No Fault
0.4915966818453969,-0.9919651785569349,0.5048249741270634,-0.016564554020469094,-0.04759655865344971,0.08000182208447308,0,1,1,1,0111,LLL Fault
0.724379084899437,-0.9493123638154475,0.23125188373051642,0.0021219882406564097,-0.06400424667306698,0.07798478588487048,0,1,1,1,0111,LLL Fault
-0.992820189890762,-0.0505035691067864,-0.014160804127826707,0.09399619009002243,0.3580035515096848,-0.4441490301025865,1,0,0,1,1001,LG Fault
-0.8660097329287422,-0.06600790788828474,-0.026242001849661814,0.0859666488656564,0.32934897363368015,-0.4068998589881442,1,0,0,1,1001,LG Fault
0.3444350061139348,-0.36700850279920777,0.023781934692153978,0.08289483548329477,-0.8842527958411571,0.8328118126749844,0,1,1,1,0111,LLL Fault
0.05511919524227368,-0.00942658128657064,-0.05433443259546188,0.553952723361872,0.4486051108988023,-0.9976458489860403,0,0,0,0,0000,No Fault
-0.053608106630317294,0.014430212987843255,0.029905910294126287,0.6496151460073786,-0.9484429319209756,0.3299972715316453,0,0,0,0,0000,No Fault
0.03887757773094877,0.06370654536726855,-0.1114244493104098,-0.552228683414442,0.9955016817145728,-0.4458065336717539,0,0,0,0,0000,No Fault
-0.7519043161684361,0.9409277094713475,-0.20138624304412012,0.03718805958819091,0.03364905732740414,-0.05668067602631886,0,1,1,1,0111,LLL Fault
0.8441083258201604,0.08375324674291289,-0.03803246077475548,-0.39072609099685074,0.1840030159170403,0.21916079382890022,1,0,0,1,1001,LG Fault
0.9343601370250534,-0.7559638598898896,-0.1732953907189765,0.029513891688446113,-0.07915806659090002,0.06596164858469186,1,1,1,1,1111,LLLG Fault
-0.6966337081448805,-0.07300369457016445,0.028458689494848213,0.532521810547909,-0.4346971955957476,-0.07609380558450181,1,0,0,1,1001,LG Fault
-0.04862596051447358,0.008017924263463707,0.03153114485593598,0.7076796882963984,-0.9323382172809012,0.255368464044189,0,0,0,0,0000,No Fault
0.05814657456838886,0.026060010810527966,-0.09263572833932328,-0.06755396459090303,0.8956775742021709,-0.8300477874706741,0,0,0,0,0000,No Fault
0.006857388663255554,-0.8317742540163937,0.8251186046542369,-0.4717307023071186,-0.03305443195728271,0.5215566046314799,0,1,1,0,0110,LL Fault
0.9373473734996215,-0.16567945582316101,-0.7683983349504708,0.0723244908510077,-0.0813122958224174,0.025232660220583035,1,1,1,1,1111,LLLG Fault
-0.7056571332638086,-0.26047167910859864,0.95578074064546,-0.049162120876349344,0.03440310131811578,0.02913008040675359,1,1,1,1,1111,LLLG Fault
0.062385430136352865,-0.3165486758843498,0.2532788834046966,0.6475359119983533,0.04927251745880236,-0.6845666040830883,0,1,1,0,0110,LL Fault
0.8228349351040228,-0.8932689944955369,0.07742024837561534,0.01272627936939856,-0.0710585902196231,0.07454059144364344,0,1,1,1,0111,LLL Fault
-0.38580100725568955,0.9855474556108903,-0.6090964849309225,0.06532152154565068,0.007802051216728948,-0.05855123212146898,0,1,1,1,0111,LLL Fault
0.039898627861015425,-0.021925160898579873,-0.026715856105354582,0.8277545839609387,0.07875523810757776,-0.8953052668107911,0,0,0,0,0000,No Fault
0.0902579267290465,0.8129345011795739,-0.9079007367705115,0.08526392464796805,-0.02504990734379298,-0.0450711313552738,0,1,1,1,0111,LLL Fault
-0.030551079227189873,-0.006906661975740582,0.028458692453462373,0.8746274855736417,-0.8218095940953628,-0.02464801281152701,0,0,0,0,0000,No Fault
-0.32063481197594207,-0.645007506605728,0.9618589746267718,-0.04795101987467698,0.00860054573803963,0.05420796865174401,0,1,1,1,0111,LLL Fault
0.06156362745339897,0.01480422128976169,-0.08340765855035857,0.16346825507675714,0.7743404407152784,-0.9380427925569913,0,0,0,0,0000,No Fault
0.9518819461534281,-0.7103183189934394,-0.011954056261837041,0.036337287135877874,-0.3768052326702444,0.36241563990918507,1,0,1,1,1011,LLG Fault
-0.41467010801268317,0.9891017032467255,-0.5841308137212603,0.06360232663375964,0.009818844353055009,-0.05888254419255444,0,1,1,1,0111,LLL Fault
-0.9874903791929687,0.6250210884145694,0.34897838996045355,-0.0016444035817209102,0.051226115689404564,-0.03565587121411689,0,1,1,1,0111,LLL Fault
-0.9715548616592776,-0.04014195853859931,-0.02369432140781437,-0.014586121748797816,0.508265830475394,-0.4883925829190391,1,0,0,1,1001,LG Fault
0.8609259304273572,-0.02444730018790195,0.03362863955195453,0.07918370601128244,-0.6168980465691789,0.5641045675015709,1,0,1,1,1011,LLG Fault
-0.05591275988775062,0.016177370781671238,0.030567640438011794,0.6141217477880883,-0.9571311059540012,0.3744378142079227,0,0,0,0,0000,No Fault
-0.993521133426055,-0.05305005280622434,-0.011527919350119377,0.12336578244354195,0.3148921554481823,-0.4296669857001945,1,0,0,1,1001,LG Fault
-0.9325825326758778,-0.030627279205226378,-0.031203997215448958,-0.10278433132380489,0.6197807948817262,-0.5135916757786074,1,0,0,1,1001,LG Fault
-0.042860951943029614,0.11625225965592659,-0.08321476116548301,-0.9705923561911982,0.29262525378264437,0.6898808731187452,0,0,0,0,0000,No Fault
-0.047813094727924554,0.11639831684408866,-0.07844988043130403,-0.9490447612382645,0.2179123883229877,0.7444068095108197,0,0,0,0,0000,No Fault
0.35146425595774106,0.07593303260499343,-0.06198379737602224,-0.5956936320915899,0.7303519881727669,-0.13204503687637156,1,0,0,1,1001,LG Fault
-0.16313291376632238,-0.05606580492880891,0.044801771595568286,0.6503434308300718,-0.8684137406031044,0.24771918859513647,1,0,0,1,1001,LG Fault
-0.276468605487573,-0.6800494387782425,0.9509732990249842,-0.04737598520358374,0.005584013756672175,0.056705183093810986,1,1,1,1,1111,LLLG Fault
0.14146515661292336,-0.9259925125283675,0.7833991844237911,-0.0337699001724749,-0.023703741440468187,0.07290656268357408,1,1,1,1,1111,LLLG Fault
0.061635578346510955,-0.4111716124316283,0.3491570382560683,0.6642092942992679,0.03238010213166422,-0.6840712140456022,0,1,1,0,0110,LL Fault
0.047621730280114453,0.050634747767035825,-0.1069847607296517,-0.3868460299700264,0.9895060579541075,-0.6055182449432635,0,0,0,0,0000,No Fault
0.9872634988808011,0.06890566048015943,-0.012958747297623753,-0.1299880546438205,-0.27359146634739095,0.42400953197294783,1,0,0,1,1001,LG Fault
-0.06758046481202049,0.10959227133760348,-0.05187393825441353,-0.7669059964288781,-0.15085539206624973,0.937550873612028,0,0,0,0,0000,No Fault
-0.6397259926270005,0.979176740944579,-0.3509675024610454,0.04758219524466824,0.02564834858515195,-0.05894983556721528,0,1,1,1,0111,LLL Fault
0.04540619422342676,-0.816558991158517,0.7715440380896528,0.01640104476103111,0.01057536752728484,-0.012327001356734524,0,1,1,0,0110,LL Fault
0.6364452502406481,0.0843142965534859,-0.05161882319728729,-0.5179253565059092,0.47083802088692533,0.05441914959102219,1,0,0,1,1001,LG Fault
0.8237823247537538,-0.8859625740995597,-0.0318559623636315,0.01426470643293622,-0.20715171234644691,0.21167378247367122,1,0,1,1,1011,LLG Fault
0.5707538386389912,-0.987763254983399,0.4221316216166939,-0.01084263118910822,-0.053158928911450805,0.0799326525272074,0,1,1,1,0111,LLL Fault
-0.07462186372732552,0.12689151991796768,-0.055992799948846504,-0.7313207152189163,-0.0844743989221785,0.834230575984527,0,1,1,0,0110,LL Fault
-0.08102790775458957,0.06642627856154525,0.005045185118504332,-0.05847778714556823,-0.8049168534967578,0.8937177754251505,0,0,0,0,0000,No Fault
0.019665031952649473,-0.02726284770707159,-0.0010250841535647155,0.9703909911856528,-0.2735580232621514,-0.679320886239046,0,0,0,0,0000,No Fault
0.051807048910735565,-0.013888617110415311,-0.046577228110519675,0.64125755015674,0.3493431566308847,-0.9840365345333516,0,0,0,0,0000,No Fault
0.4009483503338214,-0.018941741015361793,0.04187714091446155,0.5501974425578586,-0.9945879148692622,0.47669920105748,1,0,0,1,1001,LG Fault
0.05425343431585339,-0.010772469841652275,-0.05212671846065522,0.5796310170100211,0.4207234233393924,-0.9949814350677648,0,0,0,0,0000,No Fault
-0.045730499021014906,0.005084746002335918,0.03160393447469595,0.7399615285594071,-0.919165509352271,0.20957835894616106,0,0,0,0,0000,No Fault
0.054286469353095265,0.037342036310239295,-0.10026192684598095,-0.20782528399903138,0.9490540797869984,-0.743793989362691,0,0,0,0,0000,No Fault
0.03927523746100636,0.2740693329215464,-0.31613010937003805,0.8454448004159522,0.047525655946748624,-0.8812201719321501,0,1,1,0,0110,LL Fault
-0.7022505915193046,-0.041136752346119375,0.021279054348043724,0.25656475775536486,0.1208447930469557,-0.3654893871539876,1,0,0,1,1001,LG Fault
0.9529141103582256,-0.27120441288364505,0.02036660723905535,0.06787902766264578,-0.5727220143410748,0.5304248766562321,1,0,1,1,1011,LLG Fault
-0.07339032921193926,0.10313714537249062,-0.03949828263904011,-0.6567750313109805,-0.3011912665332907,0.9803166611419545,0,0,0,0,0000,No Fault
0.3560840358124454,0.005258192460301591,0.003560406830514208,0.551291614728323,-0.9608915224521068,0.4412662968319547,1,1,1,1,1111,LLLG Fault
0.9627789264686972,-0.6766325890805465,-0.008903020443590903,0.03954171239727447,-0.39955098410117645,0.38238010428205754,1,0,1,1,1011,LLG Fault
0.31379357795393475,-0.02589535519993958,0.0436093767385369,0.5799113366883933,-0.9961574128090069,0.4485058135189117,1,0,0,1,1001,LG Fault
0.06134047747034296,-0.6225336472793712,0.5614289637942023,0.4409223827354228,0.034397985979277006,-0.4622485069691206,0,1,1,0,0110,LL Fault
-0.8309668520337137,-0.02737961939799085,-0.0566429012821745,-0.03959066929405625,0.589915465983349,-0.5465208059392368,1,0,1,1,1011,LLG Fault
0.9835103813017667,-0.6389519686920202,-0.3369975517225165,0.04161486955418989,-0.08306902713882981,0.057813765947791466,0,1,1,1,0111,LLL Fault
-0.03344295435963267,0.11079846272382511,-0.08667129878544397,-0.9900587189279852,0.4047583294536148,0.5951378726730759,0,0,0,0,0000,No Fault
-0.9990412802103545,0.536005100938895,0.4474555478292648,-0.008752133212531807,0.05229722815655426,-0.029620736236813182,1,1,1,1,1111,LLLG Fault
-0.8953154152401901,-0.06985548747341785,0.012429470408744349,0.3780557786953083,-0.10959683128434167,-0.25248789587782383,1,0,0,1,1001,LG Fault
0.015027956144418812,0.08972814774801556,-0.114017881929791,-0.8290662844123305,0.899129876089639,-0.07003438120441546,0,0,0,0,0000,No Fault
0.5236740665108791,-0.9809875064622887,0.45959246932638087,-0.01466650888121527,-0.04958932377614774,0.08012932413484372,1,1,1,1,1111,LLLG Fault
0.03204336634739859,0.0720680700701231,-0.11303398633960178,-0.6519870984466184,0.9802000396703346,-0.33019162797828294,0,0,0,0,0000,No Fault
0.40792766011404635,-0.9886676119543117,0.582082250110419,-0.021115415644871807,-0.04194605924713446,0.07880702091997711,1,1,1,1,1111,LLLG Fault
-0.007964371895917687,0.10527824739659157,-0.10681452594823804,-0.9648385673012494,0.7121929770817227,0.2565821707078637,0,0,0,0,0000,No Fault
0.9801848892091508,0.055991963535754516,0.0001666041303699673,0.016845006912649587,-0.4873416963545723,0.49459365755559775,1,0,0,1,1001,LG Fault
-0.08189926368860398,0.06908779932907529,0.002694632173753906,-0.014989359945897562,-0.8244432621410999,0.8700110050040271,0,0,0,0,0000,No Fault
0.1304754928796701,-0.016705945615077763,0.0124604426723261,0.6146849034056523,-0.949953482903257,0.36655933617105085,1,1,1,1,1111,LLLG Fault
0.05462294671195158,-0.19202820038966642,0.1363224049246031,0.7820538799841,0.06290506052727919,-0.8333324435738684,0,1,1,0,0110,LL Fault
-0.03522063738484044,0.1098567592627811,-0.08383635009876912,-0.9852205216979839,0.37516913175657135,0.6204375464160203,0,0,0,0,0000,No Fault
0.07461849353322965,0.8217780741911189,-0.9012673438326664,0.08483750395903016,-0.02398103779332489,-0.04573273313290124,0,1,1,1,0111,LLL Fault
0.7498589275440628,-0.9339795529433658,-0.03932595194845624,0.005626019579530399,-0.13312698375795523,0.1449059112262911,1,0,1,1,1011,LLG Fault
-0.5784044400205626,0.9885771085677286,-0.42356183845347717,0.05252702766112616,0.021281143829638437,-0.05945769680315657,1,1,1,1,1111,LLLG Fault
-0.018095063452963744,0.10618237627436097,-0.09726121261113821,-0.9909514290606238,0.5915885847318646,0.40565730515459325,0,0,0,0,0000,No Fault
-0.8802387889153477,0.8441713867088461,0.004939798463884258,0.019857324705855692,0.23736777289067823,-0.2468885833625738,1,0,1,1,1011,LLG Fault
0.924594414394463,0.04142769192601111,0.01192193478510041,0.15425542164431205,-0.663563234070593,0.5363845561833028,1,0,0,1,1001,LG Fault
-0.49966670458926776,-0.47483718217335924,-0.07197943027716326,-0.04869311781803906,0.5528968187713424,-0.4996730944025456,1,0,1,1,1011,LLG Fault
-0.003020473699039002,-0.021439885837733978,0.015616947129063207,0.9896188304875106,-0.5613354691326727,-0.405361238276656,0,0,0,0,0000,No Fault
0.05668158172369592,-0.008819796437952,-0.05634640193701828,0.5153094418902173,0.4883257720029607,-0.9993745388089841,0,0,0,0,0000,No Fault
0.03291206439931298,-0.02981950944160061,-0.011325072165982965,0.9070047233693945,-0.07997394938042414,-0.8130241959314553,0,0,0,0,0000,No Fault
-0.021274949756321535,0.8292393973920252,-0.813081411764738,0.5333183814264771,0.002662802497740837,-0.5225520579018005,0,1,1,0,0110,LL Fault
0.02873403700214911,0.07464713040162,-0.11220067273451877,-0.6972577866063154,0.965588876128169,-0.26991248517459066,0,0,0,0,0000,No Fault
0.6139101342573979,0.0005079226175080812,0.03505930720757108,0.44883918231815373,-0.9482223412271666,0.531080749894466,1,0,0,1,1001,LG Fault
0.673620830825872,0.006717326174268182,0.03232471135127448,0.41133352045378097,-0.9214817949779652,0.5414378567753897,1,0,0,1,1001,LG Fault
-0.04897507117545942,0.009382491558983358,0.030377958304665116,0.7068719241687207,-0.9311693437461813,0.25498731664853486,0,0,0,0,0000,No Fault
0.051158795369820924,0.04201825845505368,-0.10144902761037905,-0.3259040003523554,0.9762181602330436,-0.6530817864517376,0,0,0,0,0000,No Fault
0.12124853625672513,0.7949007098842173,-0.9206237294749441,0.08604159890116574,-0.0271591989466441,-0.04370154872719713,0,1,1,1,0111,LLL Fault
-0.3216702066457501,-0.6635332081296885,0.9816496208370731,-0.04422001687603498,0.007432089715948768,0.05165770173474654,0,1,1,1,0111,LLL Fault
-0.02331789205347156,0.10687217362105751,-0.09264625273507539,-0.9953702264627582,0.5264717664257573,0.4764403268122492,0,0,0,0,0000,No Fault
0.40126708898299795,-0.018939288307459938,0.04187958977285327,0.5502174953475141,-0.9945878744126121,0.47667905717802356,1,0,0,1,1001,LG Fault
0.06074808838866431,0.012506772334078344,-0.0816234343616424,0.1354272879067171,0.7897270368699308,-0.9256060675746043,0,0,0,0,0000,No Fault
0.17536214054231605,-0.204263912021551,0.0281393912706686,0.08803028534683041,-0.8767792194487959,0.8200473489504889,0,1,1,1,0111,LLL Fault
0.7695821608940964,0.017852006869469014,0.02675182933462994,0.33787148647008497,-0.8594143481252455,0.5518493798336269,1,0,0,1,1001,LG Fault
0.8893514494977585,0.0820839302883798,-0.03334703582049514,-0.34414649494188687,0.09277999059785834,0.2654118270344242,1,0,0,1,1001,LG Fault
-0.9037535727470103,0.12847623928788476,-0.04903443338037438,-0.03343952006071294,0.5724530083649569,-0.5348944285306761,1,0,1,1,1011,LLG Fault
-0.014584305039792774,0.7972176086908968,-0.7875796781081459,0.5920912889623428,0.008786343712761765,-0.5877205288655836,0,1,1,0,0110,LL Fault
0.7399104805069981,-0.9336276111554885,0.19770567491226354,0.003461923440904572,-0.06492369848684981,0.07757819810183475,1,1,1,1,1111,LLLG Fault
-0.5664954765809895,-0.42125279781336106,-0.0685049468019575,-0.03212515039931437,0.5694965464176595,-0.5331997174880269,1,0,1,1,1011,LLG Fault
0.040467018085131555,0.06156318621868443,-0.11085083200838275,-0.5258681623842869,0.9969195578393348,-0.4736817217889941,0,0,0,0,0000,No Fault
-0.07238785551043056,0.7435198230381962,-0.676676559509056,-0.1925853529916467,-0.0575330145340135,0.2666142959329961,0,1,1,0,0110,LL Fault
-0.07770864834106934,0.05332160713898089,0.015029923808329643,0.11422818849883119,-0.8866210601709013,0.803808595340762,0,0,0,0,0000,No Fault
0.1452322807864897,0.06719339407669425,-0.06506233633145017,-0.6085662649199434,0.8437856674677182,-0.23472453454675443,1,0,0,1,1001,LG Fault
-0.048675250890372015,-0.3667308684106193,0.41345885145291766,-0.8088242752325357,-0.07537038069236018,0.9026628286760918,0,1,1,0,0110,LL Fault
0.8249116021988755,0.03651265195907938,0.036098888387866936,0.10658749015721622,-0.6410487328516387,0.5612371152829136,1,0,1,1,1011,LLG Fault
-0.006457724479283569,0.10317505842556791,-0.10605564055226631,-0.9597651375107634,0.7217044083424529,0.2418033652090302,0,0,0,0,0000,No Fault
0.007660941799609132,-0.027615134254433515,0.011489765060740908,0.9962470792183894,-0.44630660354342855,-0.5292187734166054,0,0,0,0,0000,No Fault
0.9238312953161031,0.07976048469347191,-0.02843310133749433,-0.29449525654451253,0.0005908588559970125,0.3095675175122164,1,0,0,1,1001,LG Fault
-0.07911726170372434,0.058528245058000056,0.010809942318830795,0.09622664808507284,-0.876849308167697,0.811900675012315,0,0,0,0,0000,No Fault
0.8980749845292286,-0.810823064502594,-0.07997151123973355,0.022983061722041755,-0.07639701026359076,0.06969634131504421,0,1,1,1,0111,LLL Fault
-0.19587672037109652,0.04662283824948994,-0.06526945571857729,-0.569980826199455,0.952589935984787,-0.3842812637055335,1,0,0,1,1001,LG Fault
-0.004575130965671798,0.8626946298943545,0.05288920816591837,0.082473851891265,-0.3947446272636139,0.33443657955432876,1,0,1,1,1011,LLG Fault
-0.8700413973476625,0.05069159774585734,-0.052970908558989595,-0.036693061746538164,0.5830313494560242,-0.5424113423998264,1,0,1,1,1011,LLG Fault
0.795213041625401,-0.9123725491124262,0.12396908467203405,0.009356502879859339,-0.0690332089456136,0.07585548746249514,0,1,1,1,0111,LLL Fault
0.9795930640175855,-0.5767678863151331,-0.0007897902692710988,0.04748130798733858,-0.45568483856589775,0.4316185394507884,1,0,1,1,1011,LLG Fault
-0.06170048277227554,0.02364024121421333,0.02881702961394851,0.5242627106845141,-0.9662716079908805,0.47384903999140776,0,0,0,0,0000,No Fault
0.8322753442108172,0.03673036525001508,0.01688261792705776,0.08786808849009425,-0.615237983990784,0.5537055964415674,1,1,1,1,1111,LLLG Fault
-0.024763686273318822,0.11252334683287821,-0.0974220256072988,-0.998715478454689,0.5313125000880438,0.4748618553202417,0,0,0,0,0000,No Fault
-0.9680033423694581,0.3407239228213541,-0.03681682731467059,-0.02261801477249191,0.5238231278012169,-0.49619191839742127,1,0,1,1,1011,LLG Fault
-0.7091088313204494,0.9590546469369463,-0.2619969632874997,0.04140849834084388,0.03058519106541844,-0.057790296085618434,0,1,1,1,0111,LLL Fault
0.9067473833049159,0.03805878083358608,0.014321778409924636,0.1830865900993553,-0.6975308511065579,0.5420891541078041,1,0,0,1,1001,LG Fault
-0.9928365282801095,-0.05050399392286447,-0.014161224490865038,0.0939952033210736,0.35800356607407885,-0.44414805555832,1,0,0,1,1001,LG Fault
-0.050965020360730875,0.8854991563543532,0.05210110229732859,0.08087270579333891,-0.37183650711316624,0.3126991338881294,1,0,1,1,1011,LLG Fault
-0.8371761963382159,-0.04051170670699759,-0.005893127844596123,0.07712837154619805,0.3721942329046899,-0.4416964633095177,1,0,0,1,1001,LG Fault
0.9851328698623835,-0.5143559343412275,0.004202939827087235,0.05268791047054544,-0.4875861111604929,0.4589047812809651,1,0,1,1,1011,LLG Fault
0.8646320728762124,0.004008529964099046,-0.866529815064494,0.07962611235719158,-0.0767671530101634,0.013280287036562897,1,1,1,1,1111,LLLG Fault
0.04911868753498622,-0.020114032612562022,-0.03738490056599499,0.7116970911147525,0.2584835258890385,-0.962078990270695,0,0,0,0,0000,No Fault
0.4361450373327697,0.5595581291751792,-0.9966362859968518,0.09052760678102069,-0.04850031005046133,-0.026453358538554773,0,1,1,1,0111,LLL Fault
0.8928113869470844,0.0817614584988113,-0.032522864030593054,-0.33626462697994497,0.07746025472142883,0.27311951412738505,1,0,0,1,1001,LG Fault
-0.025106104294325523,-0.007114608865025813,0.022850970547284064,0.912996928794303,-0.7662209609579255,-0.11976269223799796,0,0,0,0,0000,No Fault
0.5363148190119668,-0.9989806297679447,-0.05500951334007268,-0.012369856780461604,0.047083099033027084,-0.02068034793634506,1,0,1,1,1011,LLG Fault
-0.03801748709694647,0.11721161886910116,-0.08903757576706398,-0.9870910261158754,0.366973813581205,0.6306638450515579,0,0,0,0,0000,No Fault
0.44111668839373874,-0.012100284687965455,0.03206631707379493,0.5265159745545872,-0.9761351917350163,0.4816405626259078,1,0,1,1,1011,LLG Fault
-0.05960923286008354,-0.8175661781757777,0.8762626904158829,-0.04265320704829878,-0.009151282115865373,0.06698480463619048,0,1,1,1,0111,LLL Fault
0.057068385551709365,0.03009964297895865,-0.09590173162178275,-0.08491353450653835,0.9048953112206254,-0.8220348503576108,0,0,0,0,0000,No Fault
0.034307316661324756,0.07048008092573123,-0.1138302273212826,-0.6165879218604081,0.9890245558507327,-0.3746766303204006,0,0,0,0,0000,No Fault
0.056095494886098836,-0.24184627327569308,0.18482969159700305,0.7898105236772041,0.01773410217722974,-0.7950815052635618,0,1,1,0,0110,LL Fault
0.7025550003917999,0.26453994112797774,-0.9671967792153695,0.08740584644369848,-0.06624866025072365,-0.00523816966065878,1,1,1,1,1111,LLLG Fault
-0.077476902707594,0.10385628191892002,-0.036565624531673765,-0.5859031589180266,-0.38332314045565247,0.9929473451679874,0,0,0,0,0000,No Fault
-0.28057745968511355,-0.6948692560274456,0.9723439853967794,-0.04654195328648782,0.00520644155087498,0.056253677229865594,0,1,1,1,0111,LLL Fault
-0.5253138346341822,0.993205850639621,-0.47855685910051604,0.05637181827648901,0.017571746403842167,-0.059532893364303494,0,1,1,1,0111,LLL Fault
-0.9318317453873188,-0.06739863985473533,0.007507963823479631,0.32769249933675365,-0.017326041839916356,-0.29601286328515136,1,0,0,1,1001,LG Fault
0.05362112837274762,0.04244581648820005,-0.10408604620862368,-0.24008548112976197,0.9607822280027258,-0.723398972652089,0,0,0,0,0000,No Fault
0.02945216975833955,-0.02736668879468257,-0.010620504314859463,0.9238430029847352,-0.12347382314232513,-0.7855817664805883,0,0,0,0,0000,No Fault
-0.7306440175509968,-0.001011111893966768,-0.04941733487202436,-0.32956439180963315,0.8570223891446702,-0.5279539996439846,1,0,0,1,1001,LG Fault
0.02235833227283845,0.059276048333247615,-0.06620919522512606,-0.6008484555188212,0.9016103962955515,-0.30138484644826175,1,0,0,1,1001,LG Fault
-0.07519075143039278,0.10486662817759189,-0.03972650277272923,-0.6346136430472579,-0.32769335966853036,0.9851015283803292,0,0,0,0,0000,No Fault
-0.8615225778040609,0.09295418519219519,0.7580088903317441,-0.039984026644748254,0.04622844744484412,0.00787790336906008,0,1,1,1,0111,LLL Fault
0.4567060118299118,-0.9991716409340545,-0.05919053875687535,-0.0182281823282359,0.10395962593324964,-0.07276233507906714,1,0,1,1,1011,LLG Fault
0.3929995068789776,0.5978711086172825,-0.9923856555620236,0.09030616760582587,-0.04558517376210916,-0.02920178773665194,0,1,1,1,0111,LLL Fault
0.39299887102742453,-0.9806688423434904,-0.06175068559967421,-0.022718867492908364,0.14188915785881365,-0.106909046994786,1,0,1,1,1011,LLG Fault
-0.067619144198937,0.11303932970817522,-0.05554308911662529,-0.7786361563913364,-0.13305542241699048,0.9311743810075117,0,0,0,0,0000,No Fault
0.015299464474992724,0.572256526022153,-0.5914969904997177,0.7867573832525843,0.03287866237698765,-0.8074522217738925,0,1,1,0,0110,LL Fault
-0.04275604370525751,0.002230829181240775,0.031518898132086214,0.7706010761039377,-0.9039214581585846,0.16332425205110643,0,0,0,0,0000,No Fault
0.5495828060059089,0.43108472275788284,0.05057657367201486,0.0901130141625496,-0.5975906669919521,0.5334725173277249,1,0,1,1,1011,LLG Fault
-0.9958994156029788,0.5746582482861459,0.4055658632760911,-0.005751316211424461,0.051950114953485144,-0.03227580871131636,1,1,1,1,1111,LLLG Fault
-0.02684336479503908,-0.8518865960003882,0.8782980201679828,-0.04102399888608251,-0.011904221220898362,0.06815645748865234,0,1,1,1,0111,LLL Fault
0.042797225069125255,0.2211664865613494,-0.2666610492931372,0.8432846908238797,0.04901203327146167,-0.8805689191220625,0,1,1,0,0110,LL Fault
0.992892637403719,-0.5903231225342678,-0.395081920633038,0.04568100560169744,-0.08386766730408085,0.05455064545901263,0,1,1,1,0111,LLL Fault
-0.7142831822481239,-0.007899295763425627,-0.04690750376824524,-0.28142069296308275,0.8193166553161354,-0.5378040763724024,1,0,0,1,1001,LG Fault
-0.07514605775819404,-0.8086447878318612,-0.07398448140380659,-0.04307019093685591,0.39891278206409825,-0.348404806622826,1,0,1,1,1011,LLG Fault
0.018640897077792165,-0.027156438574652685,-0.00011683872160190255,0.9737438084061912,-0.2882341132546651,-0.6677279995141592,0,0,0,0,0000,No Fault
0.06284547101843581,-0.4388038363444589,0.375547907865307,0.5552906027934768,0.04521696484341138,-0.5879442238766688,0,1,1,0,0110,LL Fault
0.9351407510078257,-0.7551118935131815,-0.17260647315229904,0.02952591217885793,-0.07918234381749267,0.0659743341499062,0,1,1,1,0111,LLL Fault
0.059944072887060586,-0.19918899777546653,0.13809423231824877,0.7168792858680098,0.0515474256410392,-0.7564118971298808,0,1,1,0,0110,LL Fault
0.6209564388267812,0.3668831293256274,-0.9889628896374008,0.08932079329043105,-0.060878504392150715,-0.012630256117002147,1,1,1,1,1111,LLLG Fault
0.7024299246044554,-0.9577418213638723,0.2614688349696214,-0.0001002006306026898,-0.06240773663718281,0.07858605990955814,0,1,1,1,0111,LLL Fault
0.029167666555008954,-0.861186203139554,0.8323502493242563,-0.2278639760153768,-0.009173363355490533,0.25270909928757834,0,1,1,0,0110,LL Fault
-0.14715760198599176,-0.7840549433717311,-0.07459871737400062,-0.04365294871958875,0.4377360742123649,-0.38738052883954616,1,0,1,1,1011,LLG Fault
0.036657274641473336,-0.022990385750842942,-0.02243522867375901,0.8606654269334677,0.017197812060022057,-0.8655777899442273,0,0,0,0,0000,No Fault
0.006219407041362634,-0.0259452306362905,0.011113636016222055,0.9958719261101886,-0.4586859662731728,-0.5162283456913282,0,0,0,0,0000,No Fault
-0.6028655040116458,0.9860077438203069,-0.3943629927446226,0.05058349082871577,0.023038300750009906,-0.05929950897570635,0,1,1,1,0111,LLL Fault
0.05411270261982854,-0.736204973127583,0.6824564047002412,0.19732871679181957,0.023712143477561197,-0.20712041319641333,0,1,1,0,0110,LL Fault
0.27429877161451544,0.6910777416967098,-0.9704999434986223,0.08910396397084222,-0.037604264504416424,-0.036128756039846194,1,1,1,1,1111,LLLG Fault
-0.07983548940244269,0.06109850145444191,0.008801837487716051,0.07975946431293818,-0.8691123525101137,0.8205277399107374,0,0,0,0,0000,No Fault
-0.9628661255116056,0.2536506949256244,0.6971872389415416,-0.02677722944571395,0.05072259222224673,-0.00994333533799496,0,1,1,1,0111,LLL Fault
-0.06688177067648594,0.032994052308740626,0.02430210332931288,0.44050935743496544,-0.9622965317438706,0.5537739283194975,0,0,0,0,0000,No Fault
0.6571189524575338,0.32317398202411807,-0.9809678166081542,0.08862929192492086,-0.06327387791399448,-0.009496093723580856,1,1,1,1,1111,LLLG Fault
-0.6540149401778945,-0.323135060175295,0.9696754577482058,-0.024718031780194827,0.025385522766903396,0.013809886710853383,0,1,1,1,0111,LLL Fault
-0.06719077531444663,0.8028799894124206,-0.7413527273888207,-0.07719672996512898,-0.04943190047754049,0.14266491288164193,0,1,1,0,0110,LL Fault
-0.9192552225971958,0.7960756350148871,0.10746646674388809,0.015444771906552576,0.04584078858704373,-0.04730283112950264,1,1,1,1,1111,LLLG Fault
0.6615863031519216,0.005472610036013216,0.03289110478216608,0.4190086965024685,-0.927282217019959,0.5396528247722506,1,0,0,1,1001,LG Fault
-0.05591261816915647,0.11107606995394609,-0.06466578727938505,-0.8860631805248458,0.06156627391693281,0.8405712742871964,0,0,0,0,0000,No Fault
-0.9744128670989918,0.2983808770464617,0.6636758412447825,-0.024331795612083637,0.05138406816099514,-0.013069280888641916,0,1,1,1,0111,LLL Fault
-0.7396603678181642,-0.07312862190084052,0.025834362040162748,0.5084893817218327,-0.378196153338177,-0.10957089840580238,1,0,0,1,1001,LG Fault
0.004122954687847379,-0.8075695665632674,0.8033240693466258,-0.5031462630437831,-0.03476046947285248,0.5547938672206343,0,1,1,0,0110,LL Fault
0.02820690741704634,-0.8614034946754646,0.8335176104390902,-0.240308286979951,-0.010245390142932513,0.26627877237958164,0,1,1,0,0110,LL Fault
-0.693740290916991,-0.2680981566259717,0.9514113913345562,-0.0460264438076186,0.03351656988965318,0.026889444836619845,1,1,1,1,1111,LLLG Fault
-0.07269892077088842,0.10043463791941351,-0.037214412778242834,-0.6551752634003529,-0.30350620414340357,0.9810715174067217,0,0,0,0,0000,No Fault
-0.06967115377314634,0.1117447197471416,-0.0522118015359205,-0.7482740915644501,-0.17852670828166614,0.9470659940344553,0,0,0,0,0000,No Fault
-0.07606069699479427,0.10579253759889502,-0.039911076264757706,-0.623348782470322,-0.3407447542861674,0.987105867471892,0,0,0,0,0000,No Fault
-0.19205098967510056,-0.7563794429827414,0.9462806743840179,-0.04362394100172261,-0.0009997347993763762,0.059651876809462205,0,1,1,1,0111,LLL Fault
0.04865848939127115,-0.7921530047196319,0.7439595792510171,0.08133984550295079,0.015448574933474367,-0.0824036532125847,0,1,1,0,0110,LL Fault
0.6804044806617069,0.0564225040959397,0.02692795633063349,0.3054337564485382,-0.8080415795066236,0.5320254625529046,1,0,1,1,1011,LLG Fault
0.0013601840427997411,0.09853574952015316,-0.10915491019214148,-0.9239024443015984,0.7922485963017059,0.1339627206790255,0,0,0,0,0000,No Fault
-0.9154267429877654,-0.027284088186994987,-0.03362098643521416,-0.13172195734689401,0.6542361653826395,-0.5196865432288507,1,0,0,1,1001,LG Fault
0.9026709733622221,-0.07379561353050616,-0.8237964440273925,0.0766431246263749,-0.07918645097661092,0.018736391013899588,0,1,1,1,0111,LLL Fault
-0.06158493629151096,0.8424077407412673,-0.7865413242260051,0.02698980250190356,-0.0416662950386216,0.030289194452782355,0,1,1,0,0110,LL Fault
-0.060456987352234134,0.02284907542933975,0.02824791744077771,0.5498227910572068,-0.9636954595919912,0.4455961607302602,0,0,0,0,0000,No Fault
0.04083737375038548,0.06011558609701305,-0.10962747218344317,-0.5250112456506524,0.9956795582772053,-0.47327738155897897,0,0,0,0,0000,No Fault
-0.9476911318776156,-0.033889847223652264,-0.028740618169556437,-0.07357329629421522,0.5839137397417825,-0.5063324670313633,1,0,0,1,1001,LG Fault
0.9773492000677053,-0.662322624523271,-0.30744468507900036,0.03951238233488504,-0.08256176871373466,0.059404942792714015,0,1,1,1,0111,LLL Fault
0.0029133108096574076,-0.024908592020554978,0.013350424777416735,0.9956826227104277,-0.4985990327321478,-0.47536806263418746,0,0,0,0,0000,No Fault
-0.028799651264327517,-0.8345920188663561,-0.07343012216964731,-0.041698557428741095,0.377433140917271,-0.3278928297594765,1,0,1,1,1011,LLG Fault
-0.8064116010759335,-0.10012694627953268,0.8968743548583867,-0.041667556437598285,0.04090412735256969,0.014991253675453212,0,1,1,1,0111,LLL Fault
-0.03426535682298755,0.8712669277992791,-0.8423897836889097,0.40253146577781973,-0.010027629796364537,-0.3784871511693517,0,1,1,0,0110,LL Fault
0.06165527752500327,0.00582082879123859,-0.07555470699039657,0.19875597939942538,0.7480615792839663,-0.9466465277561218,0,0,0,0,0000,No Fault
-0.984339433155891,0.5629936527491436,-0.021312166586215743,-0.007721188262464533,0.436600059568857,-0.4222499799325917,1,0,1,1,1011,LLG Fault
-0.8591133958415826,-0.008134757062610673,0.8545819068746136,-0.03851275907586882,0.044268502374974074,0.008399873235701192,1,1,1,1,1111,LLLG Fault
-0.7877487638526952,-0.15216317005246982,-0.07883477165822049,0.26370389295258756,-0.0019244168488842806,-0.24754850648357984,1,0,0,1,1001,LG Fault
-0.6823501355460752,-0.2829608059400471,0.9550285372011295,-0.04632442336094532,0.03276602135351027,0.027953004075286177,1,1,1,1,1111,LLLG Fault
0.018076772745007703,0.0885859269310687,-0.11572692468433311,-0.8028609640470643,0.9197653164101375,-0.1173362056346379,0,0,0,0,0000,No Fault
0.6956365881212805,0.009198435318909313,0.03115325282478846,0.3955980538156666,-0.909212115081443,0.5447125250365845,1,0,0,1,1001,LG Fault
0.9397383141527444,-0.7460070646463561,-0.18861546177267996,0.030598449440118917,-0.079568379554491,0.06529231476296071,1,1,1,1,1111,LLLG Fault
0.0025711560684969848,-0.013607217928143643,0.020053708665415348,0.9766035273153035,-0.5562375315082357,-0.3975061080778017,0,0,0,0,0000,No Fault
0.2851639863687553,0.6765355276669778,0.05459028858371247,0.08931875396793677,-0.5183734228406832,0.45354837103841683,1,0,1,1,1011,LLG Fault
-0.02568793371861164,0.05767826642193035,-0.06599913405655655,-0.598496858478381,0.9120074462827179,-0.3143370278457629,1,0,0,1,1001,LG Fault
-0.9559603467353841,0.7074104550616819,-0.009163623105768435,0.004687275030813138,0.3521464594104955,-0.3486351024811168,1,0,1,1,1011,LLG Fault
-0.14319443036596885,0.9250021502431776,0.05011119438900835,0.07729342674365602,-0.3237151909151867,0.26725341063759256,1,0,1,1,1011,LLG Fault
0.04434174544447654,0.19447464352235838,-0.24141714261096564,0.8408670082223206,0.049657803938640846,-0.8788028519812048,0,1,1,0,0110,LL Fault
0.06066063657639449,-0.600827838463483,0.5402089066332711,0.3931095952112518,0.036348226307920804,-0.4162962103321722,0,1,1,0,0110,LL Fault
-0.6524096396173402,0.007675461909094275,-0.05354279385018173,-0.3848272108898939,0.9007212626953544,-0.5170727940696042,1,0,0,1,1001,LG Fault
-0.08205995449923605,0.08672855714794872,-0.014571410246127865,-0.3353766763628694,-0.6194674645997574,0.982382196996319,0,0,0,0,0000,No Fault
-0.7988121599146838,-0.07273340532373514,0.021633361696728665,0.46885653052213566,-0.2908362332046533,-0.15885067832646596,1,0,0,1,1001,LG Fault
-0.021771062434839818,-0.009250123350036497,0.02168782326108682,0.9304591424159969,-0.7376739573145396,-0.1663599277594904,0,0,0,0,0000,No Fault
-0.5099966505759244,0.017476852669023556,-0.057706540321475465,-0.4372293275813233,0.9370792495746785,-0.5015796855499027,1,0,0,1,1001,LG Fault
-0.034837295290938465,-0.003581970904516526,0.029371591580419264,0.8429657161165514,-0.8522486225661632,0.03811435452973748,0,0,0,0,0000,No Fault
-0.8641585446727138,0.3415649257123844,0.5094264312018746,-0.11214492024941983,0.06223666326483149,0.06391811170673761,1,1,1,1,1111,LLLG Fault
0.06063005012718141,0.0020093730725254007,-0.07097973808560934,0.3030835343061668,0.674739116647121,-0.976536806282382,0,0,0,0,0000,No Fault
0.9894982913485236,0.06737106101748783,-0.011202081939759644,-0.11071772671564045,-0.30318251210421093,0.4348406961008756,1,0,0,1,1001,LG Fault
-0.0646120712697653,-0.1208214756289058,0.18267757413698185,-0.8034422992378959,-0.08309537898243963,0.9051381777087292,0,1,1,0,0110,LL Fault
-0.004517365575936682,-0.019512389316533554,0.015026776279927243,0.9869696058413355,-0.5724525147938256,-0.391376981521502,0,0,0,0,0000,No Fault
-0.6707962884730133,-0.29774581767483294,0.9584054949250661,-0.04660645179421399,0.03200392810769452,0.029012336990847827,1,1,1,1,1111,LLLG Fault
-0.06666249714970639,-0.0799007990778866,0.14366122696167208,-0.7958741695293937,-0.083716411217215,0.8981828008630273,0,1,1,0,0110,LL Fault
0.04872766815247605,-0.8912843819408445,-0.07242911574823352,-0.0364937804680896,0.34553336683699565,-0.3006062828689118,1,0,1,1,1011,LLG Fault
-0.43744474164576846,-0.5477586332512505,0.9778588880344111,-0.048778310515237386,0.01644778298726645,0.04704130038543411,1,1,1,1,1111,LLLG Fault
0.06012725015548905,0.013485810191859585,-0.08227405954898737,0.16460630392853176,0.7729826588985766,-0.9378003124219073,0,0,0,0,0000,No Fault
0.03703819978731979,0.06880539097121902,-0.11449082790214232,-0.5798542619723922,0.99574554307352,-0.41835620398132606,0,0,0,0,0000,No Fault
-0.429841746498238,-0.06729361117906493,0.039533780349536723,0.6237218748760346,-0.6993373263016687,0.102126424011482,1,0,0,1,1001,LG Fault
-0.07941239523722811,0.09363146626141017,-0.023987698417616075,-0.47732058229620505,-0.4960663169745409,0.9989595462000163,0,0,0,0,0000,No Fault
-0.9982506909884173,0.5490403997484438,0.4335953696330958,-0.007760392592802048,0.052199551238816255,-0.03051557399528146,1,1,1,1,1111,LLLG Fault
0.5748282975065193,0.08323576073413688,-0.05442929436122749,-0.5417980340176276,0.536113536066985,0.011840899995818563,1,0,0,1,1001,LG Fault
-0.05741017942083153,-0.8372806929624085,-0.07390841314745064,-0.04109975478290008,0.3975492861501362,-0.3489910997090017,1,0,1,1,1011,LLG Fault
0.9535129256213444,0.07675997709573715,-0.023377995559837272,-0.24182875649323465,-0.09174618887169782,0.3508506736301852,1,0,0,1,1001,LG Fault
-0.8670343355303499,0.007360072441229364,0.8468912269412155,-0.037931899178747584,0.04477313273607867,0.0073032668876548915,1,1,1,1,1111,LLLG Fault
-0.019534700357667432,-0.010605342687630855,0.020830834758222963,0.940951306989082,-0.7177056568638037,-0.197227138268084,0,0,0,0,0000,No Fault
0.03871806964942158,0.2869307269362857,-0.32858723585054067,0.8457502169179233,0.04711827366289095,-0.8811112835123707,0,1,1,0,0110,LL Fault
-0.7288404561023396,-0.24447174198754495,-0.15829416839303032,0.36549884779060277,-0.17069976085159802,-0.17763522353485017,1,0,0,1,1001,LG Fault
0.06064170212667406,-0.6491014297460992,0.5887657015671616,0.40723363526360806,0.03156795268181143,-0.42558670901952494,0,1,1,0,0110,LL Fault
0.010795156166653925,0.09311549863552006,-0.11321800901387967,-0.8623916377725848,0.8703627866514372,-0.007307687789817611,0,0,0,0,0000,No Fault
0.9911717982639157,-0.38788208433879373,-0.5988584932281398,0.0599472028780538,-0.0843584258889988,0.04074669753187434,1,1,1,1,1111,LLLG Fault
-0.8598372737793739,-0.01802777600202408,-0.03979518342555226,-0.20705821093357407,0.7386439993601408,-0.5301601633902777,1,0,0,1,1001,LG Fault
-0.07555667357688958,0.10640911704660223,-0.041028947777542804,-0.6355287873719486,-0.3263697216462478,0.9846703411871975,0,0,0,0,0000,No Fault
-0.8284390430055621,0.8936949355664813,-0.0781297703140876,0.028570966528615592,0.039177217442079776,-0.05367380296548417,0,1,1,1,0111,LLL Fault
0.05388603662072047,-0.009470595364810796,-0.04619584702155065,0.7968348219933903,0.0523991255120308,-0.8374472712291819,0,1,1,0,0110,LL Fault
0.8912697841299554,-0.8128644593689596,-0.07126000896138791,0.025168947363672943,-0.13816478338114993,0.13044456970590423,0,1,1,1,0111,LLL Fault
0.9048162192796224,-0.8020291075869371,-0.09547665083782182,0.02407641980812332,-0.0768991760055712,0.06911177965269205,0,1,1,1,0111,LLL Fault
-0.5724797232184785,-0.4257071093489871,0.9917338781289442,-0.03233567262070518,0.021286605477402076,0.025624423717738532,0,1,1,1,0111,LLL Fault
-0.05926186287239739,0.8538766422594947,-0.8003414140891922,0.06609990298326171,-0.03864321069820377,-0.012005045570196844,0,1,1,0,0110,LL Fault
-0.6268648652816352,-0.07222997249804938,0.0321097299176954,0.5647657621725118,-0.5162830196386312,-0.025289198628811488,1,0,0,1,1001,LG Fault
-0.3606534601805537,-0.6050428034638556,-0.07417549806265801,-0.048360232957761956,0.5117683876136175,-0.4580979542689133,1,0,1,1,1011,LLG Fault
0.992085852562303,-0.5911690286961303,-0.3958304939474445,0.04566721715025228,-0.0838398201826833,0.05453609490299402,1,1,1,1,1111,LLLG Fault
0.9403859270944144,0.044717849204905444,0.00947331857388723,0.1251281336954106,-0.628158043376065,0.5295120057063971,1,0,0,1,1001,LG Fault
-0.004186542698554953,0.736076897660192,-0.7366467049325779,0.6707148300882836,0.017549485536690557,-0.6754819469537366,0,1,1,0,0110,LL Fault
-0.07636534209885856,0.050495918585478874,0.016277395296465987,0.1899754839803814,-0.9122041691712331,0.7539290683463256,0,0,0,0,0000,No Fault
-0.5326138695203557,-0.45386806684210856,0.9803668652526241,-0.04857845526618358,0.02285252219447982,0.04031463803093069,0,1,1,1,0111,LLL Fault
0.7883787179815526,-0.9117819407005804,-0.035641462958006465,0.00992373714241197,-0.17044398905486108,0.1786219537270504,1,0,1,1,1011,LLG Fault
-0.01166031366599391,-0.014896829725698814,0.017331484332693232,0.9702774897319271,-0.642229777364975,-0.3035392191855531,0,0,0,0,0000,No Fault
-0.2376905622179266,0.9529756502964407,-0.7256334039053941,0.07315517926598197,-0.0025226380060666687,-0.05588504225704316,1,1,1,1,1111,LLLG Fault
0.06245072311545853,-0.5291036366424994,0.46639615875067597,0.47219437352387544,0.04088186648541808,-0.5002103288314106,0,1,1,0,0110,LL Fault
0.6509280052318874,-0.9633977810237794,0.31811178745599333,-0.004843013484778995,-0.058546157476366385,0.07940658825546722,0,1,1,1,0111,LLL Fault
-0.08098971132094869,0.08877182111121527,-0.01754699633880895,-0.3928358951079113,-0.5725557245630315,0.9921917880888157,0,0,0,0,0000,No Fault
-0.5951827329500584,0.9937643241383084,0.031126492294158363,0.050608360695456434,-0.032264609723487686,-0.00297207721339276,1,0,1,1,1011,LLG Fault
0.05230200430551512,0.03979885980916397,-0.10035665958703115,-0.2961738656495377,0.9699386311213609,-0.6764920480696053,0,0,0,0,0000,No Fault
-0.02511693661616806,0.10994443630306414,-0.0942039815388844,-0.9972834448192156,0.515611172233063,0.4894253096218449,0,0,0,0,0000,No Fault
0.20715578326290304,-0.011708992939527693,0.01020632858037998,0.5996354270284688,-0.9629218734210147,0.39486319679444076,1,1,1,1,1111,LLLG Fault
0.0013364709770544844,-0.8072413372121006,0.8059684644536003,-0.5231996579174663,-0.037851266917677456,0.578049877114544,0,1,1,0,0110,LL Fault
0.28935120743331116,0.6798322204171414,-0.974142084723857,0.08931706165918951,-0.03862402939125785,-0.03530330220540271,1,1,1,1,1111,LLLG Fault
-0.020165946084719562,0.8244000743052766,-0.8093242099226002,0.5434480103769874,0.0036964407790349187,-0.5337617953752981,0,1,1,0,0110,LL Fault
-0.06986359417221652,0.037119940004610344,0.023253587750619982,0.3699025394047452,-0.9555531865579714,0.6176966266503925,0,0,0,0,0000,No Fault
0.8526049374711179,-0.007631603764697733,0.03437970015311627,0.07966288101284037,-0.6183507574879439,0.565104400449678,1,0,1,1,1011,LLG Fault
0.6381711011341332,-0.9670118570542796,0.3320598968978695,-0.0058687877655543355,-0.05767230030724744,0.07954464374628653,1,1,1,1,1111,LLLG Fault
0.06153861488455241,-0.6150418021392019,0.5537192085321886,0.4537947688715391,0.03167705779406998,-0.4723824597027821,0,1,1,0,0110,LL Fault
-0.370209021268853,0.030814890513276114,-0.06200346244385435,-0.5053076620139488,0.9624513819995314,-0.4591744711536805,1,0,0,1,1001,LG Fault
-0.4090069700267997,-0.5731595799228678,0.9751463888793763,-0.048677225904117966,0.014535314605423,0.04888870816855011,1,1,1,1,1111,LLLG Fault
-0.38126711495061016,-0.07926853195644805,0.010494446877642779,0.5352149727261463,-0.2161397073768394,-0.30149905775956737,1,0,0,1,1001,LG Fault
0.06123971665769318,-0.38327337339624185,0.32156784877269445,0.672385757197042,0.04891663001745934,-0.7091196895222672,0,1,1,0,0110,LL Fault
-0.5229724188477064,-0.48363432995758543,0.998467432371728,-0.04964524130908772,0.021857524868830268,0.04239812957483359,1,1,1,1,1111,LLLG Fault
0.40712661003191786,-0.9824721133083685,-0.061131910655871015,-0.021860225558228308,0.13262571777187307,-0.09833073899123641,1,0,1,1,1011,LLG Fault
0.9475321076084702,-0.7397281329762,-0.20263060579083747,0.03209948453895511,-0.08026910006210344,0.06450131626260705,1,1,1,1,1111,LLLG Fault
-0.08010555294263963,0.51740157281003,-0.44214105398235465,-0.4742429157293619,-0.07478205037699451,0.5665949436440222,0,1,1,0,0110,LL Fault
-0.5856777472116921,-0.4113831202529286,0.9904496507460174,-0.035728523057498164,0.022860972779552936,0.027422027506812153,0,1,1,1,0111,LLL Fault
0.03252453037633199,0.3760517636100923,-0.4118490745294273,0.8406016265812188,0.04381587337364338,-0.8725839766587644,0,1,1,0,0110,LL Fault
0.055937561319969485,-0.7143670389816714,0.6586428999923756,0.23551732966876082,0.026298535500256147,-0.24804574172416938,0,1,1,0,0110,LL Fault
-0.6815942992005435,-0.2821223290881324,0.9556951529807904,-0.046313044270350254,0.03274224578937888,0.02796582485645624,0,1,1,1,0111,LLL Fault
-0.7199861078112707,0.00022711937088611654,-0.05003702704225273,-0.3377344111061713,0.8639244247314579,-0.5267953308212248,1,0,0,1,1001,LG Fault
0.9691701803853635,-0.27131977593154943,-0.6939749769577875,0.06686408317108399,-0.0831980417777361,0.03262907523648542,1,1,1,1,1111,LLLG Fault
-0.6640855675886713,0.006433514787189675,-0.05298434754831305,-0.377217238888731,0.8951456517849081,-0.519021524774878,1,0,0,1,1001,LG Fault
0.6260642533436169,0.0017478377978379835,0.03453362188689055,0.44153538498643763,-0.9433292340039253,0.53341794779573,1,0,0,1,1001,LG Fault
-0.05994372078920855,0.02513780891663715,0.02502449866870092,0.5730276858397154,-0.9575314633451353,0.416048778324953,0,0,0,0,0000,No Fault
-0.6707919141534487,-0.29775224030049124,0.9584076225496837,-0.04660582519593148,0.0320034410096273,0.02901220342386715,1,1,1,1,1111,LLLG Fault
0.060826134402159955,-0.2258564975103426,0.16386038886574736,0.7028079639467454,0.051158263414121066,-0.7419067225541804,0,1,1,0,0110,LL Fault
0.42725482497938105,-0.9782460149003557,0.5524328888262906,-0.021027912263718286,-0.04283033157625542,0.0796203399468797,1,1,1,1,1111,LLLG Fault
0.3551455251372819,-0.9690049174452396,0.6146522548835865,-0.025266305277395443,-0.03779917331674132,0.0787433358537946,1,1,1,1,1111,LLLG Fault
-0.5968211640329757,0.39876744132794395,0.1879501877917834,-0.19362734317548136,0.07365023351550119,0.13398639831205716,1,1,1,1,1111,LLLG Fault
0.5878096338031814,0.3876373659904919,0.04943297371425426,0.08973320350491029,-0.6055559891114939,0.5419698095371053,1,0,1,1,1011,LLG Fault
0.27881371441290953,0.07290824028767835,-0.06342249598806302,-0.6032494288328464,0.7779392846807425,-0.17295954812766773,1,0,0,1,1001,LG Fault
0.02703520270074164,0.07858211133116558,-0.11474521069105613,-0.7101118747568904,0.9641824864555039,-0.255591242225135,0,0,0,0,0000,No Fault
-0.03941245348009997,0.11446203221816988,-0.08469611595585187,-0.979779194840301,0.3353898392568206,0.6555159589278997,0,0,0,0,0000,No Fault
-0.8243479611132715,0.1721177668091202,-0.031467083731716874,0.033328439480141865,0.46841119960182503,-0.49582324055124727,1,0,1,1,1011,LLG Fault
-0.5159043016875247,-0.47834092678992646,-0.07049866118033016,-0.04960528374511926,0.5654073112136604,-0.511506408288554,1,0,1,1,1011,LLG Fault
0.9256019804699782,0.04142818499016736,0.011922417767655798,0.1543188495077287,-0.663563190377411,0.5363209139904722,1,0,0,1,1001,LG Fault
-0.0783763235239904,0.05671582641520923,0.011753117112630034,0.14196430820366052,-0.8936615432691328,0.7831730294448831,0,0,0,0,0000,No Fault
-0.06235574821282113,0.1154854057379291,-0.06321003134893272,-0.8426780746125785,-0.025817886223065432,0.8861135549219383,0,0,0,0,0000,No Fault
-0.0627984095480936,0.1136428789342875,-0.06082308245170137,-0.8332162234574334,-0.04252721578930422,0.893653031716973,0,0,0,0,0000,No Fault
0.7659933811554261,-0.9295794727673468,0.17019935811678905,0.006279916825015122,-0.06695958716202358,0.07682725650388408,0,1,1,1,0111,LLL Fault
-0.07304326445560667,0.04244601648445075,0.021191936003991732,0.2819998852206806,-0.9392812564916994,0.6892516126891678,0,0,0,0,0000,No Fault
0.12823498057397656,-0.9048104186180013,0.7774610936075067,-0.03616804639346176,-0.022051474049414734,0.07362744346599671,0,1,1,1,0111,LLL Fault
0.33709263120106353,0.07535510697404332,-0.062304412385228485,-0.5974896173630798,0.7402475019234285,-0.14032758965827236,1,0,0,1,1001,LG Fault
0.061197956606739976,0.0018424858581462013,-0.06933385039090552,0.37313661707305457,0.6196414977806302,-0.9906324315158208,0,0,0,0,0000,No Fault
0.9631452740648812,-0.24214635032253937,-0.7148680968312159,0.06864816800905091,-0.08288813574663194,0.030524473513735047,0,1,1,1,0111,LLL Fault
-0.9413816563834975,0.7582228919453887,0.16964773560073138,0.011106802393632804,0.047550847493633544,-0.04469587244959497,0,1,1,1,0111,LLL Fault
-0.08046394055909292,0.06326740760483021,0.007248436833843304,0.04852011913054305,-0.8555189180761565,0.8379985153502427,0,0,0,0,0000,No Fault
0.016043610952539096,-0.8472639088926296,0.831355975879371,-0.38386084338906873,-0.023145415395083458,0.42335673407321966,0,1,1,0,0110,LL Fault
-0.42351773097252504,0.9957429058597965,0.04040621151833904,0.062769832431609,-0.15545276279551823,0.11036004510715251,1,0,1,1,1011,LLG Fault
0.4216421873977275,0.572752834559544,-0.995584423575541,0.09044157533021586,-0.047512946085552836,-0.02737319970601105,0,1,1,1,0111,LLL Fault
0.8032269848622147,0.08495722315557606,0.03861118308707424,0.08301739876520066,-0.6244369814889117,0.5679427086829464,1,0,1,1,1011,LLG Fault
0.05219468688555447,-0.015404521135386248,-0.04529618332229724,0.6421549013926683,0.348044650279645,-0.9836131173107504,0,0,0,0,0000,No Fault
0.061310730989509565,0.007167557882456517,-0.07669281802405707,0.19795877369950027,0.7492151715328101,-0.9470226935980892,0,0,0,0,0000,No Fault
-0.22070070073382295,-0.7383386214315135,0.9542439283024126,-0.04090405383112088,0.00018997067361357228,0.05571249515468269,1,1,1,1,1111,LLLG Fault
0.9445974824522482,-0.24098071638178298,0.022147362878525464,0.06946175571814173,-0.580231483873406,0.5364899256902825,1,0,1,1,1011,LLG Fault
0.045569724944915464,-0.841299852003305,0.7964205714097173,0.03103484471851469,0.007548868645598488,-0.023915668354416997,0,1,1,0,0110,LL Fault
-0.007614379714077087,-0.7581697471479169,0.7655962398809866,-0.5982692947572437,-0.04574044153039903,0.6613574201342445,0,1,1,0,0110,LL Fault
-0.6394733543923177,-0.32911416549215117,-0.06501195466240343,-0.030120266141354456,0.5807268205328493,-0.5466533027350948,1,0,1,1,1011,LLG Fault
-0.030204917730487533,-0.004821817822245004,0.02574853062603083,0.8802993019223951,-0.8112065356093499,-0.04113913381085821,0,0,0,0,0000,No Fault
0.2999299158427036,0.6649247275688082,0.05452054527288851,0.08951434966436142,-0.5237293622324106,0.4588098332964285,1,0,1,1,1011,LLG Fault
-0.017648180899876728,-0.014258050515414872,0.022910028677365746,0.947622256501607,-0.7100142359750421,-0.2117531492927702,0,0,0,0,0000,No Fault
-0.0012537508114443565,0.09777890670930697,-0.10553274595560275,-0.938989784647964,0.7606919480170657,0.18124554396951514,0,0,0,0,0000,No Fault
-0.08261684836901571,0.08025442178610079,-0.007522366444643155,-0.23031439632142858,-0.697557275772138,0.9566130633488659,0,0,0,0,0000,No Fault
-0.05773799813192262,-0.24154822311521515,0.2969708271637036,-0.8152090272129834,-0.08032635754985848,0.9141145334534266,0,1,1,0,0110,LL Fault
0.0625386722597271,-0.3292069715950339,0.26582305298631376,0.6389996747864461,0.04893807527854491,-0.6756669471158269,0,1,1,0,0110,LL Fault
-0.8739569325518909,0.02372711409126774,0.8396857138945928,-0.037325491833540815,0.04523924027495703,0.0062202992124134274,0,1,1,1,0111,LLL Fault
0.6971872306562494,-0.9499736116135667,0.258782857437123,-0.0007271015222619949,-0.061837493680944315,0.07863356028542759,0,1,1,1,0111,LLL Fault
0.9774156986100517,0.07246719316543612,-0.017334052781855666,-0.17747117746371743,-0.19856645193994849,0.39516981051692623,1,0,0,1,1001,LG Fault
0.27792372017209005,-0.9658267862083239,0.690444325055609,-0.02793592643774312,-0.033008071872798896,0.07653801473376222,0,1,1,1,0111,LLL Fault
0.04797187106583242,0.1270100729407033,-0.1773417171906401,0.8312650013395266,0.05098732435784804,-0.8705301386335472,0,1,1,0,0110,LL Fault
-0.7594050822118664,-0.039252326551387995,0.007372450329275141,0.18828455342041503,0.27104584653666786,-0.4500795079301408,1,0,0,1,1001,LG Fault
-0.8583690642831922,0.8684653637404537,0.007891381963127993,0.023134940264802853,0.21098590235514494,-0.22329238166682602,1,0,1,1,1011,LLG Fault
-0.18906146899567322,0.9420146890939708,0.04891741176262415,0.0752858074910929,-0.2985847643189635,0.24365903765519756,1,0,1,1,1011,LLG Fault
-0.8354572559359302,-0.014451435472349377,-0.04199489067629539,-0.23444539104732864,0.7672940558009301,-0.5318941101457451,1,0,0,1,1001,LG Fault
0.8739156382607873,-0.011749435293864845,-0.8575305445691479,0.07915739546187647,-0.07736991340348713,0.014364445271804978,0,1,1,1,0111,LLL Fault
-0.004797029643739426,0.10494966556627679,-0.10958446050072683,-0.9524977996470921,0.7453848783086499,0.21038691738203624,0,0,0,0,0000,No Fault
-0.20894431238956301,-0.058306826284078045,0.0442208077968142,0.6493776422336967,-0.8446339851627613,0.22445652673579392,1,0,0,1,1001,LG Fault
0.23899483641016747,-0.031476643854370434,0.044689626715337424,0.6008924489677905,-0.9908182985289236,0.4220286446048321,1,0,0,1,1001,LG Fault
0.6829243726880407,0.08482943948251381,-0.049185066233471825,-0.4964276377894947,0.41643627743963085,0.08829853626427595,1,0,0,1,1001,LG Fault
-0.9092422512662071,-0.026152545060614187,-0.03441491060907409,-0.14129494664413242,0.6653942130495369,-0.5214579645917611,1,0,0,1,1001,LG Fault
0.7858356239863868,0.14311037461974782,-0.9279500509188956,0.08430630649848926,-0.07169439398648338,0.0034186641847042598,1,1,1,1,1111,LLLG Fault
-0.014952783072148472,0.110134427680449,-0.10475129685681306,-0.9858668964748487,0.6452594173009751,0.34586997411248493,0,0,0,0,0000,No Fault
0.03728538526429181,-0.028956130040106026,-0.016525313600845266,0.8717643853362645,-0.0031188007288919153,-0.8560040220744566,0,0,0,0,0000,No Fault
-0.021005678063258735,-0.012247121003516697,0.024220379693189492,0.9322332806229594,-0.7402411923042787,-0.16552281732027635,0,0,0,0,0000,No Fault
-0.357463838204288,0.9802505775893702,-0.6342503665875222,0.06697260473084785,0.005795699132660977,-0.05816226858398253,1,1,1,1,1111,LLLG Fault
-0.11354346306081546,0.9117893697870937,-0.8051093969863565,0.07850656377859283,-0.011063480247286145,-0.052547698102408766,0,1,1,1,0111,LLL Fault
0.4353417268972802,0.5586887824964334,-0.9973530380711009,0.09051529025992423,-0.04847543568371319,-0.02646635576005734,1,1,1,1,1111,LLLG Fault
-0.03235657498713977,-0.006630162958561085,0.03010087394599606,0.8600273492388477,-0.838616768879004,0.00711694754550868,0,0,0,0,0000,No Fault
0.03672064218294801,0.312948452348042,-0.35259877517333005,0.8450804968323439,0.046247855309030604,-0.8795528553123404,0,1,1,0,0110,LL Fault
0.060963419861895185,0.013823036313255379,-0.08289365291943367,0.07480988718245123,0.8236349366538146,-0.8993793103656956,0,0,0,0,0000,No Fault
-0.6590684785191976,-0.3124688101276381,0.9615478137010234,-0.046870585172595416,0.031229018195126752,0.03006678564225183,1,1,1,1,1111,LLLG Fault
-0.07937012184777305,0.05899201798591238,0.010861545525700459,0.05105096768438517,-0.859181170558457,0.8391927063939628,0,0,0,0,0000,No Fault
0.06041636743680979,-0.00292079982599568,-0.06568965712019711,0.3628884097425768,0.626660045283177,-0.9875087895833468,0,0,0,0,0000,No Fault
-0.2002900384917468,-0.733644249375583,0.9292128844955619,-0.04606231614813887,0.0004133431666835663,0.06065682322926166,1,1,1,1,1111,LLLG Fault
0.33184686267038765,-0.35496250753031283,0.02417771169161166,0.08338479751407846,-0.8848458935681708,0.8329249043322174,0,1,1,1,0111,LLL Fault
-0.6874996182912476,0.9659182074639696,-0.2926741267356633,0.04346999353339889,0.029013555396282413,-0.05825579680098379,1,1,1,1,1111,LLLG Fault
-0.7395009292564069,-0.19234861601177095,0.9232311684651558,-0.016610297339707605,0.02948226834342728,0.0015061697065961582,0,1,1,1,0111,LLL Fault
0.7185128498233178,-0.9426959205415923,0.22801623647937722,0.0013518101422400862,-0.06339186568834922,0.07813300400904685,1,1,1,1,1111,LLLG Fault
0.976302752093619,-0.6017821426602621,-0.0028075139461525333,0.04544598190730687,-0.4422147742590249,0.4199335822028622,1,0,1,1,1011,LLG Fault
0.31898387818632623,0.6572163716847045,-0.9808341241185539,0.08965624210536023,-0.040618055143173036,-0.03361151644452786,1,1,1,1,1111,LLLG Fault
-0.8608996667626467,0.18416973079641916,0.6658909454710477,-0.0268488787390894,0.04482835444520061,-0.0038654045106968193,0,1,1,1,0111,LLL Fault
-0.028936495923506063,0.857399208554274,-0.8337496991513155,0.4589735148673202,-0.004687690200619083,-0.44052011087810594,0,1,1,0,0110,LL Fault
-0.9909881649005811,-0.05623960245269909,-0.008012266173824103,0.16216263147747514,0.256284009483398,-0.4088463668750233,1,0,0,1,1001,LG Fault
-0.07839805707702781,0.0937767716929134,-0.025008257412282513,-0.5037637468704407,-0.470705015604053,0.9996302470220805,0,0,0,0,0000,No Fault
-0.16944833370944018,-0.7538234640864895,0.9188789537888723,-0.045420802852962114,-0.00168506236075836,0.06215183514604584,1,1,1,1,1111,LLLG Fault
-0.048397624096597425,-0.3669204760727085,0.41326804493412,-0.8086049197844379,-0.0753703483270401,0.9024428603486652,0,1,1,0,0110,LL Fault
-0.675964589711191,0.9693175090602932,-0.3075197707840752,0.04450951350563161,0.028190223728341686,-0.058459117076102796,1,1,1,1,1111,LLLG Fault
0.05300948375044426,-0.18470858071035473,0.1305838279182557,0.8201908733327125,0.014231423669055863,-0.8219732512448917,0,1,1,0,0110,LL Fault
0.0011240768350510044,0.6959602419429674,-0.7015526648386853,0.7084897960003297,0.022126344744357797,-0.7180207745019394,0,1,1,0,0110,LL Fault
0.6455524320999968,0.3393258537340441,-0.9834051359563536,0.08882445837685275,-0.06246091771287366,-0.010520163307268317,0,1,1,1,0111,LLL Fault
-0.05575967268607478,0.11407060321389834,-0.0680907915749328,-0.8947833810718856,0.07935823153120608,0.8311850047767471,0,0,0,0,0000,No Fault
-0.08267277234395708,0.07328254668813085,-0.0007468799168484971,-0.07754195108188154,-0.7913569252604145,0.8990152331599675,0,0,0,0,0000,No Fault
0.039604189310433205,0.06086645175480161,-0.10902430177763521,-0.5505474692393919,0.9930688890279178,-0.44501324474502785,0,0,0,0,0000,No Fault
-0.8024231129556736,0.16007868896165736,-0.030299574047383055,0.08326772560137286,0.43811930873091026,-0.51502820019863,1,0,1,1,1011,LLG Fault
-0.8696516769787892,0.2734525508298893,0.5850059171014099,-0.07335570551792087,0.05702186903397666,0.03033981468948443,0,1,1,1,0111,LLL Fault
-0.0816624244376792,0.06802470272425662,0.003526392842607034,0.0006656619982773615,-0.8321996110984756,0.8622180164306895,0,0,0,0,0000,No Fault
-0.3515490450950032,0.17167983724657696,0.1734559944940468,0.4726274697047523,-0.09880864802226422,-0.3583032181084987,0,1,1,1,0111,LLL Fault
-0.7421986663056968,0.950794482941434,0.020136570236097787,0.03720639704449023,0.09160036692207359,-0.11575008454728031,1,0,1,1,1011,LLG Fault
-0.014900534647000844,-0.6989430719590177,0.7131745821613893,-0.6560022086717813,-0.051495846648692334,0.7251080182350229,0,1,1,0,0110,LL Fault
0.9021359743087378,-0.11801401032890535,0.028935493399207424,0.07533117912736066,-0.6046528478007658,0.5554897379981687,1,0,1,1,1011,LLG Fault
-0.013206280545412761,0.10658647043054355,-0.10278512522631067,-0.9813076160666971,0.6544253358237141,0.33195875046318596,0,0,0,0,0000,No Fault
-0.43160099084576825,-0.5708626971636979,0.9976753975755972,-0.04644903089919024,0.015153314209706795,0.04602487874812179,0,1,1,1,0111,LLL Fault
0.04231257828058903,0.05630343205712681,-0.10700486741547525,-0.5100170135330698,0.993683943388074,-0.48627788122398435,0,0,0,0,0000,No Fault
-0.26290349246700434,-0.7044580163874098,-0.07459890022532144,-0.04441602701541815,0.48416559039907825,-0.43392601292743843,1,0,1,1,1011,LLG Fault
0.5895114764115449,-0.9747902264845291,0.3904298550060598,-0.009843396059211997,-0.054197564398165365,0.07998911343360779,0,1,1,1,0111,LLL Fault
0.2657553942970102,-0.9499923915095211,0.6842017631436481,-0.02997478350599677,-0.03158724241257959,0.07713448529407066,1,1,1,1,1111,LLLG Fault
0.04190589714521617,0.0623593475863676,-0.11277204954752208,-0.5007834415065499,0.9999999999999998,-0.5019718464500501,0,0,0,0,0000,No Fault
-0.08212217844614943,0.0899704810555639,-0.01790440421315513,-0.36558676725932954,-0.5944306142352181,0.9871604172161861,0,0,0,0,0000,No Fault
0.7961736988123386,0.12858677849593356,-0.9213267107692221,0.08385933634619172,-0.07233924062377424,0.004523901268267489,0,1,1,1,0111,LLL Fault
-0.5534281763194757,0.01757138405517003,-0.05761169982635259,-0.4419479958439364,0.9370793029774567,-0.4968485600580378,1,0,0,1,1001,LG Fault
-0.07653958327346815,0.05002167495675208,0.017182147162082752,0.16074553587927223,-0.9040293528078721,0.7749065640637663,0,0,0,0,0000,No Fault
-0.07567777498116637,0.04780842442485312,0.01854857706197323,0.1915663643920097,-0.914506244803146,0.7546797312674894,0,0,0,0,0000,No Fault
0.06073393981554565,-0.0006943689859399364,-0.06615454290860245,0.4160169906679888,0.5824454740501867,-0.9957246132910855,0,0,0,0,0000,No Fault
0.6615862543185222,0.005472603286055966,0.03289110368389265,0.41900868499016414,-0.9272822283478209,0.5396528495068765,1,0,0,1,1001,LG Fault
0.015807402534179147,-0.023904201431710355,-0.0008557338834759756,0.9779586406665998,-0.31479866012979874,-0.6448853563397983,0,0,0,0,0000,No Fault
-0.803873915153657,0.0036458997429235003,-0.04492328375082763,0.02408074185611925,0.5350940705593543,-0.5544993058569361,1,0,1,1,1011,LLG Fault
0.992539424409377,-0.3898842438776859,-0.598200382231444,0.060146369033458345,-0.08451264502091806,0.04070414902814042,1,1,1,1,1111,LLLG Fault
-0.05970945941047635,-0.817499531788048,-0.07381544194734264,-0.042628452304602146,0.3918528506450301,-0.34165381364116315,1,0,1,1,1011,LLG Fault
-0.7091453243388657,0.0014669448456024366,-0.05064667600618489,-0.3458155521234872,0.8706093812616652,-0.5255045790953495,1,0,0,1,1001,LG Fault
0.01494381346188772,0.0912448085792658,-0.11530993934113694,-0.8300024699402404,0.9004659116477786,-0.0704571025595371,0,0,0,0,0000,No Fault
-0.5254633545899529,-0.07012352505833834,0.03638800294241507,0.6001958246268209,-0.6180379935990766,0.04287273593053608,1,0,0,1,1001,LG Fault
0.003554343810242686,-0.8176741457640659,0.8142405776304066,-0.5029636252682717,-0.036004388475243856,0.5558782695041867,0,1,1,0,0110,LL Fault
-0.07804599015282913,0.054640177549056715,0.013915610376489668,0.11344765097106693,-0.8854915881768478,0.8034402967588541,0,0,0,0,0000,No Fault
0.044149130172099225,-0.026646839760213523,-0.017360312890917114,0.9232980910804204,-0.10413585671935587,-0.8047403437571993,0,0,0,0,0000,No Fault
-0.05301860576160526,-0.006239317364199323,0.03222283904838564,0.8345121602748677,-0.7472216134597701,-0.06042973627645702,0,0,0,0,0000,No Fault
0.8412908617102706,0.027555016243926554,0.02117597305902841,0.26716763451528036,-0.7900708099719677,0.5520812422182343,1,0,0,1,1001,LG Fault
0.8465399072785507,0.009199386128925143,0.016024254385847484,0.08050489424611752,-0.609456657487638,0.5551972757797349,1,1,1,1,1111,LLLG Fault
0.0013158200141325806,0.09507533969615803,-0.10524117598664288,-0.9272538339963909,0.7791581933820414,0.1506618071162482,0,0,0,0,0000,No Fault
0.9669059598034412,0.05103199925180934,0.00445073920638398,0.06632247200890297,-0.5533523250496284,0.5122483003113201,1,0,0,1,1001,LG Fault
0.25204477673735876,0.07231454756319208,-0.06360935105350736,-0.6052094578636218,0.7868780714784841,-0.18010273663795442,1,0,0,1,1001,LG Fault
-0.999821350582439,0.4827064081284716,0.5016952017803294,-0.012655306012752936,0.052528323014995534,-0.025942695693969363,1,1,1,1,1111,LLLG Fault
0.9686055837703055,0.07440859034214266,-0.019939377194490182,-0.20539247094025673,-0.15298146346929678,0.3767150966000145,1,0,0,1,1001,LG Fault
0.05717878262964825,-0.011289449346684854,-0.0510050713863702,0.6026625035959198,0.3937364135595094,-0.9905748542532979,0,0,0,0,0000,No Fault
0.22178199710334834,0.07093056515180884,-0.06409146800132012,-0.6069437602081196,0.8041593124332115,-0.195973015225441,1,0,0,1,1001,LG Fault
-0.006433681782441171,0.7509376062219117,-0.7493297962422614,0.6543709184270831,0.01565627775682723,-0.6571655738003315,0,1,1,0,0110,LL Fault
-0.3057029155251703,-0.6565492093510555,0.9587213260905136,-0.04777202327658678,0.007592505188397495,0.05505566551090813,0,1,1,1,0111,LLL Fault
0.4825511513613552,0.031167227568014287,-0.0022615924319168415,0.4803254549176923,-0.921579790694106,0.4723628682299744,1,1,1,1,1111,LLLG Fault
-0.9270987771737458,-0.029521741713544436,-0.03201534209053962,-0.11246430282124695,0.6314266413250201,-0.5157528868155145,1,0,0,1,1001,LG Fault
0.03748596187288311,-0.022749552761498475,-0.023498023689921606,0.852752401741966,0.03259620213731205,-0.8733343823398173,0,0,0,0,0000,No Fault
-0.04311854556951209,0.11338738723192422,-0.07980514616875008,-0.9650227181224823,0.2752946282042716,0.7019559696233829,0,0,0,0,0000,No Fault
-0.02099060608673261,0.8291429958923507,-0.8133749350914583,0.5335372895393181,0.002674161106823208,-0.5227831205334991,0,1,1,0,0110,LL Fault
-0.16945022261245393,-0.7538206798687707,0.9188780244029913,-0.04542107092519321,-0.0016848568409758482,0.06215189450914837,1,1,1,1,1111,LLLG Fault
-0.07397203760400176,0.04713399732961825,0.016861860390945622,0.2935443747377246,-0.9378089516081574,0.6761762693436805,0,0,0,0,0000,No Fault
0.05327789869995042,-0.7817839028272423,0.7291132642471886,0.1867357619936847,0.01813465052375233,-0.19081603697479643,0,1,1,0,0110,LL Fault
0.8778272953922632,-0.8323781709710608,-0.02503340606974374,0.021913890987511238,-0.26949006016477545,0.2675256316870408,1,0,1,1,1011,LLG Fault
-0.6889659862482914,0.9720601186886307,0.02453770848895441,0.04247645206033749,0.044207634535764026,-0.072742032898004,1,0,1,1,1011,LLG Fault
0.0031121655322429173,-0.8500573563568831,0.846672864965955,-0.040731652138838774,-0.013446894783360041,0.06943528382682057,0,1,1,1,0111,LLL Fault
-0.03309695352707476,0.11339937191396428,-0.08989343298104377,-0.9933877862645397,0.42125677306727066,0.5816642391871056,0,0,0,0,0000,No Fault
0.05997007969035161,0.005884833818587087,-0.07449627551547147,0.2863863741628149,0.6886012398770593,-0.9739205572769293,0,0,0,0,0000,No Fault
-0.719980442119592,0.0002273042048694029,-0.05003684740730412,-0.33773408218318834,0.8639244117853299,-0.5267956474244383,1,0,0,1,1001,LG Fault
0.05139370332762842,0.04438394860490046,-0.10460030875708536,-0.2845681783669013,0.9713224799668558,-0.6895386135021692,0,0,0,0,0000,No Fault
-0.23093526378766163,-0.7127354107603883,0.9386201050738607,-0.0466377981544889,0.0024955547062230424,0.059112106256939315,1,1,1,1,1111,LLLG Fault
-0.5344524943670572,-0.4713532265948156,0.9975316490478325,-0.04867739201022435,0.022533634787053225,0.040738774206662484,1,1,1,1,1111,LLLG Fault
0.007598795231025546,-0.04670558841308239,0.04588936145704147,0.6419741220320105,-0.9390594116417371,0.3280969646282803,1,0,0,1,1001,LG Fault
-0.6264085466688921,-0.332789939840925,-0.06825830734510233,-0.04731313460000214,0.5800158790571553,-0.528690422016443,1,0,1,1,1011,LLG Fault
-0.03696536028459732,0.11704306923029553,-0.08990967246677643,-0.9894817288097584,0.38133461195335305,0.6184275711276679,0,0,0,0,0000,No Fault
-0.06333576159144527,-0.1325949609802324,0.19300750331801475,-0.8052496734676703,-0.0825910123986937,0.9064364058875723,0,1,1,0,0110,LL Fault
0.8521698039626006,0.08352039241083145,-0.037269981951364856,-0.3832092009106321,0.16890089474323838,0.2270126821427667,1,0,0,1,1001,LG Fault
-0.07955090762481618,0.5610204036279431,-0.48643888482738434,-0.43112976005016584,-0.07243383474477454,0.5209747110107912,0,1,1,0,0110,LL Fault
-0.23017942359876073,-0.7119028259888328,0.9392855008734541,-0.046626073694761724,0.0024715072734029717,0.05912485448320629,0,1,1,1,0111,LLL Fault
0.25216449825898507,-0.03883336293873484,0.04220441000381864,0.6029668412305069,-0.9989536664219041,0.4282385016826139,1,0,1,1,1011,LLG Fault
-0.8855258671106047,0.8399893533891775,0.029975286927310767,0.02091472328682652,0.04332707936365435,-0.05022586040392278,1,1,1,1,1111,LLLG Fault
0.5435666380378904,0.08227031058386863,-0.056074640988159216,-0.5540046520778047,0.573669583526678,-0.014188850863514499,1,0,0,1,1001,LG Fault
0.8114591921422301,0.07040472574137065,0.03793924002002548,0.08241432340981117,-0.6237448944304307,0.5678421624280466,1,0,1,1,1011,LLG Fault
0.03224154771166739,0.37621481294982123,-0.41162427566319193,0.8403798190122832,0.04381233908069056,-0.8723579796784814,0,1,1,0,0110,LL Fault
0.03584639038314029,0.3257633604729867,-0.36458731017877327,0.8445493289748716,0.04579103661701545,-0.8785547900655086,0,1,1,0,0110,LL Fault
0.9909077777777512,-0.6027028160496827,-0.380695250882622,0.04466611044858308,-0.08369073580879488,0.05538794388138467,0,1,1,1,0111,LLL Fault
-0.08308730678295206,0.8981378855678088,-0.8238980874411309,0.07969427835617762,-0.013188946418847672,-0.051572759730935086,1,1,1,1,1111,LLLG Fault
-0.03186622006030111,0.86628172598153,-0.8398710674857627,0.4256324866823135,-0.00787096345624507,-0.4038470108533799,0,1,1,0,0110,LL Fault
-0.9442056290133647,0.19315644501906318,0.7393707810103536,-0.02987446857465744,0.04961205232217454,-0.0057062724586847795,0,1,1,1,0111,LLL Fault
0.05944531638865262,-0.004051871733414545,-0.06372726276584603,0.40536272462583256,0.5911050711238467,-0.9938660271059694,0,0,0,0,0000,No Fault
-0.08000940195766558,0.06144038968260642,0.008907896117578105,0.034599282763206986,-0.8508865458714866,0.8472359797013909,0,0,0,0,0000,No Fault
-0.07888231914428832,0.5824201927087044,-0.5086737426120622,-0.4087109435030692,-0.07110661873635708,0.4971440563906009,0,1,1,0,0110,LL Fault
-0.02728351717877529,-0.009273953190422289,0.027594948246533905,0.8961136179779817,-0.7968062693476292,-0.07166890960393106,0,0,0,0,0000,No Fault
-0.06617246988141205,0.11040638747985305,-0.054087207019209854,-0.7865797615525627,-0.12041909361019826,0.9262629236019801,0,0,0,0,0000,No Fault
-0.9707759582019634,0.28354683830093463,0.6750393462581502,-0.025157308423921214,0.051179312200035645,-0.012032936334532597,0,1,1,1,0111,LLL Fault
-0.029050349840912468,-0.835082180161151,0.8612020006176544,-0.041735548107403375,-0.011272312620309819,0.06822599311838358,1,1,1,1,1111,LLLG Fault
-0.057127641750517856,0.11225965660249948,-0.06478012996166482,-0.8796078252261085,0.04735630926422357,0.8485784234977637,0,0,0,0,0000,No Fault
0.058960729895799674,0.8304202686742114,-0.8944137660097883,0.08439529167768096,-0.02291021337752391,-0.046380493413790226,0,1,1,1,0111,LLL Fault
-0.3058486591444371,-0.6714197731631676,-0.07435198195270196,-0.04643647919816096,0.5005216266043785,-0.4485666227725717,1,0,1,1,1011,LLG Fault
0.8186763923575152,0.08432549586314157,-0.040288688998245406,-0.41267257249581973,0.22899876460683202,0.19531584919075237,1,0,0,1,1001,LG Fault
0.9684057395270551,-0.3435625315437717,0.01579408655386814,0.06352654442310346,-0.5514392886564174,0.5131023012021773,1,0,1,1,1011,LLG Fault
0.3791250349522229,-0.9851576656888396,0.6071178774157806,-0.023295370805120452,-0.03983724179622253,0.07884392168409593,1,1,1,1,1111,LLLG Fault
0.01164369704609332,-0.027336843404014613,0.007133610799181383,0.9912737818069872,-0.38987292808134016,-0.5817368814858688,0,0,0,0,0000,No Fault
-0.03268310255219717,-0.5503759635836634,0.5818461574070253,-0.7567713744274868,-0.06497027865551018,0.8398744685407974,0,1,1,0,0110,LL Fault
-0.8379426366529282,0.8859742635240359,-0.06332869518806072,0.027465262318369092,0.03983702656684402,-0.053237499002710076,1,1,1,1,1111,LLLG Fault
-0.03416469661618351,0.11361952534460934,-0.08905536270886621,-0.9917286674908692,0.40717482134681127,0.594349900041976,0,0,0,0,0000,No Fault
0.06132066004041781,0.002704187352318364,-0.07038764362175073,0.3586529342757584,0.6317478477076305,-0.9884464363836098,0,0,0,0,0000,No Fault
0.017278820237741167,-0.029657785984735494,0.004006491242285859,0.981364527965822,-0.3197271264652283,-0.6432782833751999,0,0,0,0,0000,No Fault
-0.9213664281310504,-0.028406866959748305,-0.03282069182712949,-0.12211020447611529,0.6429126710542868,-0.5177854052420503,1,0,0,1,1001,LG Fault
0.9803487128292989,-0.42959991314496415,0.010091524219808187,0.05815389668425995,-0.5216805258109385,0.48816571198196906,1,0,1,1,1011,LLG Fault
0.5240017548978358,0.45853124274507195,0.051258034656863266,0.09037431551404784,-0.5916217721310755,0.5271283594753584,1,0,1,1,1011,LLG Fault
0.0624940147491127,-0.5388723518458474,0.47638194899249225,0.538232832871615,0.037840091172653564,-0.5633243697879262,0,1,1,0,0110,LL Fault
-0.07932008879726059,0.31184395434083917,-0.23674420037486216,-0.6340241686572132,-0.0820965447480945,0.7342531020558184,0,1,1,0,0110,LL Fault
0.03758367533446558,0.30005902165635323,-0.34052440662444916,0.8454068427037199,0.04668930694707138,-0.8803298935897507,0,1,1,0,0110,LL Fault
-0.6275929427787242,0.981694593754098,-0.36552181748824186,0.04858956628454767,0.02478833082689958,-0.05908353611487445,0,1,1,1,0111,LLL Fault
-0.9267257621229562,0.19018281134496692,-0.045710968285863976,-0.030594512232012906,0.561374017847155,-0.5264577476979476,1,0,1,1,1011,LLG Fault
0.6975597724074031,-0.956501406901203,-0.043767405936527316,0.0003405150511740958,-0.085848463731413,0.102029726464396,1,0,1,1,1011,LLG Fault
0.013041440433189803,-0.024898738557638623,0.003027894653339783,0.9860175251102745,-0.359161733160916,-0.6077606762472486,0,0,0,0,0000,No Fault
0.7174817998565219,0.011678837397149762,0.02994362136180994,0.3795254937477083,-0.8960610466058189,0.5474270661480158,1,0,0,1,1001,LG Fault
-0.07645406646203667,0.05023426208973696,0.01675842949235661,0.17539732792392304,-0.9082525237976958,0.7645192380657078,0,0,0,0,0000,No Fault
0.06053989922963093,0.014522869233184599,-0.08343879240582529,0.10435842021715386,0.8082473323194417,-0.913326575663102,0,0,0,0,0000,No Fault
0.21757024132510508,-0.9496867378718766,0.7340891852719154,-0.03167235831021866,-0.028629908219906013,0.0758231065390435,0,1,1,1,0111,LLL Fault
0.06188301228600984,-0.5989305961846312,0.5372213471366547,0.47843206897249185,0.027734107363772284,-0.4930673019206808,0,1,1,0,0110,LL Fault
-0.08321446932770551,0.05261621684362338,-0.06608353549625633,-0.5863930765442076,0.9339727484765503,-0.34885502628621673,1,0,0,1,1001,LG Fault
0.9315558022041126,-0.7698516359592064,-0.1565726272419177,0.02880908209904586,-0.0790440888797033,0.06655218613269807,1,1,1,1,1111,LLLG Fault
-0.03522672398198729,0.11382252515872214,-0.08820575148800631,-0.9898252724192977,0.3929965018858111,0.6068888334461332,0,0,0,0,0000,No Fault
-0.07997291095136633,0.40063198452144083,-0.3252629981654929,-0.5730481497830994,-0.07952717041069805,0.6704972931938186,0,1,1,0,0110,LL Fault
0.8187708164827114,-0.8873376781386733,0.07540860207213954,0.012065181999817116,-0.07057826621389923,0.07471400260894087,0,1,1,1,0111,LLL Fault
0.5030077390416067,-0.9882493190474405,-0.0564564954441876,-0.015566606624051113,0.06688349791277953,-0.037651262966949296,1,0,1,1,1011,LLG Fault
-0.02503421027177645,0.11406214203858903,-0.09872333709306083,-0.9996370055298638,0.5326438718035597,0.47442918734749717,0,0,0,0,0000,No Fault
0.057834619330533174,0.026568204311126793,-0.09257322378236055,-0.11268820891881387,0.9127174265084054,-0.8021570923918744,0,0,0,0,0000,No Fault
-0.7575560749549254,-0.14771213138588685,-0.05638443594192066,-0.04284213876508891,0.590822941010436,-0.5441854120166996,1,0,1,1,1011,LLG Fault
-0.7217997221577628,-0.20237810478695917,-0.05895301783852833,-0.01219634826234188,0.5766691787360472,-0.5604900982456296,1,0,1,1,1011,LLG Fault
-0.3750118160435413,-0.5926484471689134,-0.07402635059076705,-0.04847076259233672,0.5164854355869489,-0.4627936927557737,1,0,1,1,1011,LLG Fault
-0.016585941753115657,-0.6973790438557695,0.7134905853523196,-0.6636542466332334,-0.05319308403373212,0.734509786462156,0,1,1,0,0110,LL Fault
-0.0424790389156022,0.11475947570920311,-0.08195321644631871,-0.9697086914405905,0.2913465501524961,0.6902978329549719,0,0,0,0,0000,No Fault
0.05667056522533151,0.0298485501216253,-0.09470889485538125,-0.15919396340872094,0.9301089409634463,-0.7732495898155962,0,0,0,0,0000,No Fault
0.2254303489544868,0.7212960554372313,0.05470966714109163,0.08836806458109378,-0.49572395338219366,0.4314223031725705,1,0,1,1,1011,LLG Fault
-0.08064086589766672,0.06432971755251594,0.006765269398692403,-0.027198303491564026,-0.8214611037479242,0.8792135671488411,0,0,0,0,0000,No Fault
-0.07694585798383229,0.051124582825068744,0.016478243519839047,0.1452740842072654,-0.898450940678973,0.784734762190954,0,0,0,0,0000,No Fault
0.04869247107300126,0.04644955613320934,-0.10344788060845206,-0.38436857712862105,0.9859210695821699,-0.6043492485896396,0,0,0,0,0000,No Fault
-0.2876030084772398,-0.6646935473423106,-0.07468329321503986,-0.04755201491636776,0.4862540403540633,-0.4329097941140597,1,0,1,1,1011,LLG Fault
-0.9371563276332215,-0.06692595236933054,0.006670605613524592,0.31901928050398304,-0.0019243763922341811,-0.30301058581065365,1,0,0,1,1001,LG Fault
0.00840334944867312,-0.02655266384723773,0.009558469775726379,0.9947690341914465,-0.431487661119408,-0.5428369626531213,0,0,0,0,0000,No Fault
0.23254553687692153,-0.953923315024347,0.7234922716452811,-0.03111681232586507,-0.029639301639927527,0.07629463590726518,0,1,1,1,0111,LLL Fault
0.5311437985899473,-0.9918354724643202,0.463096779812522,-0.013350953452463177,-0.05048365848328183,0.07972158701618413,1,1,1,1,1111,LLLG Fault
-0.8538948806432344,0.8723487560270211,-0.03156916395569884,0.025295926436624913,0.04103395921580802,-0.052282056463490226,0,1,1,1,0111,LLL Fault
0.04596932899033015,-0.09899439768658053,0.05161615295834937,0.8719968467206181,-0.022032438386409184,-0.8369645469692092,0,1,1,0,0110,LL Fault
-0.8426367351762799,-0.07186859358399343,0.017917670320790925,0.43278082843382887,-0.21613969281244538,-0.19879335622634547,1,0,0,1,1001,LG Fault
-0.8203979550681261,0.8995692306484385,-0.09436031954146709,0.029640086280083754,0.03856071958864773,-0.05411756029557514,1,1,1,1,1111,LLLG Fault
-0.6500070138778358,-0.3032566726926802,-0.06733839947412171,-0.04683442995830983,0.5836939031599313,-0.532918214357909,1,0,1,1,1011,LLG Fault
0.7790355046344842,-0.9176751783388322,-0.0365726347886252,0.008844641156871008,-0.16116618200233662,0.17025004133712557,1,0,1,1,1011,LLG Fault
-0.1824674116674084,-0.7411841091446235,-0.07472453069304882,-0.045712999940248605,0.44536981524594443,-0.3930936189856584,1,0,1,1,1011,LLG Fault
0.8038097534929388,-0.9070321702864759,0.10769270266729856,0.010462341948528847,-0.0696903236574811,0.07541629944232343,1,1,1,1,1111,LLLG Fault
0.002736450165164034,-0.8025390562439967,0.7997559167857824,-0.5134952474423912,-0.035793941072748144,0.5662233718466001,0,1,1,0,0110,LL Fault
-0.07159423001537299,0.11030630218151356,-0.048863863188493624,-0.716258215136223,-0.22355925148559183,0.9608523424506704,0,0,0,0,0000,No Fault
-0.07409198417751381,0.10057189455755372,-0.03609704626951628,-0.6320713430397644,-0.33137218157644627,0.986301123115354,0,0,0,0,0000,No Fault
-0.5726300022397032,-0.41308078734344567,0.9767807300331688,-0.04825344317750331,0.02549323940693047,0.03729793213175297,1,1,1,1,1111,LLLG Fault
-0.3436248608111907,0.0328802424101355,-0.06291397643469276,-0.5163082642217698,0.9639418745746928,-0.4496634814138037,1,0,0,1,1001,LG Fault
-0.06829686132609006,-0.037135989597598666,0.10227326543116996,-0.7863788767745722,-0.0839899030266962,0.8889410161971956,0,1,1,0,0110,LL Fault
0.14753780605922096,-0.037864495044472174,0.04554218397625103,0.621353254426612,-0.9764841157777441,0.3869073966675566,1,0,0,1,1001,LG Fault
-0.6740549441458975,-0.07282381884494898,0.029714970884242423,0.543788039444454,-0.4623418460239494,-0.05922065333887888,1,0,0,1,1001,LG Fault
0.027192243067825306,-0.026022314030907157,-0.009869180413847448,0.9341535774020098,-0.15263182577126136,-0.766208355784919,0,0,0,0,0000,No Fault
-0.8571148777851332,0.17270470508532282,-0.03302168467518356,-0.042814601332956545,0.5269173721526305,-0.4790947479415994,1,0,1,1,1011,LLG Fault
0.054518873321834645,-0.04386565820946134,0.04589909012006594,0.6364693311293829,-0.9536251909138193,0.3484585384754856,1,0,0,1,1001,LG Fault
0.05147921834171951,-0.018007638864169326,-0.04183679497672753,0.6665778292287149,0.3176460541849557,-0.9771253386767029,0,0,0,0,0000,No Fault
0.05676204652780359,0.030399303443289442,-0.09561468251612719,-0.12984554218299885,0.9210860998111887,-0.7934817553972497,0,0,0,0,0000,No Fault
-0.028411171851605355,-0.004860083468421844,0.023865024580436267,0.8935007409660373,-0.7930253461827202,-0.0729017773579204,0,0,0,0,0000,No Fault
-0.02695961863663543,0.10922069192211413,-0.09151812355008782,-0.9963361055129538,0.4876824400626495,0.5169341795762363,0,0,0,0,0000,No Fault
-0.07837646413478987,0.10025164271296207,-0.03193613243594017,-0.5462496924703734,-0.4263309270362462,0.9970126755386217,0,0,0,0,0000,No Fault
-0.7745310677993515,-0.020587685379837354,-0.04622355314319852,-0.2233501445403943,0.7579342932848969,-0.5334813921115521,1,0,0,1,1001,LG Fault
-0.08182949691449082,0.07935205734849698,-0.0071307397140485665,-0.25901261246214957,-0.6784853150601152,0.9659534831074911,0,0,0,0,0000,No Fault
-0.540405576478665,0.018798809922097856,-0.05806862600127978,-0.4485918569042008,0.9405763774304585,-0.49375052341045245,1,0,0,1,1001,LG Fault
0.00901191041363328,0.08986710340469006,-0.10764869083851236,-0.881811142141221,0.8417190236471376,0.04135062310847473,0,0,0,0,0000,No Fault
0.8482057736886403,-0.8642825647106396,-0.02895952415999645,0.01753856240218829,-0.2341954391132396,0.23594817133830154,1,0,1,1,1011,LLG Fault
-0.9218584718796141,0.13190862617615415,0.7785667058671594,-0.03277269120815363,0.04824343783284167,-0.0014057784553528786,0,1,1,1,0111,LLL Fault
0.8574307291595774,0.018448874922652847,-0.8738731223158079,0.08030918013741901,-0.07634317540843427,0.012163385103353748,1,1,1,1,1111,LLLG Fault
-0.05486670644683602,0.016880127621761214,0.028560111763384854,0.6368311414767803,-0.949972300100352,0.3443735589179161,0,0,0,0,0000,No Fault
-0.6776864501698892,-0.2935845436576486,0.9635005045405703,-0.03202484862489437,0.028408911341329973,0.018055313191719137,0,1,1,1,0111,LLL Fault
0.14226049375253774,-0.925355621105283,0.7843451644320926,-0.033742239394223925,-0.02375961045599175,0.07293575613821521,0,1,1,1,0111,LLL Fault
-0.03627055002078134,0.11002570185590037,-0.08296462332668898,-0.9828302745624324,0.3608089353793768,0.6326736653362537,0,0,0,0,0000,No Fault
0.0300249830223792,0.07226065637149022,-0.11095388711814547,-0.6851531905877593,0.9680940101600032,-0.28460184531869653,0,0,0,0,0000,No Fault
-0.6524993250941619,0.9755505287322537,-0.33703597358604614,0.046556189073189924,0.026522458203767516,-0.05881180481102202,1,1,1,1,1111,LLLG Fault
-0.3648460277110487,-0.6093520417499737,0.9699232190465521,-0.048384982767613854,0.011586440707418554,0.051600523524190665,0,1,1,1,0111,LLL Fault
0.058594650578102966,-0.6655369715933777,0.60704284729679,0.30990115551063296,0.03118295748985369,-0.3276038831558922,0,1,1,0,0110,LL Fault
-0.6164098474640438,0.011398189815132768,-0.055152562290070185,-0.4070477526628698,0.9160857776103818,-0.5104494202155421,1,0,0,1,1001,LG Fault
-0.07243826998144266,0.043365001133325566,0.01926324756064115,0.3241920943737666,-0.9454161676436647,0.6531988735755657,0,0,0,0,0000,No Fault
0.04162069111396888,0.060907440049077305,-0.11148127980574975,-0.49988114655818794,0.9986590190209521,-0.5015101037488695,0,0,0,0,0000,No Fault
0.5305545123960236,0.08193739365439628,-0.056573795743219676,-0.5579531455312312,0.5859014607293459,-0.022693885010848902,1,0,0,1,1001,LG Fault
-0.06282767629729924,0.026092126363084105,0.027343978936297968,0.5100736984753362,-0.9654411834630441,0.4872294865982163,0,0,0,0,0000,No Fault
-0.03132769196852486,0.11440219137820143,-0.09279700751893838,-0.9968562133351246,0.45039776124744046,0.5554478787660141,0,0,0,0,0000,No Fault
0.11433238241788203,0.06559141528282168,-0.06535599491390669,-0.6081284289588823,0.8581644366838412,-0.24981516123134478,1,0,0,1,1001,LG Fault
0.015182120608621927,-0.02932401297702073,0.005749711078340925,0.9863799110728924,-0.3485220355143055,-0.6189656250971427,0,0,0,0,0000,No Fault
-0.7260841543555222,-0.22225819629304175,0.9398394213585811,-0.04502180118388273,0.0356698993652723,0.023687946546210828,0,1,1,1,0111,LLL Fault
0.9606613850273666,-0.6731307784015816,-0.008895550830411282,0.0392027161479742,-0.3993364343943605,0.38250137650461336,1,0,1,1,1011,LLG Fault
-0.9692711182303897,0.6618290766312556,-0.01323061163996166,0.0004621211671996181,0.3819072628894056,-0.3747243071366025,1,0,1,1,1011,LLG Fault
-0.07569317852743036,0.050062071428807836,0.015769881840014537,0.2341276086858137,-0.9237161575054709,0.7213903346825186,0,0,0,0,0000,No Fault
0.5051664468124483,-0.9919101664053516,0.49131642117256424,-0.01548750064665224,-0.04858519781196938,0.07992931170371538,0,1,1,1,0111,LLL Fault
0.0030153595534754326,-0.8027289364962163,0.7995636234512987,-0.513274915093034,-0.03579383912198989,0.5660023514730786,0,1,1,0,0110,LL Fault
-0.02652746954966371,-0.6160765043372115,0.641770656232953,-0.7243830765964323,-0.060861197037237476,0.8032132460835011,0,1,1,0,0110,LL Fault
0.3040838605629403,0.6687838178866493,-0.9776660054426064,0.08947758100871264,-0.039610278370889554,-0.03445928256064493,1,1,1,1,1111,LLLG Fault
0.28159472925097,-0.9529273397285304,0.673685578554469,-0.02920837815419485,-0.03265786778166207,0.07745699183828175,0,1,1,1,0111,LLL Fault
-0.0470830364599894,-0.39453055237258244,0.4398790915835814,-0.8051409726448807,-0.07465547446495632,0.8982412900087638,0,1,1,0,0110,LL Fault
-0.9804916184593937,0.6011615758110462,-0.01829575630814858,-0.00469742559406677,0.41688211457854263,-0.40518963603701047,1,0,1,1,1011,LLG Fault
0.04658013015130932,-0.8072875639178366,0.7611926973955019,0.042267257043182876,0.01254587825589528,-0.04026969521539476,0,1,1,0,0110,LL Fault
-0.11431441398775315,0.9109469518851643,-0.8057887331258915,0.07849454493279592,-0.011039204638959504,-0.052560382018648016,1,1,1,1,1111,LLLG Fault
-0.9435144716008551,0.7398129364361226,-0.0061144751265479885,0.007896846292277946,0.3288669989966322,-0.32813196082619295,1,0,1,1,1011,LLG Fault
-0.04706402058735809,0.1134704197832515,-0.07597552888288917,-0.9473115706534491,0.21540438186899655,0.7452246219947883,0,0,0,0,0000,No Fault
-0.17835783502946323,-0.05682719516864962,0.044622758079207334,0.6501824148068445,-0.8606948706863824,0.24001528589996152,1,0,0,1,1001,LG Fault
0.8331411989267545,0.06586547010495504,-0.894966777057266,0.08196656713158439,-0.07475857581033987,0.008886934300108186,0,1,1,1,0111,LLL Fault
0.04275534297988997,0.058316986053396,-0.10986413487954523,-0.485366000632958,0.997232642144871,-0.5146102889037879,0,0,0,0,0000,No Fault
0.6928142430453086,0.25515942610997655,0.04523713203961423,0.08744261509934725,-0.6213898416243436,0.5604007963517331,1,0,1,1,1011,LLG Fault
0.04234023854660674,-0.8322663078016853,0.7903275985988457,-0.03575152464169568,0.006556902332174503,0.04405855182987505,0,1,1,0,0110,LL Fault
0.0611059933909628,0.011107833609401253,-0.08044119960978732,0.1362554008547349,0.7885287222217995,-0.9252153181971168,0,0,0,0,0000,No Fault
0.7126769132715243,-0.9544276874257603,0.24559050704380386,0.0009753890359400497,-0.06317434808168185,0.07828877773699444,1,1,1,1,1111,LLLG Fault
-0.11668963831216815,-0.05368358222105848,0.04526446144226544,0.6499287674931594,-0.890300980881434,0.2704375353266629,1,0,0,1,1001,LG Fault
0.9371152261888289,-0.7599985684102585,-0.17196857901618384,0.02991751637005083,-0.0794706589435709,0.0658754780944534,1,1,1,1,1111,LLLG Fault
0.00020306260616909967,0.09576649298883477,-0.1048309971258476,-0.9328418457029342,0.7694465987992714,0.16616052215118807,0,0,0,0,0000,No Fault
0.9013145327781621,-0.11663422120278145,0.028941422865439284,0.07520625746766703,-0.6045723859967788,0.555533002157083,1,0,1,1,1011,LLG Fault
-0.7581598384430905,-0.042431645085898285,0.009103021238057236,0.2036570338114679,0.22656226123622955,-0.4201650142049761,1,0,0,1,1001,LG Fault
0.9432499536244354,-0.7491249238593413,-0.1865612949500596,0.031032361349993435,-0.07990966538167955,0.06520501472479921,0,1,1,1,0111,LLL Fault
-0.7214119981932058,0.9599656441587526,0.02192041862478078,0.03933223121712469,0.07270410944143972,-0.09862671352656953,1,0,1,1,1011,LLG Fault
-0.06931336616317459,0.11020173147960599,-0.05090888360111556,-0.7473580130984878,-0.1798516409167519,0.947497562140828,0,0,0,0,0000,No Fault
-0.743320913549967,0.3628137745996634,0.3701228168744074,-0.05460571072415496,0.04971979647272369,0.018980749331588276,0,1,1,1,0111,LLL Fault
0.01757363615067712,-0.8655359175968257,0.8483910913485169,-0.36042475686492087,-0.022596038360701086,0.399298712174463,0,1,1,0,0110,LL Fault
0.3582144403328747,0.6168847792081149,0.05408249355460622,0.09012697365394588,-0.5438877701002374,0.4787365295442953,1,0,1,1,1011,LLG Fault
0.16498846503788764,0.7629135106363123,0.054570975075449765,0.08718060491882076,-0.47120048334304276,0.4076240707002086,1,0,1,1,1011,LLG Fault
0.5871267916333821,0.06151375189796079,-0.003561695554654472,0.3911153483225604,-0.855482277297293,0.4944576715284915,1,1,1,1,1111,LLLG Fault
-0.9064189280527261,0.8090079280468275,0.0009551356852622022,0.015481540562201362,0.27166516017294695,-0.2774494307928926,1,0,1,1,1011,LLG Fault
0.5956702521485306,0.3961755895705095,-0.9932804448211664,0.089636340620277,-0.05917969243428899,-0.014677689523047065,1,1,1,1,1111,LLLG Fault
0.9291254813708814,-0.7630100974749321,-0.01702677843960353,0.03106283935359335,-0.337211446857335,0.3273589312071784,1,0,1,1,1011,LLG Fault
-0.9970001527522293,0.44231188587417836,0.5417761291592436,-0.015480979748515304,0.05249697396596523,-0.02307758666888666,0,1,1,1,0111,LLL Fault
0.9577924822789552,-0.7178727700429566,-0.23232999712840885,0.034217600533794704,-0.08101707555529992,0.06313975589824647,0,1,1,1,0111,LLL Fault
-0.06542811024381702,-0.09191026037633038,0.1542693588911486,-0.798271208924543,-0.08329016157001622,0.900151856835015,0,1,1,0,0110,LL Fault
-0.08142933428055175,0.07896506710583474,-0.007013236766756565,-0.2733140077869112,-0.6686246814149048,0.9702450380169679,0,0,0,0,0000,No Fault
-0.051923836901548594,0.876969345307947,-0.8306491411022132,0.18219151007662432,-0.02932319603176188,-0.13790130752782098,0,1,1,0,0110,LL Fault
-0.11338133646911641,0.9116230621015664,-0.8050137064387982,0.07852580083925051,-0.011078640163212016,-0.052551536916371974,0,1,1,1,0111,LLL Fault
-0.05985676880712759,-0.1994620097504311,0.25674207386084563,-0.8130452797327193,-0.08109836267494899,0.9127317046086117,0,1,1,0,0110,LL Fault
-0.983920597455262,0.45540365072381844,-0.029215645280420886,-0.015456200335594958,0.4841559778990142,-0.46295282214798894,1,0,1,1,1011,LLG Fault
-0.520064851690215,-0.46838161466809347,0.9801421644465173,-0.04866923636486217,0.021985685063286423,0.04128894484495253,1,1,1,1,1111,LLLG Fault
0.05791701250001499,-0.0035087449674698623,-0.06304174008564609,0.4460055124646759,0.5556170915588179,-0.9984551478117221,0,0,0,0,0000,No Fault
0.7882189864193996,0.020299713770224548,0.02540729721402625,0.3205916409070565,-0.8432861136070683,0.5527407448505975,1,0,0,1,1001,LG Fault
0.052833360296981116,-0.012685562331686624,-0.04880083063097135,0.6170627665908957,0.3781650826308994,-0.9891464708231963,0,0,0,0,0000,No Fault
0.5450651613188352,-0.990251982766357,0.45009653122824705,-0.012411781303868087,-0.051435664954268,0.07974999720766697,0,1,1,1,0111,LLL Fault
0.2238424077630538,-0.03256628706240815,0.04486535729066363,0.6046633552581088,-0.9890275803898942,0.41642304124968954,1,0,0,1,1001,LG Fault
0.1918597325364246,-0.012879078824530852,0.010704374381851952,0.6030370136596889,-0.9610026439238064,0.389496943819699,1,1,1,1,1111,LLLG Fault
0.0031870338694065152,0.0985858752813834,-0.1111603086197429,-0.9124751220849251,0.8120019716079129,0.10237687694102982,0,0,0,0,0000,No Fault
0.5102610726941899,-0.9813254469485743,0.4732291821619939,-0.015603470667364956,-0.04864668221052697,0.08010824033959738,1,1,1,1,1111,LLLG Fault
0.5293321378055069,-0.9876928515439927,-0.055015047977003,-0.013684195194176782,0.04788095595753217,-0.020175520814532756,1,0,1,1,1011,LLG Fault
-0.3615914288275933,-0.6313088612774892,0.9889027072787644,-0.04058923013183742,0.009062295286569107,0.04635614794585543,0,1,1,1,0111,LLL Fault
-0.16521703111969274,0.048733206462531826,-0.06552573576365117,-0.5765064657611884,0.9473329098660248,-0.37238154064652673,1,0,0,1,1001,LG Fault
-0.8689055029769385,0.19998084037705646,-0.03334005839967818,-0.06821277923498283,0.5303801749681987,-0.45715774990831626,1,0,1,1,1011,LLG Fault
-0.04730641305488692,0.8823699486779897,-0.8406314016276769,0.24550850506805894,-0.024003615840613286,-0.2068066956893259,0,1,1,0,0110,LL Fault
0.7968214901315642,0.12770026969897147,-0.9209894738061613,0.08395077200160639,-0.07241044109142009,0.004504774806429344,0,1,1,1,0111,LLL Fault
0.02664105802589377,0.8464610981132369,-0.8808440021299558,0.08342875149228972,-0.020720922794762946,-0.04764222482740668,1,1,1,1,1111,LLLG Fault
0.940091950709001,-0.22577975322231705,0.023025933294993493,0.0702406552094509,-0.5837805710140438,0.5393253976864303,1,0,1,1,1011,LLG Fault
0.027751301681500473,-0.024451105389720472,-0.012144078296244344,0.9277799479522306,-0.13614275191776876,-0.7766198079372282,0,0,0,0,0000,No Fault
0.02756664060119171,-0.027485711197513897,-0.008632470081199608,0.9350198454160493,-0.15388535727371674,-0.7657996028976162,0,0,0,0,0000,No Fault
0.19017334468157024,-0.9268290805790644,0.7381421456513605,-0.03354381824937576,-0.026326626979820293,0.0753525385232877,0,1,1,1,0111,LLL Fault
0.038227735375041365,-0.8472157989689301,0.8093853055292224,-0.10063524558550588,0.001410288884601988,0.11435857055077149,0,1,1,0,0110,LL Fault
-0.05525696607434645,0.11572393534067028,-0.07039057863424256,-0.9024995113211799,0.09600063932511368,0.8219633689372969,0,0,0,0,0000,No Fault
0.9827128848667981,-0.5381761667069362,0.0022190467589484827,0.050484458697009946,-0.47507241778801906,0.44836291498831143,1,0,1,1,1011,LLG Fault
0.02693148092240354,-0.022683363263873983,0.004556374552696901,0.9996164774464982,-0.39774379525075804,-0.5820814661572935,0,0,0,0,0000,No Fault
-0.1126286279141127,0.9128592438204378,0.05083600056187198,0.07853131358844471,-0.34007263824844247,0.2826800967924952,1,0,1,1,1011,LLG Fault
-0.9897681400782838,0.6128607610247065,0.3634349385912221,-0.002677090178982891,0.051426054072470015,-0.03482417765800813,0,1,1,1,0111,LLL Fault
-0.86193956710482,0.8647954843766877,-0.016016804875554572,0.02420347124413154,0.041623521031602766,-0.05178745463608765,0,1,1,1,0111,LLL Fault
0.1301510270449046,-0.04688715812955514,0.04631087011784687,0.6287061237781542,-0.9807200613594035,0.38385136601090697,1,0,1,1,1011,LLG Fault
-0.8621820842783815,-0.04438963766147094,-0.02795537488344583,-0.021435956025598897,0.5082658919695021,-0.48152465122130467,1,0,0,1,1001,LG Fault
-0.052922516993999205,-0.3040751164043436,0.35470737679829856,-0.8143213989404309,-0.07788055885932874,0.9107323404748353,0,1,1,0,0110,LL Fault
0.04834038416328178,0.05245498736699611,-0.10907069148048693,-0.37412752551763734,0.9900733022634405,-0.6188484753122621,0,0,0,0,0000,No Fault
-0.06757918329701831,0.03409937081223652,0.023884379968779026,0.4264237980823842,-0.9611859238766263,0.5667651475528083,0,0,0,0,0000,No Fault
0.4907943278436835,-0.9927098578152255,0.5039785301923209,-0.016582774709109474,-0.047559760902783785,0.0799825933861806,1,1,1,1,1111,LLLG Fault
-0.08299624125391952,0.0798027735778222,-0.00683418527927247,-0.20061015772505825,-0.7170537108935531,0.9466964834558709,0,0,0,0,0000,No Fault
0.06251109822083202,-0.35408469782175106,0.2909094669210358,0.6212456735865794,0.04822019953302362,-0.6571343784899553,0,1,1,0,0110,LL Fault
0.2055804904870845,-0.9317337030784593,0.7278750943057775,-0.03285363750964209,-0.027389835835806245,0.07574391286232664,0,1,1,1,0111,LLL Fault
0.020607707596786165,0.08049435882531035,-0.10974604124605608,-0.78912140700332,0.9195603063814153,-0.13090328653783098,0,0,0,0,0000,No Fault
-0.07161845608389049,0.04266819370689592,0.019009259993269405,0.35269949077977536,-0.9494424021338603,0.6287185376185297,0,0,0,0,0000,No Fault
-0.11418217475898362,0.9107532830769987,-0.8057249711803229,0.07851365206887534,-0.011054104014058723,-0.052564357697542044,1,1,1,1,1111,LLLG Fault
0.5360960423311129,0.04599275291040997,-0.003428453515181269,0.4388802265696502,-0.8919903858590141,0.4837670660355393,1,1,1,1,1111,LLLG Fault
0.9534291620985075,-0.21279280810354356,-0.737076116063022,0.07020089335465729,-0.0823337712164251,0.028402748833856697,1,1,1,1,1111,LLLG Fault
-0.3712783718811203,0.9834542456059603,-0.6213942782714832,0.06615867000801003,0.006789473049211476,-0.058358806624638174,0,1,1,1,0111,LLL Fault
0.06164297907077962,0.0138221892494792,-0.08245510619362251,0.1788443075714048,0.7644177999715911,-0.9433486732564663,0,0,0,0,0000,No Fault
0.5706074365601161,0.4238929679589145,-0.9962359672332739,0.09000165728667273,-0.05752986215183763,-0.01672511468421663,1,1,1,1,1111,LLLG Fault
0.16194458566352618,-0.19130979613874802,0.028446148344061666,0.08831167402489726,-0.8748816892804357,0.8178316755649664,0,1,1,1,0111,LLL Fault
-0.3428548389283702,0.9778120318619733,-0.6462879968812288,0.06777387756345712,0.0047825658999041155,-0.057933305097548335,1,1,1,1,1111,LLLG Fault
-0.05235262223772017,0.01204088317056213,0.03118888223844287,0.6622069197236679,-0.9466298250717804,0.31552459990355175,0,0,0,0,0000,No Fault
-0.7942608519464258,-0.021831638531613833,-0.03394378492408712,-0.1433686711931934,0.6872031939839109,-0.5416015835101001,1,0,0,1,1001,LG Fault
0.05561700673527742,0.03445186024932637,-0.09882727264829536,-0.14710034683933554,0.9294184122951273,-0.7846716344783449,0,0,0,0,0000,No Fault
-0.8332701756209872,-0.053761226637444676,0.8770796351743116,-0.04015095670320902,0.04263857352784043,0.011703273238517477,0,1,1,1,0111,LLL Fault
-0.05067842930350058,0.11627621383763014,-0.07548559571352335,-0.9333051600382545,0.17246276618530812,0.7749375779868848,0,0,0,0,0000,No Fault
-0.17374167415919847,0.9364481061520128,0.04932888093781479,0.0759802132465425,-0.3070415004211549,0.2515800064816759,1,0,1,1,1011,LLG Fault
-0.9568604349076585,0.7263781043948315,0.2146653734012031,0.00786000527357291,0.04870892395757448,-0.042620520246638115,1,1,1,1,1111,LLLG Fault
0.030660581670471573,0.40075050525788636,-0.43477820934309935,0.8372936991247782,0.042737570950637724,-0.8681685144645698,0,1,1,0,0110,LL Fault
-0.0823162080784614,0.8989804495959229,-0.8232186049398497,0.07970629720197453,-0.013213222027174313,-0.05156007416572076,0,1,1,1,0111,LLL Fault
-0.046068508132132605,0.8827823283899385,-0.8423783327314082,0.25822877583686643,-0.022912943392272733,-0.22067205804397516,0,1,1,0,0110,LL Fault
-0.6405798780733022,0.9783900065032882,-0.3517016357210951,0.047562061868882025,0.02567901148939654,-0.05896089194506034,1,1,1,1,1111,LLLG Fault
-0.010533115088069886,-0.01545051409508532,0.01676974154068175,0.9735137481596133,-0.6307734120698284,-0.3184578247908301,0,0,0,0,0000,No Fault
-0.07249295133854086,0.04132969152881657,0.021766510350459574,0.2969805640667508,-0.9427811758563363,0.6777975515264579,0,0,0,0,0000,No Fault
0.4490946435630495,0.5462306470374092,-0.9984917392922528,0.0904962933130441,-0.04938536400206224,-0.02552011285275361,1,1,1,1,1111,LLLG Fault
-0.01840761894598959,-0.015015836901466705,0.02455793646675182,0.9435621726369858,-0.7214836752412354,-0.1959952137278348,0,0,0,0,0000,No Fault
0.9099635742676777,-0.7878619204893405,-0.020044425530459924,0.027375366022514627,-0.31218592759135594,0.30555576399058504,1,0,1,1,1011,LLG Fault
-0.07425644874733149,0.09863087429256132,-0.033859901499624076,-0.6191073863898104,-0.34688164134092364,0.98910656892445,0,0,0,0,0000,No Fault
-0.5842438053100107,0.008290431447310571,-0.05650059649088046,-0.39857503212358464,0.9111925651998504,-0.5139585348052791,1,0,0,1,1001,LG Fault
0.004384891784072627,-0.022738623684739053,0.009440274820908999,0.9943512066154381,-0.4696465353213309,-0.5035350319431576,0,0,0,0,0000,No Fault
0.059894532918232504,0.016475292104211434,-0.08504113209054746,0.11815314751282785,0.8016228568628693,-0.9204076901558497,0,0,0,0,0000,No Fault
0.8650492672320322,0.031114729602344515,0.018953938032533146,0.23960543119306957,-0.7608549413872588,0.5499462333951912,1,0,0,1,1001,LG Fault
-0.2823461310264698,0.9658530957363314,-0.6919042755164648,0.070940549044871,0.0006043471031407059,-0.05685086344535424,0,1,1,1,0111,LLL Fault
0.06094153489140795,-0.6010149242199954,0.540011080242026,0.39333125476484526,0.036348808883682256,-0.4165190511741711,0,1,1,0,0110,LL Fault
0.05802658702908075,-0.7131183825776569,0.6555538945471022,0.3112643044504026,0.027618796201388227,-0.32533884935062113,0,1,1,0,0110,LL Fault
-0.8160722193099605,-0.0015766017508976457,-0.046863670520961694,-0.022326041352833823,0.5629411935751839,-0.5363450549854982,1,0,1,1,1011,LLG Fault
0.0570544360312129,-0.010277162134566087,-0.055114788968213514,0.5161721394452772,0.4870774076238562,-0.9989674695252277,0,0,0,0,0000,No Fault
0.039293757663330965,0.06414127591705371,-0.11241725810680143,-0.5400051011514194,0.9976199012909683,-0.4602209387657452,0,0,0,0,0000,No Fault
-0.46674229274407547,-0.5380142027004526,0.997261207954683,-0.03741212027955971,0.015405381795560474,0.036707158780311736,1,1,1,1,1111,LLLG Fault
-0.054362028017051416,0.11586916563113998,-0.07142387518012441,-0.909111108326047,0.11134677073833515,0.8129551483983449,0,0,0,0,0000,No Fault
-0.019650170151908706,0.8707339027119081,-0.8570097542868084,0.08193041191729879,-0.017518893836150108,-0.04940270524072703,0,1,1,1,0111,LLL Fault
-0.07151124106711595,-0.8285990040795015,0.8992218317409566,-0.040330405570400775,-0.00928124991344804,0.06478827914918205,0,1,1,1,0111,LLL Fault
-0.08156274981773849,0.07419970280464418,-0.00209906350678242,-0.1972933805957614,-0.7218532386485785,0.9482615190990071,0,0,0,0,0000,No Fault
0.004658798735482101,-0.8226013398434444,0.8180910092151855,-0.4926442242027498,-0.03509018307984612,0.5445999561044487,0,1,1,0,0110,LL Fault
-0.6866510234689885,0.9667120254502679,-0.2919427641505369,0.04348936051863484,0.028983475067799268,-0.058244562333831185,0,1,1,1,0111,LLL Fault
-0.020421564445417355,0.8698910465431418,-0.8576895298477881,0.08191839142688696,-0.017494619846089472,-0.04941539080594135,1,1,1,1,1111,LLLG Fault
-0.04283630007440007,0.005551506109194053,0.027861089274168006,0.7779196848375759,-0.8947422245431644,0.14663281520923396,0,0,0,0,0000,No Fault
-0.8156445767544603,-0.028825877661229342,-0.04956781973837926,-0.04713167107953982,0.5803592702484152,-0.5292222725417041,1,0,1,1,1011,LLG Fault
-0.07123108498585944,0.041133257293776426,0.020305922599630186,0.3536083608985664,-0.9507574908568436,0.6291473024672833,0,0,0,0,0000,No Fault
-0.4090042267653791,-0.5731636148153865,0.9751477301177973,-0.048676832841153345,0.014535011989680241,0.04888862242184646,1,1,1,1,1111,LLLG Fault
-0.0807523491344026,0.09497389432947119,-0.02428378326541069,-0.451317638374657,-0.5196054200774228,0.9968734575203779,0,0,0,0,0000,No Fault
0.9129223802084826,0.03919003836594648,0.013527579152188697,0.17351307616995912,-0.6863727581282124,0.540318212596639,1,0,0,1,1001,LG Fault
0.8144596347731349,0.08435176227945591,-0.040262333988272586,-0.41295346614479733,0.22899872576844796,0.19559752546325263,1,0,0,1,1001,LG Fault
0.094940084367176,-0.9080520167692386,0.8115311195721124,-0.03691302899138431,-0.020202760493332552,0.07249060707316507,1,1,1,1,1111,LLLG Fault
0.5999234925777024,0.08372481109008903,-0.05333699121446064,-0.5326574435845423,0.5103897851865077,0.028887974589010663,1,0,0,1,1001,LG Fault
-0.01693833331768328,-0.017032624654563906,0.02525480395296329,0.949264684078508,-0.7123909055784112,-0.21097816234034728,0,0,0,0,0000,No Fault
-0.0615861474163332,0.027277246040657035,0.02450609159489795,0.547201339023097,-0.9599021631652155,0.44435928266890046,0,0,0,0,0000,No Fault
0.5118554361558697,-0.009334959274996803,0.03885633821616886,0.5033465097111868,-0.978998082305428,0.5077886719688478,1,0,0,1,1001,LG Fault
-0.055632726025640636,0.01988653342531279,0.026019765927773428,0.6350513457945111,-0.9473969106682186,0.3435338117675649,0,0,0,0,0000,No Fault
-0.08127815160405583,0.093352922181463,-0.022135705042169933,-0.4231464785541216,-0.5451107568318665,0.9946169522141695,0,0,0,0,0000,No Fault
-0.07959255872755126,0.05982296885892837,0.010373973016645034,0.02054288407767894,-0.8458569249646762,0.8562045786673583,0,0,0,0,0000,No Fault
-0.9226207553642531,0.13107477620655406,0.777895960691434,-0.03278471005395053,0.04826771182290231,-0.001418462371592124,1,1,1,1,1111,LLLG Fault
0.8872903081457083,-0.8327081388663309,-0.047234369948146185,0.021313997961981752,-0.07573916571375544,0.07069950024586766,0,1,1,1,0111,LLL Fault
0.001407875462862237,0.695827602936952,-0.701809089273096,0.7087104309588312,0.02213345702344556,-0.7182492399979024,0,1,1,0,0110,LL Fault
-0.4564064820018138,0.247829166701626,0.19950868060782967,0.28043885621436965,-0.04049935533177652,-0.22502088020866168,1,1,1,1,1111,LLLG Fault
0.9620373348935591,-0.24057404005972996,-0.7154373079722719,0.06849595067561737,-0.08276554076896368,0.030552172996962668,0,1,1,1,0111,LLL Fault
0.061216493290336835,-0.0016370119545639182,-0.06764091804134631,0.31957603856952876,0.6609019389876349,-0.9789732757808164,0,0,0,0,0000,No Fault
0.9129224749362341,0.03919004739270162,0.013527582514250246,0.17351309261610826,-0.6863727451820844,0.5403181845640628,1,0,0,1,1001,LG Fault
0.2027134379819123,-0.9453481118001865,0.7444662551506952,-0.03188852484999685,-0.027707579129167985,0.07510001448105184,0,1,1,1,0111,LLL Fault
0.6971573329727427,-0.9500019930500012,0.2587534357002937,-0.0007271656622436715,-0.06183744513296419,0.07863357512620321,0,1,1,1,0111,LLL Fault
0.4779781098174517,-0.9918301267931123,0.5181912530419248,-0.017503818267499416,-0.046632543030447546,0.07996126554262385,0,1,1,1,0111,LLL Fault
0.3117410719746569,-0.03272713524800443,0.03937199962878648,0.5846022422066307,-0.9995037619663923,0.4472123244944201,1,0,1,1,1011,LLG Fault
-0.0767294541879342,0.051919116717955176,0.015074658278625377,0.18913301189954304,-0.9109850727510779,0.7535315433302752,0,0,0,0,0000,No Fault
-0.07518968228415732,0.04894730307453644,0.01638934849436101,0.24930596202156077,-0.927919132535564,0.7104544738294396,0,0,0,0,0000,No Fault
0.6865721577552347,-0.960297543310411,-0.044631603416593946,-0.0007024174970067,-0.07633174074084971,0.09337810667820463,1,0,1,1,1011,LLG Fault
0.9659406264794019,-0.6650695306859655,-0.007886232506382596,0.04060225712657719,-0.4069467963389796,0.3888529069245183,1,0,1,1,1011,LLG Fault
0.01297063859448445,0.08795323761890786,-0.10978253012591824,-0.8518088565623125,0.8741634607529255,-0.021791323453152253,0,0,0,0,0000,No Fault
0.9670895272642946,-0.6824605845053925,-0.27947798830759596,0.037045940190333866,-0.0816975936301179,0.06099734977303886,1,1,1,1,1111,LLLG Fault
0.721346585176631,0.08497942850401612,-0.04729010146401358,-0.4785958890641488,0.374502873841781,0.11314866642360842,1,0,0,1,1001,LG Fault
0.05231215413538663,0.041768298444319084,-0.10274335393137568,-0.26863020864972037,0.9663027547566604,-0.7004038553488957,0,0,0,0,0000,No Fault
0.3725727966480234,0.6044904219077173,0.05393334609392213,0.09023750164390573,-0.5486048180735689,0.48343226968013076,1,0,1,1,1011,LLG Fault
0.20191651839147273,-0.9460092896632969,0.7435426993084505,-0.03191186686948172,-0.027660437422204222,0.07507538044247955,1,1,1,1,1111,LLLG Fault
0.06236104621839382,-0.5564212165823712,0.4941140510881039,0.5156933229697707,0.040614938362849275,-0.5435526062907212,0,1,1,0,0110,LL Fault
-0.6405241293220928,0.9783083689989844,-0.3516747554786601,0.04757012212657915,0.025672735853832868,-0.05896257719758198,1,1,1,1,1111,LLLG Fault
0.06259674336688896,-0.5182769991424255,0.45539327619189174,0.4830313941092021,0.0414744949152905,-0.5116799563187823,0,1,1,0,0110,LL Fault
-0.07728779916704229,0.6509520206818846,-0.5788773058777658,-0.3279592246282405,-0.06635363392987387,0.41133507095675376,0,1,1,0,0110,LL Fault
-0.0806439828815441,0.09268465518748159,-0.021952482818712718,-0.4364067816547919,-0.5336977966674803,0.9962828721520945,0,0,0,0,0000,No Fault
-0.08100728830390543,0.06717750468626629,0.004396705285048102,-0.08891788895015887,-0.7886953825827578,0.9077092810747126,0,0,0,0,0000,No Fault
-0.06744152047492936,0.8914022512539083,-0.832652577441901,0.08027243944022378,-0.014264989742511685,-0.05105599073166507,1,1,1,1,1111,LLLG Fault
0.8401719579712871,0.08377537481651963,-0.038010257171143244,-0.3909873249191375,0.18400304828236036,0.2194226873474844,1,0,0,1,1001,LG Fault
0.03415930360025878,-0.8761013173398164,0.8425991610029531,-0.15123285790018698,-0.005276876578700903,0.17190439041698383,0,1,1,0,0110,LL Fault
-0.9848690302406607,-0.04504176157745537,-0.019394602687896972,0.03483275229650312,0.44164095008011944,-0.4700532857142092,1,0,0,1,1001,LG Fault
-0.08324524602370326,0.07837707401754407,-0.005290262694925199,-0.1552917576420697,-0.7455186263756179,0.9302630188698658,0,0,0,0,0000,No Fault
-0.007982360645036189,0.10154467157303633,-0.1026376281344002,-0.9662281748057673,0.6975231400690487,0.2729236801990843,0,0,0,0,0000,No Fault
-0.04005800187677514,0.0008258761541633901,0.030124053387973145,0.7987232477800078,-0.8854720654157751,0.11632802392575115,0,0,0,0,0000,No Fault
-0.028028767912866872,-0.009859221483408242,0.029050757577730527,0.8899767127544149,-0.8065104053423867,-0.05562744596749167,0,0,0,0,0000,No Fault
-0.05728515859366934,0.10933743951561897,-0.06143334736772322,-0.8705153512915836,0.02963617838653975,0.8575182412528576,0,0,0,0,0000,No Fault
0.06108737396188384,0.001517299681970727,-0.07080531622636206,0.28897176801491925,0.6848600580886777,-0.9727006290303151,0,0,0,0,0000,No Fault
-0.7402201526477893,-0.19193366635582074,0.9213294207029,-0.016766884414969596,0.029798530923395322,0.0013409077760951852,1,1,1,1,1111,LLLG Fault
0.051230646222288546,0.04398646402205014,-0.1038955786416646,-0.29865274766130384,0.9735256860189856,-0.6776617205030079,0,0,0,0,0000,No Fault
-0.5272540501335045,0.02002292387479794,-0.05851384051324601,-0.45512021336977343,0.9438373387821406,-0.490527703872387,1,0,0,1,1001,LG Fault
-0.07895164026841694,0.5923147750642338,-0.5184194576765102,-0.3976306860164678,-0.07052515796017855,0.4854419283652697,0,1,1,0,0110,LL Fault
-0.08324262706137031,0.08611095680551563,-0.013051270395444261,-0.2775450033227018,-0.6625025432365094,0.9682489372048554,0,0,0,0,0000,No Fault
0.05154820625702626,-0.799460754551082,0.7485515202347487,0.1485968477348519,0.014744130795786632,-0.14912115156952327,0,1,1,0,0110,LL Fault
-0.5898704646335932,-0.3764374998711237,-0.06952992430756777,-0.04790636857974184,0.57339815176982,-0.521352304865169,1,0,1,1,1011,LLG Fault
-0.9318930672502208,0.20549034540345382,-0.04485780408318564,-0.02984969902942658,0.5582453966710176,-0.524016545641062,1,0,1,1,1011,LLG Fault
-0.9605078252382084,0.7165615316370895,0.23049001872990982,0.006798625079893506,0.04903167092942072,-0.04188519609157643,0,1,1,1,0111,LLL Fault
-0.07205981808901325,0.106238605965403,-0.044066426514053555,-0.6922342297631189,-0.2558863643060867,0.9697052344849436,0,0,0,0,0000,No Fault
0.8583258558810932,-0.7661114738106821,-0.08545033393625633,0.04023129449717916,-0.3976124114704218,0.37971333562738213,0,1,1,1,0111,LLL Fault
0.38005818209236575,0.07704463082542015,-0.06129649657991664,-0.5915482683651798,0.7100111709792305,-0.1154745787394924,1,0,0,1,1001,LG Fault
0.5759951386875525,-0.9771981726291629,0.403919828536022,-0.01083382592085471,-0.05327438086297721,0.08004146509413348,1,1,1,1,1111,LLLG Fault
-0.726118778705134,-0.2222802676031053,0.9398075018341576,-0.045022511657525896,0.03567045928530971,0.023688090007041925,0,1,1,1,0111,LLL Fault
-0.6161617912039127,0.9831888406831147,-0.3807237850352021,0.049569552841481804,0.023949212974089418,-0.0592110810385969,1,1,1,1,1111,LLLG Fault
-0.7801836902135502,0.2581854536180783,0.5116231852962003,0.07446237182789261,0.013385725946673265,-0.07340594983662987,0,1,1,1,0111,LLL Fault
-0.08183023545183074,0.07355313985021228,-0.0013109161694047945,-0.1672983082978689,-0.7407624212197867,0.9374549378914243,0,0,0,0,0000,No Fault
0.421168027864287,0.5714693329814827,-0.9961219450451149,0.09047260921365695,-0.04752236924849438,-0.02739471223477563,1,1,1,1,1111,LLLG Fault
-0.42327792597430824,-0.560528959595493,0.9766243337660595,-0.048736351454917684,0.015495433443887423,0.0479696519132272,1,1,1,1,1111,LLLG Fault
-0.009768158464284794,-0.018444648904234428,0.01929991264614913,0.9752861792562943,-0.6333381824404433,-0.3176215141045251,0,0,0,0,0000,No Fault
0.058365681259024915,0.025366602381935388,-0.0922968605634802,-0.037153976588697755,0.8829080896137681,-0.8475165643523944,0,0,0,0,0000,No Fault
-0.21564113203291035,-0.7232767754272027,0.934031939909387,-0.0463586362850166,0.001456823741814238,0.05989064675063831,1,1,1,1,1111,LLLG Fault
-0.0590668420125123,-0.21273076692497855,0.2692697077030732,-0.8139488788607087,-0.08075135951396815,0.9132841112570967,0,1,1,0,0110,LL Fault
0.7475273028541423,0.08501825977247954,-0.04524792636408132,-0.46038166376038675,0.33170216705212857,0.1384990675866345,1,0,0,1,1001,LG Fault
0.020672833536275827,-0.8716461866931915,0.8514570014481793,-0.3251469051655858,-0.01932303063688494,0.36059221481948867,0,1,1,0,0110,LL Fault
0.17806689094945646,-0.035777134008208096,0.04531110038594673,0.6151082141277865,-0.9822172001530435,0.3990108736821258,1,0,0,1,1001,LG Fault
-0.9927747706469431,0.40010648359197704,0.5799245612661348,-0.018240109075597574,0.05233944386180171,-0.020150622939949243,0,1,1,1,0111,LLL Fault
0.034348024013402687,0.35099257279285034,-0.38851843055825114,0.8430949499565514,0.04483510261443747,-0.8761224809311761,0,1,1,0,0110,LL Fault
0.09883625895984302,0.06476819133455183,-0.06548242827555281,-0.6076767897448418,0.8650311115401744,-0.2572649766559174,1,0,0,1,1001,LG Fault
-0.47862362020998606,0.9996644892525463,0.03775910831561365,0.059179978508024346,-0.11792369830317662,0.07571818060635765,1,0,1,1,1011,LLG Fault
0.02564324834356918,-0.027534859387974273,-0.006676992348144432,0.9452727267421148,-0.1841292973046657,-0.7452618014356938,0,0,0,0,0000,No Fault
-0.4314853480433844,-0.5416299499095442,-0.07327240123908041,-0.04874112083817042,0.5340282174567178,-0.480398302309919,1,0,1,1,1011,LLG Fault
0.9866257409034425,-0.6119550374164712,-0.36725906417367865,0.04336166603819496,-0.08326791688552465,0.05626500239064708,0,1,1,1,0111,LLL Fault
-0.002665601493872279,-0.018891629040042244,0.012424197194513285,0.9893835601008828,-0.5462557755074208,-0.42049119631461845,0,0,0,0,0000,No Fault
0.9569477571644679,-0.2263813927087867,-0.7269373579603274,0.06927632374189016,-0.08248814570188075,0.02948707196660579,1,1,1,1,1111,LLLG Fault
-0.23439517727244907,0.956747753640383,0.047590911835005884,0.07317613988307031,-0.2728391118263875,0.21954008282965037,1,0,1,1,1011,LLG Fault
-0.4062708440475827,-0.5937453910779816,0.9955171715859461,-0.048473862691451,0.013810768367433043,0.049423101413369384,0,1,1,1,0111,LLL Fault
0.004453713220443141,0.6697706108051703,-0.6785773075062755,0.729248406683297,0.024765963154191703,-0.7415241290073897,0,1,1,0,0110,LL Fault
0.04686027425029656,-0.8074765589224356,0.7609978213253356,0.04248846268305982,0.012546180871638037,-0.04049179566758717,0,1,1,0,0110,LL Fault
0.20178500462128315,-0.9353163509192296,-0.06858265731331184,-0.0328290422935922,0.25795040271840075,-0.21503575242200235,1,0,1,1,1011,LLG Fault
0.06269478214708203,-0.37878591110235194,0.31550196375552414,0.6031153088419348,0.04743992345038646,-0.6381608640364871,0,1,1,0,0110,LL Fault
0.7605775733719801,-0.9236335968577101,0.16719075839071848,0.005589306840788712,-0.066407327995888,0.07695695828699825,1,1,1,1,1111,LLLG Fault
-0.0818366038131698,0.8996201866812226,0.05149892038244378,0.07973104701182641,-0.3561223739192955,0.2978314849104688,1,0,1,1,1011,LLG Fault
0.8765280615528938,-0.8359864716657455,-0.03336654288264128,0.019700925116693985,-0.07480164757830346,0.07136154229983882,0,1,1,1,0111,LLL Fault
-0.042220737001357686,-0.4544593938194133,0.49518122545840015,-0.7922875390510419,-0.07172217314070878,0.8823648145729638,0,1,1,0,0110,LL Fault
0.9709744141975831,0.07440084541974487,-0.019947152385444072,-0.20523801364130934,-0.15298149259808486,0.37656025948990673,1,0,0,1,1001,LG Fault
-0.065824692982644,0.1058694511385795,-0.04948488759802489,-0.7743889844232443,-0.13920059984848543,0.9331777406078829,0,0,0,0,0000,No Fault
-0.9559801336444346,0.7074457116904216,-0.009163164717813973,0.004684056519424995,0.3521485566832367,-0.3486340108596204,1,0,1,1,1011,LLG Fault
0.05594027203709456,-0.06418051727725949,0.006644983196763498,0.7776975368333529,0.052493392743298284,-0.8183553043005278,0,1,1,0,0110,LL Fault
-0.9843543394379805,0.5630203418924231,-0.021311804043911947,-0.007723625581768173,0.436601650324339,-0.42224915544505665,1,0,1,1,1011,LLG Fault
0.7613300141006576,-0.9228084598294514,0.16785193648409746,0.005601271414293429,-0.06643156152929855,0.07696965539503806,0,1,1,1,0111,LLL Fault
-0.22416241449804772,-0.059022947235157705,0.043999724725831295,0.6487425396474575,-0.8362959537267645,0.21659705313660493,1,0,0,1,1001,LG Fault
-0.017206573800827296,0.1111190422910184,-0.10351116204818402,-0.9906365313536691,0.6212376404701315,0.37512988079997034,0,0,0,0,0000,No Fault
-0.013824360957579891,0.10961875457478888,-0.1053492642930626,-0.9831182285432389,0.657040097667726,0.33110978224424276,0,0,0,0,0000,No Fault
-0.022521741295165893,-0.013613385648514675,0.02735863297466555,0.9224633684250602,-0.7618414023597371,-0.13371689642249926,0,0,0,0,0000,No Fault
-0.7677442358797443,-0.1615138596883655,0.9202069118425849,-0.043471195746901434,0.0383940559911574,0.019357378535550356,0,1,1,1,0111,LLL Fault
0.06304161829076023,-0.391178408198543,0.3274801672578933,0.5940532257464193,0.047027150722469324,-0.6286541500889671,0,1,1,0,0110,LL Fault
-0.386600543728521,0.9846782139463751,-0.6098056682201417,0.0653094171798782,0.007826498361252019,-0.05856400673133709,1,1,1,1,1111,LLLG Fault
0.008363484920372234,-0.022431111920829184,0.005044010996956132,0.991244583313791,-0.4139527019475028,-0.5571708812739409,0,0,0,0,0000,No Fault
0.8913440186966374,-0.8151772048628176,-0.02304719000759083,0.024101131791832167,-0.2867708787520758,0.2829413406149018,1,0,1,1,1011,LLG Fault
0.7676106832020946,0.08492511503221815,-0.04386433200808457,-0.44740013768929865,0.30273351449179337,0.15500150220392167,1,0,0,1,1001,LG Fault
-0.006491483064724756,-0.7649921556143232,0.7713292786754116,-0.5893568337928262,-0.044845542048429526,0.6515094491469913,0,1,1,0,0110,LL Fault
0.4364102086819852,0.0791339345244053,-0.059693035311461425,-0.5812837184962942,0.6672006607341255,-0.08214343505267174,1,0,0,1,1001,LG Fault
-0.2394465332581817,-0.05972467985134726,0.043763663625816115,0.6479451053460593,-0.8277554319022138,0.20869401031811372,1,0,0,1,1001,LG Fault
-0.08147731185189959,0.06952338783395295,0.0023829094923478508,-0.1052788766480191,-0.7785906027637834,0.9138171111179818,0,0,0,0,0000,No Fault
-0.07843082762263165,0.6028309587708681,-0.5295919881800715,-0.3860635123259048,-0.06979739460937257,0.4731025143486949,0,1,1,0,0110,LL Fault
0.983812756240574,-0.4598140951340968,0.008141258244740313,0.05650971923708976,-0.5108912405097124,0.4788202199760283,1,0,1,1,1011,LLG Fault
-0.8193055626650981,0.4094711368807455,0.3969021221527446,-0.17650796762352855,0.07824906392070533,0.11213553614053604,1,1,1,1,1111,LLLG Fault
0.038125834732071484,-0.028731831999414703,-0.017583225883812077,0.8640641223316676,0.012279751174998483,-0.863974105623398,0,0,0,0,0000,No Fault
-0.5005686590565007,0.0224603039554067,-0.05936841373350616,-0.46782310384816195,0.9496480885977722,-0.48371215186775446,1,0,0,1,1001,LG Fault
0.8638212618792822,-0.8577678364330943,-0.001224693988462363,0.01794579701353085,-0.07402443972800996,0.07232936864183515,1,1,1,1,1111,LLLG Fault
0.017096448867353144,-0.8496172709862456,0.8326758893042756,-0.37237083338569027,-0.022073734916566345,0.41074424318913516,0,1,1,0,0110,LL Fault
0.8798226432341693,0.0334573099631041,0.017436496442449777,0.22095706208873003,-0.7404548406369303,0.5478568187328365,1,0,0,1,1001,LG Fault
-0.07028101598768008,-0.051172584103726514,0.045600714363531226,0.6480992403004834,-0.9102473020433028,0.2925967459424432,1,0,0,1,1001,LG Fault
-0.9964334487273039,0.5627539635770334,0.42030651731469776,-0.006747240731497316,0.05205895790665105,-0.031388150590303324,0,1,1,1,0111,LLL Fault
0.8846951890590683,-0.8238805223202607,-0.02404202575727029,0.023007813176508556,-0.27816283477850645,0.27526616306544804,1,0,1,1,1011,LLG Fault
0.9251938648308934,-0.17985924027145955,0.025611802620712054,0.07250862522609156,-0.593586717642898,0.5470436481136902,1,0,1,1,1011,LLG Fault
-0.8113213337604633,0.9060367121298862,-0.10984675659632437,0.03072437760414037,0.03790229569958296,-0.05453380777457155,1,1,1,1,1111,LLLG Fault
-0.9156832105748416,0.15939132367751183,-0.04739133448210558,-0.032041865455417144,0.5672004858804839,-0.5309435914460846,1,0,1,1,1011,LLG Fault
-0.011215940119832879,0.7785687139675314,-0.7722057485094439,0.619587535003398,0.01176870438918786,-0.6183286276765362,0,1,1,0,0110,LL Fault
-0.05214810653723541,0.013807256220298061,0.028948452745623292,0.6721795734697962,-0.9410261000260459,0.2998154443191402,0,0,0,0,0000,No Fault
0.5891494953351464,-0.001967584827879237,0.03607716136768627,0.4631281904033775,-0.9573174606122287,0.5260215723552293,1,0,0,1,1001,LG Fault
-0.4414060962563932,0.2463698829200895,0.18761620586464647,0.27159988980126204,-0.05791170010682148,-0.19841570960476515,0,1,1,1,0111,LLL Fault
0.9781277911947366,-0.6048151608763229,-0.002814925371012223,0.04570939658897055,-0.4423859172168144,0.41984385982032274,1,0,1,1,1011,LLG Fault
0.6358491731521374,0.3299019076231869,0.04771242245492378,0.08884920818670464,-0.614048246152474,0.5515095607001548,1,0,1,1,1011,LLG Fault
-0.035576082359434186,-0.0006942909994676234,0.02693122761652153,0.8412563313326268,-0.8497750673771322,0.03730777486394643,0,0,0,0,0000,No Fault
0.4552387271162288,0.0801001231034625,-0.05878793607764532,-0.5759411721442351,0.6447732513549768,-0.06464714172395648,1,0,0,1,1001,LG Fault
0.944549282869798,0.07783141675719914,-0.02507841567994985,-0.25966691428290334,-0.06100139065769969,0.3374078957657268,1,0,0,1,1001,LG Fault
-0.7907232843135638,-0.008393756363165902,-0.04550070247981479,-0.2788005089270721,0.8111495305710914,-0.5321090985684601,1,0,0,1,1001,LG Fault
-0.882247034426677,0.03836463836641385,0.830871074259252,-0.0367287762040266,0.04573881193653299,0.0051129497917853945,1,1,1,1,1111,LLLG Fault
-0.018413445188772505,-0.011261911453815596,0.020378186985927964,0.945848629769883,-0.7074477405328669,-0.21259002063059912,0,0,0,0,0000,No Fault
0.07286868388887212,0.8202085551842161,0.053889200724051164,0.08486260407185889,-0.4310486919014174,0.3690344840287297,1,0,1,1,1011,LLG Fault
0.9344082932000375,-0.2089366518162757,0.023902607385471786,0.07086183941966659,-0.5870962507941204,0.5420811664725645,1,0,1,1,1011,LLG Fault
-0.747939362694541,-0.1670383729240786,-0.06251400372811014,-0.04385891864689555,0.5928799901318786,-0.5452620212440706,1,0,1,1,1011,LLG Fault
0.9774159176821067,0.07246720792328704,-0.017334043695323983,-0.17747115279449371,-0.19856643899382045,0.39516977259049957,1,0,0,1,1001,LG Fault
-0.07227441995508603,0.10426560569441407,-0.04173728226949625,-0.6800161997200485,-0.2718775543494455,0.9737494612726305,0,0,0,0,0000,No Fault
0.05801360329079126,-0.005807190005474163,-0.06068763904527332,0.46081831066486456,0.5413737760620313,-0.9987936114876863,0,0,0,0,0000,No Fault
-0.07531491332101696,0.04858355708386351,0.017019367998707173,0.2350028266942194,-0.9249826383724905,0.7218033105949759,0,0,0,0,0000,No Fault
-0.05692827657195753,-0.8363413044730483,0.8925306287151046,-0.04115345968294083,-0.009991249558327656,0.06633698829014913,0,1,1,1,0111,LLL Fault
-0.07515024895251125,0.6957395791151016,-0.6260221592449083,-0.26734806028373137,-0.06248318019829127,0.34661931455564254,0,1,1,0,0110,LL Fault
0.026969879359017814,-0.028927400682588214,-0.006460329432153473,0.9410961350677036,-0.17023654515406889,-0.7552305219204055,0,0,0,0,0000,No Fault
0.052443986837411194,0.04216711065282254,-0.10341848507328912,-0.2544104668108606,0.9636303680785107,-0.7119381968628936,0,0,0,0,0000,No Fault
-0.04818252126993303,0.011840162333947024,0.026707644763121305,0.7259546541628065,-0.918831622237253,0.22328214318061596,0,0,0,0,0000,No Fault
-0.05557277200659967,0.10974771162547421,-0.06354320182010084,-0.8852768506633519,0.06042841768671241,0.8409423068697706,0,0,0,0,0000,No Fault
0.061719468858794105,-0.6074189982207073,0.5458956340384647,0.46658465454507253,0.028893470349186434,-0.4823698432873374,0,1,1,0,0110,LL Fault
-0.5518653991369471,0.42749128760956434,0.023095885199322895,-0.19693352240626766,0.31280562313841204,-0.10639238517889554,1,0,1,1,1011,LLG Fault
0.7144209690753958,0.22480601971711275,0.04415065378775816,0.08676450583308777,-0.6232832662518516,0.5630100586498138,1,0,1,1,1011,LLG Fault
-0.07817919204389401,0.6128185056443644,-0.539858218958499,-0.37458992380245004,-0.0691228058611934,0.46091111728133777,0,1,1,0,0110,LL Fault
-0.3437147072573655,-0.06416225077800401,0.04175478194555278,0.6381004141526018,-0.7624886537403099,0.15205948663054436,1,0,0,1,1001,LG Fault
0.029299138794201072,0.07509775091159117,-0.11335150005995881,-0.6868326302233164,0.9705242346585099,-0.2853942965660869,0,0,0,0,0000,No Fault
-0.0732337669487034,0.09984815307008091,-0.036095522975462375,-0.6433105887394034,-0.31804753141616454,0.9839926602536616,0,0,0,0,0000,No Fault
-0.37207798149101035,0.9825849655107055,-0.6221035694828781,0.06614656399762264,0.006813925048532558,-0.05837158288348135,1,1,1,1,1111,LLLG Fault
0.007562088777872832,0.09553403968822534,-0.11243778387359721,-0.885165725678178,0.8465732585026958,0.03976774885303015,0,0,0,0,0000,No Fault
-0.05906834054223654,0.11651327615696318,-0.06749683535828406,-0.8747669752322499,0.03578789199442506,0.8555126852176931,0,0,0,0,0000,No Fault
0.014032079066478716,0.08711151534688256,-0.10999080311481123,-0.8435803004871142,0.8814627418053216,-0.03747949088287156,0,0,0,0,0000,No Fault
0.6380636357783632,0.002988797049757895,0.033996937895641934,0.4341278321889806,-0.9382073104407764,0.5356260210551544,1,0,0,1,1001,LG Fault
0.9623390621115845,-0.24300577985952687,-0.7156012249469309,0.0686351229235472,-0.08286178875782012,0.03051070622087474,1,1,1,1,1111,LLLG Fault
0.8097890922607599,0.08447414557336468,-0.04102958158217932,-0.4197822164583915,0.24388119646098916,0.18727949333374347,1,0,0,1,1001,LG Fault
-0.02458238428655083,0.8425410889284911,-0.8231524758788126,0.5021722349266853,-0.00046484610052819654,-0.48813633714007004,0,1,1,0,0110,LL Fault
0.9518721590132825,-0.26946197956721857,0.020373109365231002,0.06771655451060395,-0.5726181750663935,0.5304819691200844,1,0,1,1,1011,LLG Fault
0.6926379964118566,0.09135777096834286,0.0020736520761938746,0.26530120545314745,-0.755235820158762,0.5184565826179101,1,1,1,1,1111,LLLG Fault
-0.0571114791840159,0.8634415555634424,-0.8119516157480821,0.10488477922061559,-0.03559636373978259,-0.05399741267401717,0,1,1,0,0110,LL Fault
0.061630572595268135,0.006793856687952517,-0.076505987680972,0.1833939291561618,0.7581681618512691,-0.9415421221286624,0,0,0,0,0000,No Fault
0.0577739768057785,-0.6825031931357317,0.6248701729496108,0.2853649926484768,0.029599325614829697,-0.30138898702466277,0,1,1,0,0110,LL Fault
-0.8196309827858744,0.9004077156557136,-0.09368492699926814,0.029652105125880658,0.03853644559858709,-0.054104876379335906,0,1,1,1,0111,LLL Fault
0.12979849850943442,0.06639986185199212,-0.06521597170723538,-0.6084250286802956,0.8510819919481247,-0.2423009285956585,1,0,0,1,1001,LG Fault
0.023283781946683773,0.07905463855815141,-0.11108369851113384,-0.7604185201562412,0.9373298267375425,-0.17778899540706264,0,0,0,0,0000,No Fault
0.0016260740421793715,-0.797497712589664,0.7957968995784392,-0.523493473305829,-0.03682243650468138,0.5772961174181986,0,1,1,0,0110,LL Fault
0.6807203744262547,0.2951795481660003,-0.973984968975576,0.08803028863606024,-0.06478403242110492,-0.007356688733000844,0,1,1,1,0111,LLL Fault
0.9497542032793401,0.046863925071635906,0.007816494866235753,0.10557736109812478,-0.6037946085168518,0.5242888425433637,1,0,0,1,1001,LG Fault
-0.010955958761684629,0.10550948706784673,-0.10393643627395965,-0.9750850066706939,0.6775112402956319,0.30219564913920755,0,0,0,0,0000,No Fault
-0.021573346005226656,-0.6480821477706846,0.6687568613221775,-0.6990531090979948,-0.056858919356965576,0.7737378958561812,0,1,1,0,0110,LL Fault
-0.40345271322614445,0.030847690211201338,-0.06197054783886712,-0.5084063270240233,0.9624513188871574,-0.4560675283917415,1,0,0,1,1001,LG Fault
0.05873721276923089,0.023914406669955826,-0.09106961689624504,-0.03629433801737938,0.8816641544287167,-0.8471109412197746,0,0,0,0,0000,No Fault
-0.081377120603985,0.08705829022469606,-0.015443325655636754,-0.3638628736826271,-0.5969251664256516,0.9879738434264683,0,0,0,0,0000,No Fault
0.14551688172444302,-0.04611410769047529,0.04592752177459628,0.6261391874392379,-0.9841281797301633,0.38989789705492023,1,0,1,1,1011,LLG Fault
-0.7268793841068741,-0.22311245879473054,0.939138419870281,-0.04503453050332279,0.03569473327537035,0.02367540444182761,1,1,1,1,1111,LLLG Fault
0.9819153000343337,-0.5511783257065133,0.0012187949074220893,0.049490362988722274,-0.4687210295744269,0.44288773072043863,1,0,1,1,1011,LLG Fault
0.059259298485909745,0.021787668805128498,-0.08945446791391398,-0.0049999377060984986,0.8667961251419957,-0.8633381355142602,0,0,0,0,0000,No Fault
0.05811672710867682,-0.012294940261231926,-0.053880446162326436,0.5043613193443255,0.49816508823009975,-0.9984234231803482,0,0,0,0,0000,No Fault
0.04933116645945759,0.045343354985105014,-0.10297171993370859,-0.3698859518187151,0.9838539694105763,-0.6167639416161149,0,0,0,0,0000,No Fault
0.05797965597330509,0.026875678381630904,-0.09357216046264985,-0.03804728536116556,0.8842007475516692,-0.8479380753598147,0,0,0,0,0000,No Fault
-0.7685402484350083,-0.1623677088361678,0.9195053706313373,-0.04348399414016793,0.038418943304033566,0.01934485127194277,1,1,1,1,1111,LLLG Fault
-0.07793295547221575,0.05604292152359076,0.0118501723657989,0.17195848089719468,-0.9032764739686834,0.7628967257475281,0,0,0,0,0000,No Fault
-0.02732503342446099,-0.6010205306393036,0.6273462569795492,-0.7303198979694722,-0.06105337907134556,0.8093616359665698,0,1,1,0,0110,LL Fault
0.019769721107062446,0.5290812735269353,-0.5527220378867972,0.8047250051283411,0.035801357585844705,-0.8284456366966598,0,1,1,0,0110,LL Fault
-0.08119399442976133,0.06675254076156616,0.004751774588948968,-0.04365523802355005,-0.8121161920590102,0.8861918861846936,0,0,0,0,0000,No Fault
-0.04007440753639086,0.11314178860742007,-0.0825777594661925,-0.9758121254614125,0.3195518488377984,0.6676769142664876,0,0,0,0,0000,No Fault
0.7888852931706501,0.020301935815486,0.02540952032119176,0.3206339568488127,-0.8432860812417482,0.5526982837425424,1,0,0,1,1001,LG Fault
-0.22161648285283075,0.9493735271197312,-0.7355796407258318,0.07388396240699435,-0.003604623602497527,-0.05551324125208636,0,1,1,1,0111,LLL Fault
0.2392422006377281,-0.03147436393956487,0.044691907941340266,0.6009079346618276,-0.9908183195663816,0.4220131409412229,1,0,0,1,1001,LG Fault
-0.21278690722523055,-0.720209729472335,-0.0747925810601931,-0.04632186927398273,0.4576427624215288,-0.4049889805056048,1,0,1,1,1011,LLG Fault
0.05123085226079981,-0.769206294800661,0.7184030599049198,0.13319257200365248,0.019208978485452062,-0.1382256114548585,0,1,1,0,0110,LL Fault
-0.9606880905665164,-0.03706365672279554,-0.026235441302063296,-0.044151938041639416,0.5467145280273108,-0.4979267028322242,1,0,0,1,1001,LG Fault
0.5803858451356926,-0.983641880341121,-0.0520005109735109,-0.009818726835490933,0.00970525017090124,0.014848912498426696,1,0,1,1,1011,LLG Fault
0.04935796790197758,-0.018151090124198365,-0.0397304131528973,0.6998103128293488,0.2746232856976965,-0.9666067361243382,0,0,0,0,0000,No Fault
-0.028825032706203072,-0.006576167970346809,0.030448627852239216,0.907475109548848,-0.6739077810355243,-0.20829119868798826,0,0,0,0,0000,No Fault
0.8725437130805851,0.032289264661006206,0.018198700450929306,0.2303070942312073,-0.750745513908321,0.5489679525512504,1,0,0,1,1001,LG Fault
-0.04898377492629481,0.11340705212972123,-0.07400803434840814,-0.9370502721882499,0.18514826114983515,0.7657663958376547,0,0,0,0,0000,No Fault
0.020265502882780482,0.08183193523591636,-0.11087641711746751,-0.7899131953417161,0.9207060581314694,-0.13127689481946464,0,0,0,0,0000,No Fault
0.43684648796674125,-0.9902844988588291,0.5574195634048847,-0.019494124658855097,-0.043910449693717615,0.07918309936626577,0,1,1,1,0111,LLL Fault
0.804763540317975,0.11233856423953457,-0.915846670244351,0.0833727836021263,-0.07292163999423511,0.005605196882787867,1,1,1,1,1111,LLLG Fault
0.9991678525379145,-0.5006483166641541,-0.49365822928315467,0.05264632309319647,-0.08462468404944191,0.04833824401269758,1,1,1,1,1111,LLLG Fault
-0.06508134892149757,0.10935596899732009,-0.053978600361347245,-0.7952790902917196,-0.10637583139336344,0.9206755612090631,0,0,0,0,0000,No Fault
0.0036579240033741602,-0.023859406483291667,0.011425144523100509,0.9951561222700833,-0.48420805208075834,-0.4895042378135751,0,0,0,0,0000,No Fault
0.8927058721012786,-0.808473718197844,-0.07708670097251999,0.02626044867951577,-0.15255154521306682,0.144009948866825,0,1,1,1,0111,LLL Fault
0.7883790350595271,-0.9117825523526152,-0.03564146713816966,0.00992378977008924,-0.1704440295115112,0.17862194053524985,1,0,1,1,1011,LLG Fault
0.053272651562502,-0.01961794623612745,-0.041735442358899325,0.6446490684554521,0.34443547692227705,-0.9824362339093663,0,0,0,0,0000,No Fault
-0.3727998403033899,-0.06527667612675168,0.04106464518328862,0.6339109632341724,-0.7421478365467735,0.13553322927041936,1,0,0,1,1001,LG Fault
-0.12209700989980829,-0.7818226301763043,0.9023583010901605,-0.044324106198603636,-0.004882783495268437,0.06431063208345028,0,1,1,1,0111,LLL Fault
-0.8697092296267247,0.8570117460380388,-0.00041683642964532135,0.02311492365667558,0.042195129804348676,-0.051278475395048824,0,1,1,1,0111,LLL Fault
-0.9692531120448086,0.6617969427235524,-0.013231035738250374,0.0004650584494373354,0.3819053484807228,-0.3747253031175449,1,0,1,1,1011,LLG Fault
-0.03383313020169045,-0.0008517127382944214,0.025217773960501552,0.8566066900084616,-0.8336669511419171,0.005502927448939968,0,0,0,0,0000,No Fault
0.9269298656107701,-0.1342112799141663,-0.7873304979077568,0.07378512927369321,-0.08065165167239507,0.02309496686612579,0,1,1,1,0111,LLL Fault
-0.8197007487574016,-0.035275577529873946,-0.002408665695624216,0.08517485230418587,0.38628889610461115,-0.464126407599233,1,0,0,1,1001,LG Fault
-0.8873525092358777,0.18182900884121816,0.6944640466376786,-0.0725210766056109,0.05489896457749953,0.03166616119122294,0,1,1,1,0111,LLL Fault
-0.8138981827124776,-0.058562808246494166,-0.058032244169457375,-0.04064757777978248,0.5916255087072789,-0.5472035871526647,1,0,1,1,1011,LLG Fault
0.03448312710626336,-0.8650427193798549,0.8306035877457926,-0.03967921207183589,-0.015599573716045546,0.07057358286053939,0,1,1,1,0111,LLL Fault
-0.07317431330244463,0.7357946770543742,-0.6680409731856781,-0.2053945974273415,-0.05843081880346026,0.28037234134110794,0,1,1,0,0110,LL Fault
0.020681648258750265,-0.02735183511269005,-0.0019433522104036153,0.966798438448993,-0.2588104965351553,-0.6907461909255083,0,0,0,0,0000,No Fault
-0.96774338997675,0.267782536020668,0.6854929464077842,-0.025986572602379313,0.05098467363813343,-0.011003144807351872,1,1,1,1,1111,LLLG Fault
-0.03582881418016145,-0.518307271952184,0.5527908154678546,-0.7703673960599324,-0.06717709505909492,0.8557552313117796,0,1,1,0,0110,LL Fault
-0.9428794945273288,-0.03281159049637871,-0.029566422262754743,-0.0833363981417525,0.5960214117921081,-0.5088809151288584,1,0,0,1,1001,LG Fault
0.04825982312798705,-0.7975866252340876,0.7496956062457476,0.06854897634969834,0.01448877974821075,-0.0686008645149207,0,1,1,0,0110,LL Fault
-0.7319165424600084,0.9555342679545303,0.02103274863183175,0.03826804695501566,0.08216656388155744,-0.1072017285269041,1,0,1,1,1011,LLG Fault
-0.12288576594758796,-0.7826782817704864,0.9016621648411293,-0.044336376670482486,-0.004858312076755307,0.06429800093441329,1,1,1,1,1111,LLLG Fault
-0.0803032323289543,0.06301000683312794,0.00788054654306191,-0.026417093316299642,-0.8225915515563782,0.8795821856319127,0,0,0,0,0000,No Fault
-0.5447389160040433,0.9988893817857795,0.03418459188777237,0.05449676814297305,-0.07047419390891324,0.032063875839406446,1,0,1,1,1011,LLG Fault
0.03291571862971064,-0.8581669938479516,0.8256182623624984,-0.17751783847807837,-0.004904846933967552,0.19787996749833872,0,1,1,0,0110,LL Fault
0.576549130203027,-0.003202559724329347,0.036569079991293496,0.4701098701686633,-0.961517234712166,0.5233008541831853,1,0,0,1,1001,LG Fault
-0.06725952760860186,0.034470579851471825,0.023054296228985756,0.4396353153262238,-0.9610317532926871,0.5533615081116388,0,0,0,0,0000,No Fault
-0.8434877473648437,0.08996160208002087,0.7431312978451795,-0.001356602550101501,0.03650860456025144,-0.020947636901358625,0,1,1,1,0111,LLL Fault
0.10566181531291681,0.8041339196534405,-0.9144334496373209,0.08564774487676949,-0.026095535357911013,-0.044390498756362265,0,1,1,1,0111,LLL Fault
-0.07413550839153607,0.046715250861816236,0.01758402922824704,0.2794726811334895,-0.9356242763200399,0.6880591398774708,0,0,0,0,0000,No Fault
0.08945617043909704,0.8120645895466106,-0.9086137294996043,0.08525172982837527,-0.025025278953477455,-0.0450839999567209,1,1,1,1,1111,LLLG Fault
-0.03800823478425919,0.11289104266571476,-0.08437531279447441,-0.9818037240234174,0.34868744819217473,0.6439959041339092,0,0,0,0,0000,No Fault
-0.29749364818662694,0.9695018198716199,-0.6806368684204466,0.07015874022977767,0.0016584354119278735,-0.05714107481281733,0,1,1,1,0111,LLL Fault
0.7706298353551785,-0.9182910920521759,0.151865580253452,0.006658696309102893,-0.06713051812696658,0.07662164745136779,1,1,1,1,1111,LLLG Fault
0.05642077253091123,-0.706664646453543,0.6504402408434106,0.24806850442126482,0.02713991892547197,-0.26148754174641126,0,1,1,0,0110,LL Fault
0.03131448910166015,0.3886100695742152,-0.4231397138069615,0.8388275179773248,0.043280421518225795,-0.8702595517183935,0,1,1,0,0110,LL Fault
-0.06864043737690131,0.03668385858080889,0.022202376448562627,0.41135846268357784,-0.9585691327270454,0.5792039733294345,0,0,0,0,0000,No Fault
-0.03904482700275223,0.11302509864885307,-0.08348177072568419,-0.9789285917833241,0.3341589780428158,0.6559173194599632,0,0,0,0,0000,No Fault
-0.06261888307363839,0.8381006499961656,-0.781089512690594,0.013733091240206977,-0.042692668923823535,0.04462690076933793,0,1,1,0,0110,LL Fault
-0.0651925438264012,0.8192045454060183,-0.7597018027442785,-0.03820936545024278,-0.04657508811424002,0.10066316146069763,0,1,1,0,0110,LL Fault
-0.19953424905792988,-0.7328119464666912,0.9298781818988207,-0.04605057853149237,0.0003892860242674691,0.060669569806553574,0,1,1,1,0111,LLL Fault
-0.6981409510136034,0.0027075143416740634,-0.05124665990609024,-0.35380696295105507,0.87707549806188,-0.5240808029015939,1,0,0,1,1001,LG Fault
0.014600311825490233,-0.01770107492072123,0.013635187670011505,0.9938012457433348,-0.49227940946194904,-0.47992124722623736,0,0,0,0,0000,No Fault
0.010568679589136529,-0.0270924686309946,0.00795391451485657,0.9926839979810018,-0.403848938399579,-0.568909609949928,0,0,0,0,0000,No Fault
0.8393758991825502,-0.8802052893366032,0.04551956669337883,0.014823021948806227,-0.07227033162079011,0.07367302608385963,1,1,1,1,1111,LLLG Fault
0.060825738116864,0.011509911322545543,-0.08070076046659033,0.15091311515769368,0.7801792755374101,-0.9314040040839736,0,0,0,0,0000,No Fault
-0.03236929686762966,-0.0032062739983473934,0.026272964520161264,0.86532228892297,-0.8272609982352008,-0.009763293643940636,0,0,0,0,0000,No Fault
0.0494362908302376,-0.02306832769265361,-0.029118396619057924,0.8294473597788393,0.08006258342773158,-0.8983346846587843,0,0,0,0,0000,No Fault
0.05381679051011907,0.03844665782088044,-0.1009040279857479,-0.223112145737623,0.9537140450453032,-0.7332149963963339,0,0,0,0,0000,No Fault
-0.03377227735419804,0.11643401826395376,-0.09245839903648888,-0.9951921459151756,0.4238668532677328,0.5808137720498238,0,0,0,0,0000,No Fault
-0.5916538159504061,0.013873540715583055,-0.056170567642093265,-0.4213370617126229,0.9251808775762518,-0.5053899227751417,1,0,0,1,1001,LG Fault
-0.04971485239927142,0.012274057076587786,0.027934310514389757,0.7051602402131453,-0.9286924597839799,0.2541796503081726,0,0,0,0,0000,No Fault
0.725462895284703,0.2086977868941587,0.04358264744145861,0.08648118966634084,-0.6240564964043072,0.5640820293103127,1,0,1,1,1011,LLG Fault
-0.4002284893952818,0.9873990179283089,-0.5966506190031688,0.06447334265105817,0.008808761551715769,-0.05872661875890041,0,1,1,1,0111,LLL Fault
0.9132518639011046,-0.14756324254485453,0.02729811772710814,0.0738098692158556,-0.5993206953010318,0.5515817429348735,1,0,1,1,1011,LLG Fault
-0.4095649692722233,0.994312837595807,0.04103888727544706,0.06362707644361151,-0.16474517793526117,0.11896928128711698,1,0,1,1,1011,LLG Fault
0.07982978900739916,-0.901954627891694,0.8203961317428993,-0.03711853678190009,-0.019234521196059836,0.07171004493603012,1,1,1,1,1111,LLLG Fault
0.8355336705973772,-0.8745958353404468,0.043686863403833265,0.014227983826505046,-0.07183029596550286,0.07382125575086149,1,1,1,1,1111,LLLG Fault
0.027636979223453633,-0.8787705577704703,0.851721014391714,-0.2398959820208263,-0.011944490152142953,0.267596717353338,0,1,1,0,0110,LL Fault
0.2639873909106455,0.07220897614269697,-0.06371526054231906,-0.6043600274170792,0.786878035876632,-0.18095438279241144,1,0,0,1,1001,LG Fault
-0.07680125771043823,0.09872402907620498,-0.031687323272663784,-0.5704886372359083,-0.40114317174856384,0.9956501505238451,0,0,0,0,0000,No Fault
-0.6382881800001847,-0.3180599577973334,-0.06780542662676942,-0.047082465845905794,0.5819288620475881,-0.5308709854247727,1,0,1,1,1011,LLG Fault
-0.04583997312509938,-0.403344714808233,0.44737970980688374,-0.8029527253362321,-0.07368759927753452,0.8950610008357065,0,1,1,0,0110,LL Fault
-0.10344461895456573,0.05282516598202269,-0.06587391729050288,-0.5877833287377721,0.9339726869824423,-0.34746102563530196,1,0,0,1,1001,LG Fault
-0.4851103179881793,-0.06902016178575601,0.03780855590309999,0.6111587766653988,-0.6538302832313676,0.0683522221600001,1,0,0,1,1001,LG Fault
0.43604501963559106,-0.9910129569934403,0.5565577935125671,-0.01951597665722722,-0.043866313106723356,0.07916003515196021,1,1,1,1,1111,LLLG Fault
0.9268115006854973,0.07974576557492705,-0.02844787838248715,-0.29430181364901126,0.0005908200176129134,0.3093736013419222,1,0,0,1,1001,LG Fault
0.42208553746479427,-0.9899938678420278,0.5693757270248323,-0.020222233507752436,-0.04293387632652408,0.07891803321964672,1,1,1,1,1111,LLLG Fault
0.6335071149577725,0.35388188908885104,-0.9860653938300641,0.08905572577077805,-0.061663373113707357,-0.0115647230551769,0,1,1,1,0111,LLL Fault
-0.5672719328293663,0.26672318999909617,0.2919807683339533,0.2375096260441633,-0.038665594553571686,-0.18384639649473797,0,1,1,1,0111,LLL Fault
0.029839741638509013,0.07559768760127651,-0.11453292895928101,-0.6762721434128283,0.9752730233012445,-0.30082168353539435,0,0,0,0,0000,No Fault
-0.07659728749710985,0.6692569702276007,-0.5979197674279757,-0.30402801362709164,-0.06486153765310254,0.385820003143227,0,1,1,0,0110,LL Fault
-0.8455747856789486,0.8796662005711515,-0.0470688919795164,0.02639235172952246,0.04042632298701411,-0.05276222151415405,0,1,1,1,0111,LLL Fault
-0.8507959628627587,-0.07163800683313132,0.017152916704141898,0.4252530904676327,-0.20103740981204307,-0.20663453279815652,1,0,0,1,1001,LG Fault
-0.8071668645333456,-0.10096840686503264,0.8962075696308236,-0.04167872501748428,0.04092774109010068,0.014978390020931324,1,1,1,1,1111,LLLG Fault
0.7180484102840988,0.01168114118928672,0.02994592652569101,0.3795610766360035,-0.8960610724980749,0.5473914153070002,1,0,0,1,1001,LG Fault
-0.7279807559772751,0.3125837950125949,0.4036374543657446,0.06895599387187215,0.011254828874402174,-0.06571363943619773,1,1,1,1,1111,LLLG Fault
0.0686247104337114,-0.019587743595984287,0.01360270772354832,0.6233471345661775,-0.9339150799492302,0.3415313838381084,0,0,0,0,0000,No Fault
-0.1805689984621906,0.04768317047757633,-0.06540442508553365,-0.5733169999170562,0.9500805734238845,-0.378379265326415,1,0,0,1,1001,LG Fault
0.9812616369510059,-0.31656760715720034,-0.6581722225822619,0.06454122413166397,-0.0839232887249058,0.03569710053779496,0,1,1,1,0111,LLL Fault
0.8935418871233709,-0.8153828868520979,-0.06129204595007812,0.02297100669471673,-0.10055104635667882,0.09432082407680846,1,1,1,1,1111,LLLG Fault
-0.044747468631333547,0.004124318002360437,0.0315931221968202,0.7503606227298523,-0.9143127293178505,0.19420682606042822,0,0,0,0,0000,No Fault
-0.004597449220667753,0.10341774244713137,-0.10828724639299628,-0.9515696480630406,0.744051079194128,0.21081541344785337,0,0,0,0,0000,No Fault
0.0628361845449771,-0.4962348184623925,0.4330494432337847,0.5043565039118553,0.04261703602559262,-0.5342258252049009,0,1,1,0,0110,LL Fault
-0.7406440665697821,-0.044078949071852135,0.005826736199827716,0.2225619546194319,0.24145480077984788,-0.4542952033904925,1,0,0,1,1001,LG Fault
0.9656665169225143,0.05103284672782223,0.0044516009251729625,0.06624449588195051,-0.5533522894477763,0.5123264485378426,1,0,0,1,1001,LG Fault
0.6381705760620506,-0.967011069112398,0.33205962501915887,-0.005868860128610581,-0.05767224852273531,0.0795446618850123,1,1,1,1,1111,LLLG Fault
-0.7784884537919627,-0.14706845995360837,0.9140206942718636,-0.0430564304438643,0.03906684360927406,0.018255958829274416,1,1,1,1,1111,LLLG Fault
-0.780995351047276,0.23252135267966895,0.536319076281945,0.08584028652329746,0.016417623363749106,-0.08790346162517944,1,1,1,1,1111,LLLG Fault
0.9238695099379244,-0.7729821765342779,-0.01803721860960606,0.0299625755294848,-0.32902902788028693,0.3201244191595592,1,0,1,1,1011,LLG Fault
0.4012811514194262,0.5787978261398479,0.053584516171086796,0.09045063880301098,-0.5576714122837777,0.49245721247526864,1,0,1,1,1011,LLG Fault
-0.8364658238874124,0.4106686978288272,0.4127416722847831,-0.18333952365016723,0.0772341036656299,0.12001942446461296,1,1,1,1,1111,LLLG Fault
-0.07508296497241447,0.09932516981210952,-0.0338632904464595,-0.6075590451846361,-0.3600325091515632,0.9909280399786884,0,0,0,0,0000,No Fault
0.03382782869186923,-0.8568756112870334,0.8234217069660101,-0.16480460995033577,-0.0038439311609093293,0.18405198575955367,0,1,1,0,0110,LL Fault
0.05898023844317036,-0.6568025006589636,0.5979015412440388,0.3220616815932095,0.031957393250482274,-0.3405857807331316,0,1,1,0,0110,LL Fault
0.8747804536844261,-0.054443979350257535,0.03211102023209077,0.07783687822992663,-0.6133287861245348,0.5618179733472582,1,0,1,1,1011,LLG Fault
-0.0009122028863117145,0.09644389727102312,-0.10440453949923388,-0.9381995175783641,0.7595483938722452,0.18161843659596835,0,0,0,0,0000,No Fault
0.03255262904645252,0.07254715041970634,-0.11416346214230881,-0.6409369324791119,0.9842383528979846,-0.34538603620686054,0,0,0,0,0000,No Fault
-0.018449478913242844,0.1075676766143386,-0.09843192119617492,-0.9917714669494104,0.5927752171177129,0.4052703665584929,0,0,0,0,0000,No Fault
0.02836417905323089,0.07609278527990145,-0.11342238856739478,-0.6981135537541245,0.9668272088763146,-0.2703162828918078,0,0,0,0,0000,No Fault
0.6574383627920309,0.3246877074171574,-0.9805044922507876,0.08857642248925679,-0.06324700498873134,-0.009470463704066217,0,1,1,1,0111,LLL Fault
-0.03533346298615913,0.8781198721696067,-0.848870680911387,0.08139665214672073,-0.016442366650950887,-0.049964487961460746,0,1,1,1,0111,LLL Fault
-0.00784216901362568,0.7582151063690775,-0.7551273840408638,0.6457413049141618,0.014689252159057541,-0.6475277020247103,0,1,1,0,0110,LL Fault
0.6754152518378033,-0.9638560681535162,-0.045487275268913635,-0.001739955708267158,-0.0668001960519554,0.08470597529111623,1,0,1,1,1011,LLG Fault
-0.9368388019062075,0.22076322599472348,-0.04399583586285716,-0.029093699156190207,0.5549759491324103,-0.5214430578571273,1,0,1,1,1011,LLG Fault
0.6999704699008631,-0.6755944224183814,-0.019169169462284967,0.05995920856693139,-0.719509178723457,0.6879383672943612,0,1,1,1,0111,LLL Fault
0.7510894590078631,-0.9279209820175862,0.18313329631284056,0.004535592197226896,-0.0656958945673288,0.07728853254511986,0,1,1,1,0111,LLL Fault
-0.9832990482100541,0.5758579849279951,-0.020309145725107232,-0.006719992751589944,0.43013696245300587,-0.416668083892032,1,0,1,1,1011,LLG Fault
0.6050641978584755,-0.9801502849772992,-0.050430382830671514,-0.007839584090176488,-0.00943017407900206,0.03236306752510133,1,0,1,1,1011,LLG Fault
-0.05643470408930781,0.10955117240971864,-0.06249120900683621,-0.8780045197487995,0.04503625307873995,0.8493349501742768,0,0,0,0,0000,No Fault
-0.4920295067323553,0.9998848279886214,0.037065917591120025,0.05827194714283981,-0.10848158708499574,0.06700732963564812,1,0,1,1,1011,LLG Fault
-0.4948934149092073,-0.5112382826989238,0.9983148035187228,-0.042728599485220176,0.018331771505704753,0.03905581046241269,1,1,1,1,1111,LLLG Fault
-0.8692850196522487,-0.049582893226070776,-0.029451667290867112,-0.0069662195627797005,0.4819812873121418,-0.4692493543023808,1,0,0,1,1001,LG Fault
-0.4515039216097626,-0.5348517518756458,0.9788497470816551,-0.04880308992815774,0.01739212696872347,0.04610388114373052,1,1,1,1,1111,LLLG Fault
0.91158558602441,-0.7898954555991298,-0.08099534030994587,0.02624843147833378,-0.1298359987171002,0.12087539093375366,1,1,1,1,1111,LLLG Fault
-0.006840845588488981,0.10467258170920653,-0.1073211892625991,-0.9606516079744157,0.7229871705837392,0.24138507959684716,0,0,0,0,0000,No Fault
-0.9787416454492291,0.6136238720679484,-0.017285492337067755,-0.003679221475743965,0.4100953772080109,-0.3992950118744054,1,0,1,1,1011,LLG Fault
0.054705264845298106,-0.023341938516854222,-0.03320164388342413,0.792559107733453,0.0524498031302134,-0.833211860622892,0,1,1,0,0110,LL Fault
0.17806691174886727,-0.03577712875749657,0.04531110001611996,0.6151082059047118,-0.9822172066261076,0.3990108885229014,1,0,0,1,1001,LG Fault
-0.744617058676832,-0.09145025055517052,-0.020620092598483093,0.2573426688331103,0.02886472347189062,-0.27254382889783507,1,0,0,1,1001,LG Fault
-0.039794476314851585,0.11595524638808712,-0.08595802416990408,-0.9806631145062206,0.33666891185161774,0.6550988770675178,0,0,0,0,0000,No Fault
0.06190791104590643,-0.5607737842986326,0.49869617933485855,0.4390176160550124,0.039020307133795805,-0.46504872882519466,0,1,1,0,0110,LL Fault
0.8273606175199291,0.08415656530197194,-0.039541281108854555,-0.4054590382090842,0.21405565910538538,0.20330986431488626,1,0,0,1,1001,LG Fault
-0.07806497619413158,0.054415183118783884,0.01428586374776146,0.09866140343406177,-0.8803725111436,0.8130495258375073,0,0,0,0,0000,No Fault
0.043862302838083816,0.05577952380253122,-0.10827805712792,-0.47076496140457597,0.9956127093268443,-0.5275993644695075,0,0,0,0,0000,No Fault
-0.07802340967943508,0.05491317731332407,0.013488722417204432,0.1281755344139779,-0.8903447387941833,0.7936186137321685,0,0,0,0,0000,No Fault
0.4561681396317296,-0.979391472032456,0.5272450876669201,-0.019246628204951162,-0.04482252868758604,0.07986433549005295,0,1,1,1,0111,LLL Fault
-0.0019436532813295803,0.7205004548902265,-0.7232415519569084,0.68641177491125,0.01940953990092907,-0.6931158604438528,0,1,1,0,0110,LL Fault
0.060952688439803095,0.00856703417386302,-0.07787550709128939,0.19713034334080393,0.7504139473867527,-0.9474135913833328,0,0,0,0,0000,No Fault
-0.5317711730266635,0.9995348590159557,0.03492204145171428,0.05545093260113088,-0.08000033520762005,0.040814096089914736,1,0,1,1,1011,LLG Fault
0.8911120589196629,-0.819415349073387,-0.06444889285519782,0.021889180648417307,-0.07587994838304311,0.07026624853594833,0,1,1,1,0111,LLL Fault
-0.8884431770964535,-0.07019993663000042,0.013231589775735228,0.3861534102663743,-0.12491664969233739,-0.24499646032248173,1,0,0,1,1001,LG Fault
-0.40102795284409487,0.9865298155882716,-0.5973596949305559,0.06446123992990063,0.008833205459706828,-0.05873939007081837,1,1,1,1,1111,LLLG Fault
-0.7367742909736441,-0.20714744918334918,0.9352796196660295,-0.04465830181696778,0.036370498502934445,0.022609591054240444,0,1,1,1,0111,LLL Fault
0.019540355547904554,0.08466630609788525,-0.11327172820142699,-0.7915910216100417,0.9231339490903985,-0.13206858424037266,0,0,0,0,0000,No Fault
-0.8141015059963057,0.423663841319212,-0.013562663120666885,-0.1862556100908673,0.44433222839560044,-0.25112112969916695,1,0,1,1,1011,LLG Fault
0.06221471478969132,-0.3038096152929315,0.24067098079124016,0.6559161278825291,0.049590844946191565,-0.693293407238626,0,1,1,0,0110,LL Fault
-0.06653895443719457,0.808518766621569,-0.7476528386048809,-0.06421944700052087,-0.04848755649608347,0.12869096057170104,0,1,1,0,0110,LL Fault
0.7675107316334775,0.1737704403290902,-0.93814642736002,0.08527070046141677,-0.07050187920371041,0.0012365672295592371,0,1,1,1,0111,LLL Fault
0.05100529118517458,-0.021279302790726578,-0.033135702346973286,0.7919381866616236,0.14135507343816947,-0.9231816751695832,0,0,0,0,0000,No Fault
0.9808754069267379,-0.564043551735215,0.0002157699658915449,0.048489251353208335,-0.4622579890978859,0.4373058099452529,1,0,1,1,1011,LLG Fault
0.796722906802449,-0.7343689856494564,-0.05617382694783533,0.049465614823485306,-0.5649722760003256,0.5409903051536624,0,1,1,1,0111,LLL Fault
-0.8517469036727635,0.05553954100392923,0.785848880192968,-0.030865536546887083,0.041315073058168256,0.0037418517556193093,0,1,1,1,0111,LLL Fault
0.9803488203306014,-0.42960012607807435,0.010091528545660713,0.05815391477502401,-0.5216805419935986,0.48816571033299405,1,0,1,1,1011,LLG Fault
-0.07557627190084756,0.050483189710038935,0.015091942805156473,0.24839646694910208,-0.9266031570028107,0.7100254319528743,0,0,0,0,0000,No Fault
-0.055593430840515996,0.11726689657262739,-0.07169388179405987,-0.9034171159897832,0.09732793301029935,0.8215309252251619,0,0,0,0,0000,No Fault
0.9663062807995725,-0.6961474672343458,-0.26256473188001334,0.036308090287296535,-0.08167294582061033,0.06171203865407326,0,1,1,1,0111,LLL Fault
0.8542647397225555,-0.0062372780213557095,0.015779056379261226,0.07962610742334685,-0.6083954925016152,0.5549970902062241,1,1,1,1,1111,LLLG Fault
-0.04918349465568114,0.8808536412754842,-0.8372545798430955,0.220330638135396,-0.02613919617470008,-0.1793859700483317,0,1,1,0,0110,LL Fault
0.05218410578442155,-0.020762827030020938,-0.03950840329602755,0.6682087806827407,0.3152859912273201,-0.9763557669584102,0,0,0,0,0000,No Fault
0.7149117443990213,0.22397647745359645,0.044146071320279395,0.08684347859667854,-0.6233335668140552,0.5629821299590514,1,0,1,1,1011,LLG Fault
0.7651878632694247,-0.930379970440734,0.1694054151265913,0.006263367065128117,-0.06692616187771008,0.07680979055994154,1,1,1,1,1111,LLLG Fault
0.06292954605766568,-0.4850247136789725,0.4217140058309227,0.5148393320060694,0.04316666712773763,-0.5452965029617616,0,1,1,0,0110,LL Fault
0.9013145985676028,-0.11663435347602512,0.02894142904042566,0.07520626733535653,-0.6045723957063748,0.555533002157083,1,0,1,1,1011,LLG Fault
0.017405837141402886,0.5510116609726019,-0.5722716478184017,0.796015879418137,0.03436249902407436,-0.8182472585070095,0,1,1,0,0110,LL Fault
-0.45460552183599034,-0.5497176762931095,0.9969661650882107,-0.038979650448628556,0.01502235117853164,0.038669143947198885,1,1,1,1,1111,LLLG Fault
0.033307174144214094,0.06959780150987734,-0.11167098592180215,-0.6391910438225397,0.9817119726517834,-0.3445622313474871,0,0,0,0,0000,No Fault
-0.9919838944157446,-0.05546463837504404,-0.008890857997658706,0.15250995236454315,0.27104587890198795,-0.41421009691790783,1,0,0,1,1001,LG Fault
-0.20143709525061557,0.04434944023606911,-0.0650819635985036,-0.5607417660929646,0.9568910572297594,-0.3979275613710944,1,0,0,1,1001,LG Fault
-0.006764937345218155,-0.018544797590950998,0.016283679852431877,0.982676864883186,-0.5967611130912258,-0.3623029687405947,0,0,0,0,0000,No Fault
-0.18895320727115805,0.9418271727791129,0.04891569882588509,0.07530308581538712,-0.29859590931693336,0.24365307001441885,1,0,1,1,1011,LLG Fault
-0.7882448759207961,-0.13173152034650398,0.9083080739496436,-0.042613098179758155,0.039701155334878606,0.017165102457297573,1,1,1,1,1111,LLLG Fault
0.9084254397523003,-0.08803102941271222,-0.8153113070445858,0.0758596909317458,-0.07950490792528045,0.019846400231315703,0,1,1,1,0111,LLL Fault
0.7872441157742248,0.1430927883110702,-0.9269355868375099,0.08440585997312307,-0.07178774689745858,0.0034139695526796713,0,1,1,1,0111,LLL Fault
0.0537961547477231,-0.011424427846324036,-0.051019724135947526,0.5922561418721664,0.40663194003216907,-0.9932811405955284,0,0,0,0,0000,No Fault
0.998898561322796,-0.5139796835464363,-0.4800177964385054,0.051683960229688665,-0.08456614489501169,0.049243506591559065,1,1,1,1,1111,LLLG Fault
-0.46503397880598546,0.9990837871458839,0.03843931716787903,0.06008918577287292,-0.1273475409164379,0.08440923728032565,1,0,1,1,1011,LLG Fault
-0.9253217064877136,0.786689811639245,0.1228961608402813,0.014354602728790689,0.04629753445708871,-0.04667518669549386,1,1,1,1,1111,LLLG Fault
-0.942122182101872,0.7573487308110376,0.16898574366431984,0.011098418146797474,0.047572291136453115,-0.044709313245391395,1,1,1,1,1111,LLLG Fault
0.05641424795921461,-0.07782008888331307,0.019856296076705773,0.772439663480179,0.05247468558829155,-0.8130644309231658,0,1,1,0,0110,LL Fault
0.014834982884791098,-0.02796715661280333,0.004603041233385979,0.985576710751603,-0.347359767741414,-0.6193446189313553,0,0,0,0,0000,No Fault
0.051105934006384156,-0.0165485924818244,-0.043069828349295895,0.6657141350370167,0.31889585882080373,-0.977532876269379,0,0,0,0,0000,No Fault
0.2853889799256743,0.6761503647389588,0.05458744337188465,0.0893545555900157,-0.5183964038362066,0.4535358915950862,1,0,1,1,1011,LLG Fault
0.05912283134734131,0.02218464781148871,-0.08985659982607892,0.009790765092710695,0.8602904789581002,-0.8715389502509111,0,0,0,0,0000,No Fault
-0.3583013220717281,-0.06472818321405835,0.04141606238058967,0.6360816065847738,-0.7524090654682207,0.1438127809176926,1,0,0,1,1001,LG Fault
-0.7999664718245536,0.9175049118402447,0.014610972891882686,0.03076114625978916,0.1475643665687446,-0.1663137498616272,1,0,1,1,1011,LLG Fault
-0.9772012890141845,-0.06122445619296055,-0.0018882882094432077,0.22862276351089378,0.15127486441542362,-0.36848084229791683,1,0,0,1,1001,LG Fault
0.023051782786477164,-0.028886381945357364,-0.0026183766763454488,0.9597317485387645,-0.23032257902010897,-0.7126892852196256,0,0,0,0,0000,No Fault
-0.8747555963537907,0.02287495219817156,0.8389824030062141,-0.03733854514211909,0.0452643282528177,0.006207821418057945,1,1,1,1,1111,LLLG Fault
-0.013333938455264172,-0.842825782396006,-0.07321394100681788,-0.04121060676199812,0.3700769066111287,-0.3208862406950222,1,0,1,1,1011,LLG Fault
0.9836481307127071,-0.4983764172373195,0.005200651170424066,0.05342188895007347,-0.4934408729566364,0.46413472173153664,1,0,1,1,1011,LLG Fault
-0.0691960906748668,-0.025073819333083617,0.09117456973285645,-0.7829734220090727,-0.08433690780594305,0.8858801227130642,0,1,1,0,0110,LL Fault
-0.1848937814038689,-0.7438234721329255,0.9241601910194807,-0.04575004982504782,-0.0006337526147001341,0.06141069670488696,1,1,1,1,1111,LLLG Fault
-0.05051639663696695,-0.34185073624084816,0.3903241712908881,-0.8117230438781837,-0.07641927436727439,0.9066380821345464,0,1,1,0,0110,LL Fault
0.9747197044157386,0.07313096377404213,-0.01820457244944311,-0.18683030103744336,-0.18341150732724265,0.38911121557130013,1,0,0,1,1001,LG Fault
-0.06470733991886418,0.02969496005043749,0.02545687046416644,0.48209802580664113,-0.964178947307753,0.5139931385471255,0,0,0,0,0000,No Fault
0.8046155951262909,-0.9062243400502936,0.10847956179381067,0.010478274977822824,-0.06972250287697149,0.07543311404111329,0,1,1,1,0111,LLL Fault
-0.9655313125003502,0.7048703823581347,0.24483699878338572,0.005713417705329378,0.049389519709160654,-0.041161751152919764,1,1,1,1,1111,LLLG Fault
-0.704959569858852,-0.25316795970097666,0.947557077465237,-0.045711967122082156,0.03425490051746557,0.025821792841829512,1,1,1,1,1111,LLLG Fault
-0.8285055537562583,0.8937196101122918,-0.07817770396525801,0.0285656445547515,0.039181408751030246,-0.053672737727588876,0,1,1,1,0111,LLL Fault
0.6171805003376855,-0.9780393094691959,-0.04963027510838153,-0.006839258580591794,-0.019001518401999783,0.041113066812950225,1,0,1,1,1011,LLG Fault
-0.982949899352759,0.648015214046145,0.31914000057601866,0.000428228943036707,0.05079855039194449,-0.03729831964089421,1,1,1,1,1111,LLLG Fault
0.7185124034272674,-0.9426952477802127,0.22801600247989331,0.0013517492914882426,-0.0633918219951671,0.07813302049879756,1,1,1,1,1111,LLLG Fault
0.4553950421490768,0.024633625060454772,-0.0010791480017311363,0.4987847640252783,-0.9335789094608805,0.46608144068722474,1,1,1,1,1111,LLLG Fault
-0.030277737439857646,-0.5712568232797354,0.6003052303388295,-0.7465335939555684,-0.06343835523411334,0.8280485536059286,0,1,1,0,0110,LL Fault
0.05478795229253071,-0.017789856699538746,-0.045070610094838856,0.6081249588214124,0.3875383932699184,-0.989736152553141,0,0,0,0,0000,No Fault
-0.029115569942952127,-0.0056112567218293,0.025460826243372307,0.8874620981943961,-0.8028716452276669,-0.05681397752201106,0,0,0,0,0000,No Fault
-0.8434388411676276,-0.03598213753852819,-0.0365757073542619,-0.10642628664788842,0.619780756043342,-0.5099400254327856,1,0,0,1,1001,LG Fault
-0.05626213891765597,0.017542986989490063,0.029413567411972083,0.6133133619959728,-0.955961334281649,0.3740563732947061,0,0,0,0,0000,No Fault
0.6509191862817066,-0.6400386956101864,-0.006194498341766783,0.06436167987680716,-0.7697943415078159,0.7347636247375228,0,1,1,1,0111,LLL Fault
-0.9751650825383991,0.297530297639619,0.6630095584212836,-0.024342248784481706,0.051407125215020735,-0.013082292950920112,1,1,1,1,1111,LLLG Fault
0.9953395687142423,-0.565989867499191,-0.42431495548199966,0.047709055905346354,-0.08415161958501219,0.05280656080481433,1,1,1,1,1111,LLLG Fault
0.024145245511359534,0.0814937699298035,-0.11479981447061784,-0.7423809758327694,0.9509913448588216,-0.2097951266129765,0,0,0,0,0000,No Fault
-0.6180366129035071,-0.3606518155763285,-0.0665937921483813,-0.05013205390230968,0.5859140589301873,-0.5318741328127707,1,0,1,1,1011,LLG Fault
0.039424572799398074,-0.02687856545743715,-0.020858639141723083,0.8472250861934659,0.044233353637366274,-0.8796503971346624,0,0,0,0,0000,No Fault
-0.12975879887750588,0.9168279933494184,-0.7963760587234153,0.07789197776341508,-0.009980601368021057,-0.053034909223547144,1,1,1,1,1111,LLLG Fault
0.9058920994373584,0.0810165162915903,-0.03090220156990569,-0.31980700006507984,0.04675519788395796,0.28790599065824474,1,0,0,1,1001,LG Fault
0.060585663788885365,-0.002054343945475391,-0.06672635169048058,0.34826980438229044,0.638613781398134,-0.985032002644448,0,0,0,0,0000,No Fault
-0.5647749112247348,-0.40508048329596713,-0.07030462368676242,-0.04821614166662215,0.5682576084380286,-0.5158036175335462,1,0,1,1,1011,LLG Fault
0.5442072818204577,0.4523304785292008,-0.9985913348743013,0.09018876019167767,-0.05575231669808123,-0.018723989072397102,1,1,1,1,1111,LLLG Fault
-0.2792111771363739,0.9693697448143666,0.046136442442233104,0.0709503690405269,-0.24652334422058736,0.19495660513095442,1,0,1,1,1011,LLG Fault
0.5580571878344088,0.4392941743759696,-0.9969462515976507,0.09008826435269772,-0.0566486839473164,-0.01770984796760674,0,1,1,1,0111,LLL Fault
0.9740953891880147,0.07376991007984177,-0.01908135465597604,-0.19598878652541604,-0.16821518850761144,0.382809289619454,1,0,0,1,1001,LG Fault
-0.06238897391509672,0.02835425943295513,0.024221345109163545,0.5340828625788288,-0.960725433339048,0.4583514314187399,0,0,0,0,0000,No Fault
0.05511119286113544,0.03478836529162473,-0.09837952639191334,-0.19162880055263265,0.9429213775681285,-0.7537843328574971,0,0,0,0,0000,No Fault
0.059754178121096256,0.004079125575078823,-0.07247157136838325,0.31619232890243193,0.6657983199630024,-0.9805698925944952,0,0,0,0,0000,No Fault
-0.07942930657121497,0.5507528971943881,-0.4763708529566217,-0.4418910000694512,-0.07296817808797935,0.5323089642408074,0,1,1,0,0110,LL Fault
-0.02214071678691674,-0.6538321043278196,0.6753034783307327,-0.6991227388042549,-0.05760429753322557,0.77456723467589,0,1,1,0,0110,LL Fault
0.025271425212058895,-0.860764275064544,0.8357773551099964,-0.2772507044175543,-0.013468992205645241,0.30660390696132095,0,1,1,0,0110,LL Fault
0.4432024850734509,0.5398687761333586,0.052948325333800866,0.09057857833107316,-0.5702262581607344,0.5051220286362776,1,0,1,1,1011,LLG Fault
-0.8855569584994271,0.8400348921399856,0.029960283537127534,0.020910282826556728,0.043330576436489084,-0.050224918839157744,1,1,1,1,1111,LLLG Fault
0.04249361164974891,-0.02702407149963605,-0.014427341489845244,0.9418656503863092,-0.1497137652762399,-0.7769143099378237,0,0,0,0,0000,No Fault
0.010680112161220667,0.09463679528646618,-0.11451100941624912,-0.8633265388562463,0.8716983383480417,-0.007731203950923048,0,0,0,0,0000,No Fault
-0.0821808616211903,0.0807254342721836,-0.008291371520363109,-0.25982559166372193,-0.6773088971692844,0.9655698754410322,0,0,0,0,0000,No Fault
-0.015776827377689647,-0.014058698292400841,0.020715040629144622,0.955843397008155,-0.6877046832907017,-0.2427289975769325,0,0,0,0,0000,No Fault
0.03234556886587273,-0.878155996394639,0.8464521084183897,-0.1765189108911712,-0.007759150984961756,0.1997868604081337,0,1,1,0,0110,LL Fault
-0.23014774157449566,-0.7118766453825509,0.9393159016426066,-0.046625776019462176,0.0024712742430983876,0.0591247934711287,0,1,1,1,0111,LLL Fault
0.041366655984074206,-0.027664402351036156,-0.02186571158510201,0.8311519735348963,0.0738390641207149,-0.8937021992066381,0,0,0,0,0000,No Fault
-0.02476272536314775,0.10855993407123929,-0.09303394745063584,-0.9964638789349096,0.5144252227554684,0.48981202560631076,0,0,0,0,0000,No Fault
0.06003759452130027,0.016994917908645678,-0.0855592142323085,0.08792274562217064,0.8184601864152299,-0.9072539858660559,0,0,0,0,0000,No Fault
-0.13666642281015423,-0.7712490741791118,-0.07450268781856939,-0.044677380994593646,0.42611094966525276,-0.37450765324906665,1,0,1,1,1011,LLG Fault
-0.8258812395314277,0.33656961526948204,0.47657415278407,-0.07213377801626478,0.055611252450508866,0.03055203118510664,1,1,1,1,1111,LLLG Fault
-0.9629060481719988,0.25363627412569667,0.6971526339144207,-0.026778699731447725,0.05072374928243961,-0.009943040171457411,0,1,1,1,0111,LLL Fault
-0.08042124938408139,0.06327266173490996,0.007608243091951156,-0.0115465066372369,-0.8294250568144267,0.87163535592941,0,0,0,0,0000,No Fault
-0.8708340026429241,0.08949330336274855,0.7707118204942213,-0.06092085766756607,0.05088032460966076,0.024130087880733096,0,1,1,1,0111,LLL Fault
0.9919654185478164,0.06240600764338088,-0.00593614386885461,-0.05210165952573356,-0.3901402203137599,0.46467709106877003,1,0,0,1,1001,LG Fault
-0.7903686487073469,-0.021786469922453464,-0.03583186771044893,-0.153059337621426,0.6978488889243325,-0.5427329370608237,1,0,0,1,1001,LG Fault
-0.08018107135295345,0.08906478356682553,-0.018511822015542995,-0.4206080828624357,-0.5487839293731622,0.9958147050440409,0,0,0,0,0000,No Fault
0.9576419248395304,0.07619798425737308,-0.022522746464343747,-0.23281130331266037,-0.10709244327313558,0.35744678662838847,1,0,0,1,1001,LG Fault
0.04312580537777259,0.056868968745935854,-0.10864042248641778,-0.48450883720708626,0.9959922865642203,-0.5142058315965427,0,0,0,0,0000,No Fault
0.893472554774343,-0.8005172829514722,-0.08582414815657059,0.028439183535497674,-0.18461024272453513,0.17449249801389005,0,1,1,1,0111,LLL Fault
-0.04681907716252641,0.009339652607858689,0.028008136421381266,0.7374428057513313,-0.9155208021099863,0.2083898881969592,0,0,0,0,0000,No Fault
0.44357562458158456,-0.01537568145706764,0.040839512890202496,0.53358190629734,-0.99054228060621,0.48923638160113775,1,0,0,1,1001,LG Fault
-0.5440524199203591,-0.4602442502920557,0.9959076120523469,-0.044256542128676385,0.022294681628896307,0.036549689905992076,1,1,1,1,1111,LLLG Fault
-0.9226123464111537,0.1310624466421402,0.7779000332686581,-0.032783499617373285,0.048266769992087954,-0.001418717962727991,1,1,1,1,1111,LLLG Fault
-0.5227152904271762,0.23264441874482442,0.2804963327683538,0.3346475445634952,-0.0569081259713505,-0.2626531329665154,1,1,1,1,1111,LLLG Fault
-0.021100319044920494,0.10611186578746967,-0.09408269116761864,-0.9940230730476496,0.5524641106245216,0.44860401328228655,0,0,0,0,0000,No Fault
-0.025445955430654466,-0.00937422517948603,0.025739181719065286,0.908496972935356,-0.7779206228371839,-0.10332912541553864,0,0,0,0,0000,No Fault
0.05585221315332593,-0.7502195176839888,0.6949130545524848,0.250590940769818,0.0212912579921637,-0.2580570173085154,0,1,1,0,0110,LL Fault
0.8653770598421237,0.0029177665435682534,-0.866171119743591,0.07973437571241385,-0.07685116367149725,0.013257341548462389,1,1,1,1,1111,LLLG Fault
-0.4372023217998847,-0.1035185260677611,-0.021339479951833357,0.5712595751464153,-0.10959678435462755,-0.44620395645134997,1,0,0,1,1001,LG Fault
0.06256183847391986,-0.5139472979397316,0.4513199031678151,0.5737680865404856,0.028261451706509615,-0.5891934247287275,0,1,1,0,0110,LL Fault
-0.03798981294958285,-0.000969372078755657,0.02987520018169046,0.8170275190395816,-0.8728381122234767,0.08510152153708254,0,0,0,0,0000,No Fault
0.06178671079921222,0.009968761970374183,-0.07856154154449847,0.2398429415452112,0.7229137223446137,-0.962217344226002,0,0,0,0,0000,No Fault
-0.8550377021220783,0.019462198513510644,-0.05447287556596351,-0.03789510749848999,0.5862306937113363,-0.5444661665121355,1,0,1,1,1011,LLG Fault
-0.9944715336774594,0.41426667137938505,0.5673134882286368,-0.017331650110535203,0.05241034009543881,-0.02113373363187037,0,1,1,1,0111,LLL Fault
-0.9958820744333422,0.5746328408750663,0.40557424119726726,-0.00574881968598389,0.05194816817948229,-0.03227632978743852,1,1,1,1,1111,LLLG Fault
-0.07339344985832162,0.043814784288868196,0.02003519948555096,0.28118963279063686,-0.9381087855516523,0.6888692912232637,0,0,0,0,0000,No Fault
-0.06767064632087774,-0.050808427797876726,0.11536760466998033,-0.7897052979257292,-0.08384002246593379,0.8921235314865975,0,1,1,0,0110,LL Fault
0.06310392888304525,-0.4506716196710468,0.387087250378765,0.5455379524737226,0.04472737788308037,-0.5776668399934594,0,1,1,0,0110,LL Fault
-0.5772629597645947,-0.07132862106793245,0.03433707201438154,0.5835935061363721,-0.5682500996837698,0.008786374853407984,1,0,0,1,1001,LG Fault
0.1593136775733096,-0.9162476243836454,0.7582101286551189,-0.034883273222068814,-0.02419321188564691,0.07452164472008793,0,1,1,1,0111,LLL Fault
0.31918126855126294,-0.34282283744506975,0.024556274510072737,0.08385933141234699,-0.8852363924828083,0.8328470215906814,0,1,1,1,0111,LLL Fault
0.06170408222335541,0.012846663246317782,-0.08149471863089253,0.194173554325579,0.7543112950810565,-0.9484202675779808,0,0,0,0,0000,No Fault
0.019107285148770473,0.08767876809110907,-0.11583115164064904,-0.793416243200871,0.9257561986512111,-0.13291053442141745,0,0,0,0,0000,No Fault
0.21400434885113814,0.7354996381211009,-0.9529930626562455,0.08806385851569987,-0.03347433476521365,-0.03929419454342216,0,1,1,1,0111,LLL Fault
0.7341325221997798,-0.9512775559990961,-0.04112949222301564,0.004336592147928742,-0.11480088993852569,0.12752489774472686,1,0,1,1,1011,LLG Fault
0.5968801726396674,0.396449781838396,-0.9923657149508338,0.08970763632144578,-0.05925052879208394,-0.014676993655567478,0,1,1,1,0111,LLL Fault
-0.7050421908836183,-0.2398832653880415,-0.061532208821218536,-0.050015764826303516,0.5949443764713835,-0.5411924134321047,1,0,1,1,1011,LLG Fault
-0.07926440811890549,0.5614453764453378,-0.4872583734336505,-0.4309401244381922,-0.07236150310919184,0.5207108684036742,0,1,1,0,0110,LL Fault
0.062257125873506694,-0.32902323981430015,0.26602513339403794,0.6387777274252426,0.04893705091616435,-0.6754433675329965,0,1,1,0,0110,LL Fault
-0.062478028672393826,0.024725460429664406,0.028498939109518846,0.5108827059318896,-0.9666118532730285,0.4876112210289954,0,0,0,0,0000,No Fault
0.04699689062463751,-0.8333594248357853,0.7870468963608763,0.0573946190934985,0.008949841981948193,-0.05177288594134328,0,1,1,0,0110,LL Fault
-0.9767177126605429,0.6258776449186111,-0.016274226802247778,-0.0026496020852979675,0.4031999991675639,-0.3933011342533558,1,0,1,1,1011,LLG Fault
-0.017134204421309137,-0.6826681523938507,0.6990587048395548,-0.6710345218477145,-0.05332091410192345,0.7420398838869919,0,1,1,0,0110,LL Fault
0.9889728845537489,0.05973614739416006,-0.0033104218579347406,-0.022573407882159488,-0.4324210235477616,0.4781536993057668,1,0,0,1,1001,LG Fault
-0.062437914408732545,-0.16145500915493535,0.22128361924314743,-0.8092033145657801,-0.0823064289940208,0.9101105466043754,0,1,1,0,0110,LL Fault
0.983593179573686,-0.5539590501381397,0.0012115149234793801,0.04976861867537655,-0.4688957877384694,0.44278681179717316,1,0,1,1,1011,LLG Fault
-0.04556226634402542,-0.40353435598550214,0.4471888271934263,-0.8027333090373824,-0.07368756529394842,0.8948409665492769,0,1,1,0,0110,LL Fault
0.2974107237617595,-0.0028375259296229832,0.006466745532139547,0.573965323562595,-0.9665809719028734,0.42432989155161766,1,1,1,1,1111,LLLG Fault
0.05839046315788406,-0.008476703015086854,-0.055351707943060637,0.5518409621590629,0.44991066641675564,-0.9968588179197051,0,0,0,0,0000,No Fault
0.22178323613781475,0.07093061905538998,-0.06409141967728879,-0.6069437010019827,0.8041593027236156,-0.19597306469469314,1,0,0,1,1001,LG Fault
-0.7722027157384646,-0.1016786278932011,-0.05284432401664245,-0.0002099112469499155,0.5640599332290985,-0.5596597881796046,1,0,1,1,1011,LLG Fault
0.47003482658770906,-0.9800547120845912,0.5140750001727721,-0.018347196531155796,-0.0457958347757174,0.07995429367602747,0,1,1,1,0111,LLL Fault
0.009129894603430501,0.632444072372198,-0.6458721079623385,0.7546730776869848,0.02814953404793604,-0.7704639844745435,0,1,1,0,0110,LL Fault
0.03850373680790192,-0.8681184844205136,0.8303000701307716,-0.0866178917026686,-0.0005752959918361063,0.10232731864427289,0,1,1,0,0110,LL Fault
-0.06951361052378636,0.035751960778862835,0.024409657830013455,0.37071232476415317,-0.9567249826810947,0.6180787271536371,0,0,0,0,0000,No Fault
-0.047208192087680845,0.010870374340745117,0.026714832346405752,0.7365365867517828,-0.9142095066025168,0.20796233039795695,0,0,0,0,0000,No Fault
-0.05178521652658476,0.01238883440650367,0.03014715318271212,0.6730192184575962,-0.942241105469743,0.3002116353143589,0,0,0,0,0000,No Fault
-0.06965178940864783,0.7783853196846602,-0.7143515415136734,-0.1288461721946796,-0.05312459577990904,0.19821405644344225,0,1,1,0,0110,LL Fault
0.012280916047415498,-0.8511534685309011,0.8391959470352051,-0.41746638650311707,-0.027750812723731984,0.4617441629970041,0,1,1,0,0110,LL Fault
-0.8345369776399403,0.8907393948388669,0.010801867599572048,0.026417173902430594,0.18409368897951278,-0.19918078291906657,1,0,1,1,1011,LLG Fault
-0.3131080016789773,0.9718065578069581,-0.6697543613375323,0.0693817616486889,0.0027097111744000153,-0.0574332616524144,1,1,1,1,1111,LLLG Fault
-4.4225277380247844e-05,-0.02125600694770353,0.012342614383941353,0.9926233643183252,-0.5221138828824271,-0.44833961332159555,0,0,0,0,0000,No Fault
-0.558932591853751,-0.42623839455164764,0.9786549727698849,-0.048371021631602645,0.02460689893385635,0.03831898409106214,0,1,1,1,0111,LLL Fault
0.01749016180747448,0.08646784765713253,-0.11304566085178261,-0.8102835075094691,0.9109305210040817,-0.1008915346140565,0,0,0,0,0000,No Fault
0.19864669750443684,-0.9496275792222252,-0.06897718614741913,-0.03184046097911365,0.2653685502635917,-0.22358587284570355,1,0,1,1,1011,LLG Fault
0.762042401607423,0.06700736124424808,0.032114394296200395,0.1872119322837934,-0.7103210592094086,0.5509857967486373,1,0,1,1,1011,LLG Fault
-0.03162231112355622,-0.5607920316383769,0.5912448829523372,-0.7518569575192621,-0.06421028430070166,0.8341726062659374,0,1,1,0,0110,LL Fault
0.993832760485381,-0.5786490783977234,-0.4101218952010955,0.04668809541242644,-0.08400330712400769,0.053679099473409576,1,1,1,1,1111,LLLG Fault
-0.27794016606274,-0.6929732601781375,-0.07452342154007888,-0.04649315427273773,0.4904084949145574,-0.4382047536516455,1,0,1,1,1011,LLG Fault
-0.7480783534007533,-0.1928380451116004,0.9297855343531711,-0.044291404675638996,0.037083029115844386,0.021515665939658136,1,1,1,1,1111,LLLG Fault
-0.67296159395261,-0.27342491890459675,-0.06636205615003325,-0.046288296105113286,0.5867796451417596,-0.5366100947485162,1,0,1,1,1011,LLG Fault
0.8788480252340116,0.08243156793395391,-0.03412135853672747,-0.352369809629352,0.10807299757469907,0.25807372802187606,1,0,0,1,1001,LG Fault
0.06347198217786751,-0.8977575167628526,-0.0721542274657551,-0.03681033265764844,0.33824078216932435,-0.29285791885892154,1,0,1,1,1011,LLG Fault
-0.818987581611852,0.0899718186017103,-0.0380430695918731,0.03759268748489361,0.5017995858321649,-0.53412077724806,1,0,1,1,1011,LLG Fault
-0.0713397728609115,0.7580207482653769,-0.6922571177123469,-0.16722148504597167,-0.05579885479182548,0.23941611596746332,0,1,1,0,0110,LL Fault
-0.758397442321051,-0.1776332293821949,0.9247633098960919,-0.04389492913506865,0.03775703043346407,0.020431349402809326,1,1,1,1,1111,LLLG Fault
0.8618958478737135,-0.021824128014384873,0.015545168627900618,0.07903174852700545,-0.6073956258135594,0.5545741841658947,1,1,1,1,1111,LLLG Fault
-0.9845205328344768,0.34164262361899783,0.6280334488000331,-0.021796575671798137,0.05191900540782343,-0.01615631227660947,1,1,1,1,1111,LLLG Fault
0.0144742476478836,-0.026557156400710887,0.0034114581124952033,0.9847420505916096,-0.346151978145829,-0.6197384568391489,0,0,0,0,0000,No Fault
-0.4930010961574355,-0.49534378701532555,0.9803580090221581,-0.04877431410099457,0.020174808184644753,0.043239542190005545,1,1,1,1,1111,LLLG Fault
-0.5348940022167442,0.014870870262629048,-0.05690089090192591,-0.42460743767671544,0.9293805594350267,-0.50639025371372,1,0,0,1,1001,LG Fault
0.0041314752252640564,0.09936867089583307,-0.11279969627274923,-0.9069125920418707,0.8222789268383873,0.08632762354635924,0,0,0,0,0000,No Fault
0.2915793444286974,-0.9612625067867505,-0.06571675965093493,-0.028416616129637515,0.20551531852662716,-0.16602975842812853,1,0,1,1,1011,LLG Fault
-0.7601185151151052,-0.07307454048814879,0.024467918344613045,0.49574360790954236,-0.34939554313796756,-0.12613847743220913,1,0,0,1,1001,LG Fault
0.978275787593666,-0.6103780639632356,-0.06522215497549363,0.04438231240966615,-0.3607231559533005,0.33796202559316013,1,1,1,1,1111,LLLG Fault
0.06101617887866596,-0.37210844037240914,0.310593034608897,0.6792869034591829,0.05114767833618862,-0.7183125177672426,0,1,1,0,0110,LL Fault
0.9105531866958383,-0.7938879100797641,-0.11164970047478544,0.02515696305478925,-0.07736204377590947,0.06850002309348374,1,1,1,1,1111,LLLG Fault
0.009835779441183131,-0.02818856237166381,0.009909488254941364,0.9946527632062042,-0.4188844824917086,-0.5555627282306715,0,0,0,0,0000,No Fault
0.05056448096355155,0.043127431963925565,-0.1019721694418421,-0.3406500567900742,0.9790019159775917,-0.6411332174532043,0,0,0,0,0000,No Fault
-0.08011649779607702,0.46064594849270785,-0.3853147153832318,-0.5252178849362295,-0.07730410661643274,0.6202749723148837,0,1,1,0,0110,LL Fault
-0.8012777091847624,0.9131206766358684,-0.12463297561287767,0.03181825209930516,0.037206297292170315,-0.05492137463017363,0,1,1,1,0111,LLL Fault
-0.14361670147362907,0.04837391481802687,-0.0658861636669396,-0.575535800881591,0.9473329551774728,-0.37335482344703,1,0,0,1,1001,LG Fault
0.9209885618437714,-0.11884753374893511,-0.7968525587758585,0.07448994050770837,-0.08028522770109973,0.022014911280858133,0,1,1,1,0111,LLL Fault
0.046139962100190834,-0.8121192916827792,0.7663660976225846,0.029446508526159487,0.011564179840266947,-0.02641462741210815,0,1,1,0,0110,LL Fault
-0.06205009680161088,0.025006775891016467,0.027662180366345032,0.5234537805248619,-0.9651010498412506,0.47346734348705527,0,0,0,0,0000,No Fault
0.5482554850491351,0.015069688084981006,0.02695419713137545,0.44989380149991864,-0.9238802966079949,0.5052193626877407,1,0,1,1,1011,LLG Fault
0.045294731605237226,0.05359139190374929,-0.10750383790714904,-0.4429329030886954,0.9941282998135921,-0.5539926318830452,0,0,0,0,0000,No Fault
0.0010398659067140173,-0.02549337667832198,0.01592359158460122,0.9951317063170592,-0.5257435677613962,-0.4471560416773271,0,0,0,0,0000,No Fault
0.05023386609949471,0.049119464041016095,-0.10754837105719918,-0.3301368526583848,0.9824401891170705,-0.6551778135041235,0,0,0,0,0000,No Fault
-0.05744983131585144,-0.23909948799108105,0.29411895184194964,-0.8151422624259046,-0.08000954637771507,0.913724768514056,0,1,1,0,0110,LL Fault
0.06089773549213752,0.013124199214228712,-0.08225678475002103,0.10518637199290999,0.8070492474650827,-0.9129359021384679,0,0,0,0,0000,No Fault
-0.06289969443807147,0.10736477927847447,-0.05388602283623299,-0.8121815740287168,-0.07806667077765567,0.9087764861972588,0,0,0,0,0000,No Fault
0.4413431091971839,0.0796589571699072,-0.05921360962667812,-0.5790099281874703,0.6560699293973764,-0.07308130127380272,1,0,0,1,1001,LG Fault
-0.5898670996506541,-0.37644368844910836,-0.0695300223340757,-0.047905807766055936,0.573397781186905,-0.5213524879014019,1,0,1,1,1011,LLG Fault
0.3639685578806608,0.6224058044073294,-0.9882165418956715,0.09010222384409401,-0.0436282257208786,-0.030991387400735267,0,1,1,1,0111,LLL Fault
0.04068678904564612,-0.02705173679487617,-0.011362778313849875,0.9582148100137027,-0.1948992427088776,-0.7472638731865352,0,0,0,0,0000,No Fault
0.06312677419850218,-0.4389890794363756,0.3753476773759163,0.5555124580562449,0.04521779339560546,-0.5881675115909116,0,1,1,0,0110,LL Fault
-0.023774434225968723,-0.629805196694613,0.6526007976382656,-0.7120117306171654,-0.05856836332247386,0.7884727578183717,0,1,1,0,0110,LL Fault
-0.8274176795730662,0.30251582801784926,0.5139816107322073,-0.027565518043571366,0.03988386080326701,0.0018914576786513548,0,1,1,1,0111,LLL Fault
0.0814653295600242,-0.885903597995922,0.8049510203529254,-0.03798887192862392,-0.018828707011960093,0.07216917236274956,0,1,1,1,0111,LLL Fault
-0.8063088352566024,0.41271979835616535,-0.018175953009206276,-0.17931110191188443,0.43169713270750326,-0.24520918305345046,1,0,1,1,1011,LLG Fault
-0.9560170294253547,-0.06485400952240725,0.0032845988224782,0.2836198473578462,0.05960956214253885,-0.3302189416013442,1,0,0,1,1001,LG Fault
0.997208846805656,-0.5115076208515754,-0.48082920388156153,0.051434458990203664,-0.08437493382050604,0.04929882970516108,1,1,1,1,1111,LLLG Fault
-0.05663276763169681,0.11389090740934077,-0.06704459014803217,-0.8877294435057059,0.06397743200538002,0.8397850396758203,0,0,0,0,0000,No Fault
0.046583491731736155,0.053244609006982115,-0.10871704868809481,-0.4021246801463487,0.9926225097698944,-0.5933746796957651,0,0,0,0,0000,No Fault
-0.012081250817007068,0.10605561336196387,-0.10336830934171919,-0.9783167901011969,0.6660484003182031,0.3171163654325743,0,0,0,0,0000,No Fault
-0.5221790618346086,0.01637226318213688,-0.057111785491933034,-0.43080056077191264,0.9333471608229736,-0.5042225852904384,1,0,0,1,1001,LG Fault
0.5620662666931228,0.08296261812817243,-0.05495907287977631,-0.5461606168373614,0.5487726209303261,0.003315736809803389,1,0,0,1,1001,LG Fault
0.915111897445698,-0.14597119776204756,0.012407283805956685,0.07377310220482172,-0.593840511918578,0.546034427550509,1,1,1,1,1111,LLLG Fault
-0.9516524504283924,-0.0653985315342322,0.004136558891605567,0.2925724632400218,0.04424462162355242,-0.32353877869484265,1,0,0,1,1001,LG Fault
-0.9974862864160374,0.549876346427704,0.43426821710590835,-0.007748373747005145,0.05217527724875562,-0.030502890079042215,0,1,1,1,0111,LLL Fault
0.7192954104726847,-0.9418420330747677,0.22870708711937715,0.0013638289880369865,-0.06341614129667586,0.07814568957426117,0,1,1,1,0111,LLL Fault
-0.4792824435819181,-0.5086456268006042,0.9801009666408346,-0.048800650964239176,0.019255529525324347,0.04420267225100221,1,1,1,1,1111,LLLG Fault
-0.846576802381229,0.22390100875332125,0.6118360867847982,-0.0027459386931585478,0.035272891784766565,-0.018295456729128405,0,1,1,1,0111,LLL Fault
0.05963600287740677,-0.33242257995308094,0.272157141308466,0.7311890144565443,0.022898262483084082,-0.7415667385232012,0,1,1,0,0110,LL Fault
0.9197686811478263,-0.16445635474388706,0.026456434314624133,0.07323581473525155,-0.5965697482814498,0.5493541688962701,1,0,1,1,1011,LLG Fault
0.1058751327927644,0.8038917561673092,-0.9143122948355836,0.08567459485986749,-0.026116600326485634,-0.04439595521486924,0,1,1,1,0111,LLL Fault
0.06108229221366338,-0.0025249812112434853,-0.06661742360832693,0.3343630919678422,0.6492589520203702,-0.9819356034291074,0,0,0,0,0000,No Fault
-0.8989367078491548,0.8238917462188867,0.06169367840558605,0.018734215535966527,0.044355197739608644,-0.04908721343646416,0,1,1,1,0111,LLL Fault
-0.053074969836253594,0.11450582955374104,-0.07119006401652592,-0.9146162890024097,0.12539247168203804,0.8041626814065406,0,0,0,0,0000,No Fault
-0.900211899039159,0.8181137715298684,0.0019561395526298906,0.016573040233429273,0.26319278191156054,-0.26991066965303845,1,0,1,1,1011,LLG Fault
0.17598629333116328,0.06873487913254879,-0.06471443523415235,-0.6083829939676898,0.8285583103061295,-0.21939197188885334,1,0,0,1,1001,LG Fault
-0.0037764544422192138,0.8629335303425621,-0.8648322540415234,0.0824718783533673,-0.01861293875084309,-0.04883080440896315,0,1,1,1,0111,LLL Fault
0.059005329450664515,0.028220790032496976,-0.09480769310211944,-0.03893682632086371,0.885556064749247,-0.8484272108348598,0,0,0,0,0000,No Fault
-0.3891542917697099,0.032023665864016164,-0.06229172603821047,-0.5136925666952465,0.9633173776324028,-0.451649765877324,1,0,0,1,1001,LG Fault
0.06092803280693237,-0.5909879640534199,0.5300757524147681,0.40467822109678453,0.03703589711847664,-0.428596227036372,0,1,1,0,0110,LL Fault
-0.5520186833339121,-0.4192485355320764,-0.07066966963934768,-0.048345752123437696,0.5654709381964074,-0.5128341118967753,1,0,1,1,1011,LLG Fault
-0.792530539805404,0.9182448274742863,-0.14072238205588286,0.03289116433276671,0.03654119805583886,-0.05531941247747088,1,1,1,1,1111,LLLG Fault
-0.8354389497414563,0.22978207781174032,-0.027784704087476637,-0.0025328278478919455,0.46790548338423166,-0.4593515859169854,1,0,1,1,1011,LLG Fault
-0.4614022419537501,-0.5344353870970793,-0.07189999406444283,-0.037167036475735694,0.546441223936686,-0.5046516321139289,1,0,1,1,1011,LLG Fault
0.9747376379164223,-0.2870118271922542,-0.6813535162707874,0.0662257012227049,-0.08356095087527066,0.033638945495844216,0,1,1,1,0111,LLL Fault
0.9858460986148837,-0.6128060443652933,-0.3679470175011036,0.04334964719239806,-0.08324364127719801,0.05625231682543276,1,1,1,1,1111,LLLG Fault
-0.02724434778486991,0.11475586674993515,-0.09723311355415014,-1.0,0.5061436607116826,0.5017962388499595,0,0,0,0,0000,No Fault
-0.025392978076590387,0.8464790440397958,-0.82640978993561,0.4917647121048019,-0.001502936231599401,-0.47664343272060883,0,1,1,0,0110,LL Fault
0.6627111734957988,-0.9604271322116129,0.30336211715279093,-0.003822985488515746,-0.059385191179344335,0.07923881163798434,0,1,1,1,0111,LLL Fault
-0.6981355403407875,0.0027076924558637624,-0.051246487006471594,-0.35380664882960633,0.8770754851157521,-0.5240811046640317,1,0,0,1,1001,LG Fault
-0.042922038501292864,-0.4390388186446916,0.4802963882895391,-0.7952649942972854,-0.07187683567751313,0.8855077594076085,0,1,1,0,0110,LL Fault
-0.5334029754277899,-0.4547283761525708,0.979669476075322,-0.04859047904582521,0.02287680427587048,0.040301949167766235,1,1,1,1,1111,LLLG Fault
0.8928110544956324,0.08176143885891583,-0.03252287800556223,-0.3362646582276283,0.0774602417753008,0.273119560298687,1,0,0,1,1001,LG Fault
-0.06900125678359839,0.11219238378254051,-0.05332444465075499,-0.7585819408548108,-0.1634133967984463,0.9420010615722239,0,0,0,0,0000,No Fault
0.03830815177530281,0.061651238628983335,-0.10839791746871925,-0.5755719133358888,0.989537800241777,-0.416324361634569,0,0,0,0,0000,No Fault
0.04328850724274076,0.8388589494884513,-0.8873416994619292,0.08393763481766747,-0.02183776098612287,-0.04701442703871638,0,1,1,1,0111,LLL Fault
-0.04932328075849233,-0.3545254574060924,0.4017509216130329,-0.8101561567535464,-0.07590218012140665,0.904540135675179,0,1,1,0,0110,LL Fault
-0.8958358964179738,0.07018171762175496,0.814688015798675,-0.03545791647481234,0.046620145494590606,0.002940660940357353,0,1,1,1,0111,LLL Fault
-0.013781138674135105,-0.7068188725869883,0.7199675526610511,-0.648236679124293,-0.050570078742695715,0.7163785651765474,0,1,1,0,0110,LL Fault
0.00473743016195965,0.669633873116077,-0.6788295082948297,0.7294692110371348,0.024772610990936306,-0.74175229438989,0,1,1,0,0110,LL Fault
0.6858436684524198,-0.9537142473315844,0.27369400901346025,-0.0017647729473305486,-0.06103106641968182,0.07885225065717502,0,1,1,1,0111,LLL Fault
-0.6433914467936722,0.984931616189529,0.027907952467354682,0.04658507344493745,0.006020293416564026,-0.03794954112045534,1,0,1,1,1011,LLG Fault
-0.9927534930757714,-0.05467498390135337,-0.009770194199851449,0.14282376915656814,0.28573699449434914,-0.41946813425469887,1,0,0,1,1001,LG Fault
0.8806216943120551,-0.02614854213040546,-0.8498245781263635,0.07843505756671496,-0.07775714503906245,0.015483278154821221,0,1,1,1,0111,LLL Fault
0.29015385545278277,0.6807019642507701,-0.973427099973296,0.08932931732953413,-0.03864878238805569,-0.03529036764495281,0,1,1,1,0111,LLL Fault
-0.029504930549842653,-0.004082981441794968,0.024169508205395554,0.8865573692159604,-0.8015624906861205,-0.05724084934738416,0,0,0,0,0000,No Fault
0.042370397262719045,0.05982171923427081,-0.11113577168938069,-0.486256738872314,0.9985215813074948,-0.5150305862655565,0,0,0,0,0000,No Fault
-0.060010386065962124,0.11300020891324362,-0.06280110364572261,-0.8573456023327337,0.0023751508607242657,0.8720919241468205,0,0,0,0,0000,No Fault
0.020372565012581577,-0.030028375842192256,0.0013120461112228372,0.9720280655410063,-0.2759269429896271,-0.6785484255164305,0,0,0,0,0000,No Fault
0.3569437479197792,-0.37895670948684573,0.02336675081998435,0.08238956866611452,-0.883454469619511,0.8325049433613632,0,1,1,1,0111,LLL Fault
0.7051627510510532,0.08497037218848404,-0.047909627402712054,-0.48490753133317666,0.38858162301381843,0.10513112702112444,1,0,0,1,1001,LG Fault
-0.06731768042127528,-0.06621559238722584,0.1305826987138498,-0.7929489340959229,-0.08389320515989064,0.8954299590076426,0,1,1,0,0110,LL Fault
0.035930550123449055,-0.8731776324556283,0.8379167607273661,-0.12587003099575297,-0.002633866283322522,0.14378115687379808,0,1,1,0,0110,LL Fault
0.0349644231436312,-0.023420736771513576,-0.02032594234478346,0.8758503110350411,-0.013594234666496103,-0.8494265589842962,0,0,0,0,0000,No Fault
0.11266143722122723,-0.8987400760438374,0.7868115619144308,-0.03678932434672758,-0.020978304766173902,0.07315683422586416,0,1,1,1,0111,LLL Fault
0.3414707356931426,0.002989836144343677,0.004239925429129644,0.5574085345914459,-0.9629633431056343,0.43724429657923775,1,1,1,1,1111,LLLG Fault
-0.7414771367796416,0.9458082720933328,-0.21661949210829032,0.0382498838278973,0.032901007393971476,-0.05698307167057497,0,1,1,1,0111,LLL Fault
0.0006922944326485283,-0.024134825049270447,0.014775489019530533,0.9943275027806718,-0.5245798484038993,-0.4475355087673848,0,0,0,0,0000,No Fault
-0.06168652741890083,-0.1749217122332011,0.2340478999685809,-0.8107184275682865,-0.08200901921299986,0.9113266211962509,0,1,1,0,0110,LL Fault
-0.8131300770884177,-9.29120220233004e-05,0.801261525499379,0.02308651951248315,0.02769893920697243,-0.036478719667949605,1,1,1,1,1111,LLLG Fault
0.9974274168488854,-0.5237995973207542,-0.4664022253666053,0.05045970888715806,-0.08431656782053823,0.050216692102533225,0,1,1,1,0111,LLL Fault
-0.07264063662802223,0.10569702925642364,-0.04294697082027989,-0.6808635415056493,-0.2706514136173745,0.9733496392343075,0,0,0,0,0000,No Fault
-0.06056804368106328,0.10831167301200863,-0.05714843954987913,-0.8384280623945288,-0.0319672209799248,0.8881183013103434,0,0,0,0,0000,No Fault
-0.08582124538761027,-0.05202456358486975,0.04550172045601772,0.6488610538874434,-0.9038170136524177,0.2852806013839785,1,0,0,1,1001,LG Fault
-0.6463929361775338,-0.3262459162797043,0.9651464119705754,-0.04710661043746907,0.030418658547474428,0.031129175757593455,0,1,1,1,0111,LLL Fault
-0.002726108595245775,0.09982943018344782,-0.10626228967663756,-0.9449368601949971,0.7517976958997554,0.1962714203500277,0,0,0,0,0000,No Fault
-0.3456960959816556,0.03551195253106751,-0.06317751335513966,-0.5287545668150058,0.964465171634154,-0.4377174089635265,1,0,0,1,1001,LG Fault
-0.08334943852435914,0.08423095186411571,-0.011059459273390864,-0.24731276933102958,-0.6843182949958443,0.9601662896707033,0,0,0,0,0000,No Fault
-0.37937585233413806,-0.5971336227220727,0.9721596800964006,-0.0484951324961433,0.012568145596110903,0.050710631041957624,0,1,1,1,0111,LLL Fault
-0.5192725149786493,-0.4675262375632355,0.9808410900859478,-0.04865674058073999,0.021961037253778848,0.04130153147166264,0,1,1,1,0111,LLL Fault
-0.01041602351968254,-0.7293764500400226,0.7392666132487348,-0.6239657120617532,-0.04774258612285649,0.6891621013754373,0,1,1,0,0110,LL Fault
0.06028091229131321,0.014964765730633264,-0.08376461002597005,0.11904731641889606,0.8003289577149431,-0.9199857751495372,0,0,0,0,0000,No Fault
0.4292440107697559,-0.01657164827795665,0.04119643279605602,0.5392345497254176,-0.9921317301475185,0.4851883654687397,1,0,0,1,1001,LG Fault
-0.6979660054737293,0.9630013609053889,-0.27700292152541384,0.042451601928975805,0.029789983242361963,-0.05802586701515852,0,1,1,1,0111,LLL Fault
-0.6833920033542541,-0.26985030733368376,-0.06273748124812202,-0.04161174149662192,0.5901348575420491,-0.544717930376864,1,0,1,1,1011,LLG Fault
0.5765490889433262,-0.003202566082158992,0.03656907927405371,0.4701098783917378,-0.9615172282391019,0.5233008393424096,1,0,0,1,1001,LG Fault
-0.9724105602716082,0.6834728020394522,0.27548259572358863,0.0036002832490665236,0.04997622528545827,-0.03964085197651001,0,1,1,1,0111,LLL Fault
-0.9596584350645665,0.6962942580251108,-0.010180326920834702,0.0036219230921146414,0.35972915547950945,-0.3552935137574686,1,0,1,1,1011,LLG Fault
-0.06886830128642335,0.10543967584167069,-0.046161833683642045,-0.7343219680429761,-0.19859807123940146,0.95352912873608,0,0,0,0,0000,No Fault
0.5579904337079983,-0.9891364956902226,0.43616312060739826,-0.011604397082235658,-0.052307500909147896,0.07982885284449444,0,1,1,1,0111,LLL Fault
-0.47928552619024756,-0.5086410952131182,0.9800994617820848,-0.04880109172103633,0.019255869361185195,0.04420276789155628,1,1,1,1,1111,LLLG Fault
0.289881391649275,0.6810319742634496,-0.9735778432701153,0.08929400415808489,-0.03862094821278615,-0.035283323223453324,0,1,1,1,0111,LLL Fault
-0.999916781783455,0.5095936479065911,0.47481806219192096,-0.01071823909541713,0.05244572509988321,-0.027800732770387263,1,1,1,1,1111,LLLG Fault
0.020963017047392885,-0.8567131275718256,0.8360790920651519,-0.3257037767095607,-0.017774932646777708,0.3595730888630614,0,1,1,0,0110,LL Fault
0.06209930775541134,-0.4427141237809456,0.3803360471059439,0.6385644554077143,0.03146018102074021,-0.6574210099325412,0,1,1,0,0110,LL Fault
0.0614666936192968,0.01579331247041493,-0.08435135244646112,0.14804917452209518,0.7840767785852503,-0.9325039347657612,0,0,0,0,0000,No Fault
0.15232807077146387,0.7758530628328034,-0.9323281326243317,0.08678096513915447,-0.02927802051799303,-0.04228384570862467,0,1,1,1,0111,LLL Fault
-0.06063404876869231,-0.18614134906896132,0.24414988115239333,-0.8119373585815679,-0.08142931425543572,0.9119580780606217,0,1,1,0,0110,LL Fault
0.18941738907854744,-0.9276566751637544,0.737477672177319,-0.033555837095172666,-0.026302354608025658,0.07533985460704845,1,1,1,1,1111,LLLG Fault
-0.19765050441110082,-0.7307894588539637,-0.07476656655981406,-0.046025539269415494,0.4515638788751555,-0.3990918548478184,1,0,1,1,1011,LLG Fault
-0.05100699831942433,0.11781889947426219,-0.0767888529027524,-0.9342231807944311,0.17379072659608744,0.7745048704387386,0,0,0,0,0000,No Fault
-0.07220585980679213,0.10979541142391624,-0.04774546393290704,-0.7052309241175656,-0.23845529133857693,0.9649745311306968,0,0,0,0,0000,No Fault
-0.030555844519157358,-0.5710670398863859,0.6004965196496657,-0.7467533194420222,-0.06343840540035947,0.8282689110914717,0,1,1,0,0110,LL Fault
-0.06570517774821752,-0.09172092194168203,0.1544596678248369,-0.7984901285496884,-0.08329017937094227,0.9003713749922476,0,1,1,0,0110,LL Fault
-0.02399738999452635,-0.0078399088753984,0.022479698852396292,0.9190456711461353,-0.7568958633179649,-0.1353295247841088,0,0,0,0,0000,No Fault
0.11433092657216605,0.06559135390535539,-0.06535605072412842,-0.608128532569622,0.8581644205011811,-0.24981504085616463,1,0,0,1,1001,LG Fault
-0.9367434057476772,0.7673046471748343,0.15366596275652816,0.012183066352290587,0.04716190858742396,-0.04537866850379848,1,1,1,1,1111,LLLG Fault
0.9581838448969596,0.04896961719090729,0.006142038412131588,0.08594302232779129,-0.5788511515199378,0.5185584381590154,1,0,0,1,1001,LG Fault
-0.02261062903545505,0.0565657835459844,-0.06616867400070969,-0.5952105330388453,0.9168631634699358,-0.3225799277241529,1,0,0,1,1001,LG Fault
-0.003395915602473135,-0.019972406835013095,0.014376787127386291,0.9887501448895463,-0.5600784421756485,-0.4057711306057322,0,0,0,0,0000,No Fault
0.05165805815301751,-0.015984038536294678,-0.04418318167721906,0.6540154513594116,0.3335092895536409,-0.9806939219033681,0,0,0,0,0000,No Fault
0.7558999863026384,-0.9348814999494028,0.18552494082212867,0.005306403472385394,-0.06625708656180669,0.07708751753714888,0,1,1,1,0111,LLL Fault
0.6926290184140073,0.27962177055835613,-0.970094242522778,0.08780305712713571,-0.06559052603127359,-0.0063070583867516905,0,1,1,1,0111,LLL Fault
0.05546837663256028,0.033392245402495885,-0.09719967390721754,-0.19080235688875333,0.941725477372875,-0.7533943733390683,0,0,0,0,0000,No Fault
0.019243983522527708,0.08273807315880669,-0.11077234024357917,-0.7993582007062895,0.914715654897133,-0.1157027705055938,0,0,0,0,0000,No Fault
-0.9502862673550956,0.2662487328004708,-0.0413605341349636,-0.026752458255868174,0.5443256275694832,-0.5129380781259703,1,0,1,1,1011,LLG Fault
0.6452230329615014,0.3378272841288297,-0.9838735827506976,0.08887685745265121,-0.062486874699578504,-0.010546251741852447,1,1,1,1,1111,LLLG Fault
-0.04486684487143653,0.11636310032184762,-0.08133657081937065,-0.962682891590987,0.2629178045338876,0.7122216325917939,0,0,0,0,0000,No Fault
0.9733498228906884,-0.3726246750249099,0.013916255287136171,0.06177542753571736,-0.5420355109233403,0.5052758318390165,1,0,1,1,1011,LLG Fault
-0.0805429720690197,0.06372251523881539,0.006732833506442392,0.06323741947647768,-0.8611066983469531,0.8289360138499331,0,0,0,0,0000,No Fault
-0.8112500764485735,-0.08325592517569164,-0.023989071864586698,0.1860060628021648,0.15127483528663557,-0.3257511277466238,1,0,0,1,1001,LG Fault
-0.08190049351028789,0.07745441494308306,-0.005156097320160988,-0.22865691229498325,-0.6999557304724534,0.9573951540858908,0,0,0,0,0000,No Fault
0.09004891718020928,0.8131703332013364,-0.9080198023872016,0.08523790519540199,-0.02502938449432971,-0.04506595357355367,0,1,1,1,0111,LLL Fault
-0.08046371732715567,0.09576611399917948,-0.025365007959888893,-0.46523881353266544,-0.5066523189368712,0.9976326357488037,0,0,0,0,0000,No Fault
0.9149177025032863,-0.10558389618570667,-0.8064424483391796,0.0752918678970537,-0.0799763363227801,0.020896104781443013,1,1,1,1,1111,LLLG Fault
0.9456647921223301,-0.7350129811735254,-0.20320264879633693,0.031692619965968366,-0.07998728389229745,0.06462209709059197,0,1,1,1,0111,LLL Fault
0.007426162815104652,-0.8208754948653527,0.8134051837833602,-0.47200302257854565,-0.03163367370076758,0.5203819292077146,0,1,1,0,0110,LL Fault
-0.7874838331662276,-0.1308988968090569,0.9089775895073915,-0.04260107933396125,0.03967688134481796,0.01717778637353682,0,1,1,1,0111,LLL Fault
0.9462933689684635,0.04579638291279813,0.008647786437847697,0.11543532926778888,-0.6160502855576412,0.5268929864228268,1,0,0,1,1001,LG Fault
0.7790351799828112,-0.9176745523869873,-0.03657263030587646,0.008844586884578821,-0.16116614316395253,0.17025005617790118,1,0,1,1,1011,LLG Fault
0.9540868818582239,0.04792194872943784,0.006981367328084711,0.09576946158492494,-0.5913938280365441,0.5214866402682304,1,0,0,1,1001,LG Fault
-0.07303798436691776,0.10175993770841833,-0.03833441337253876,-0.6559597841854407,-0.30237096788584367,0.9807013389932338,0,0,0,0,0000,No Fault
-0.8361173198118522,-0.021216885985196023,0.84523300629699,-0.055197428368943285,0.045892094092435894,0.023474374593080993,1,1,1,1,1111,LLLG Fault
0.804532378153189,-0.738488017357219,-0.059789042105735955,0.04846448180797748,-0.5479387996621471,0.5246373798080315,0,1,1,1,0111,LLL Fault
0.2820552175803779,0.07363293529319354,-0.06307446693070261,-0.6028573789510115,0.7688044401018133,-0.1640444452109246,1,0,0,1,1001,LG Fault
-0.744167992728204,-0.1674648238726279,-0.0571646708433885,-0.028515373610652588,0.5841870130853531,-0.5517883050949801,1,0,1,1,1011,LLG Fault
-0.8228556350393835,-0.00371716268247225,-0.04755077046751031,-0.04627494183200562,0.5764830975647742,-0.5261315441516293,1,0,1,1,1011,LLG Fault
-0.055243919542183585,0.018354529422866313,0.027314101169440046,0.6359583574984484,-0.9487093438166891,0.3439617323410826,0,0,0,0,0000,No Fault
-0.38016412852594567,-0.5979931243166973,0.9714631267275998,-0.048507154631170044,0.012592427677501565,0.050697943827768245,1,1,1,1,1111,LLLG Fault
-0.020264636135159393,-0.011461808533110688,0.022557786553435932,0.9367250857703889,-0.7290900400688245,-0.18138929337125131,0,0,0,0,0000,No Fault
0.43580907778881023,0.5599825804963732,-0.9968189039906074,0.09048353274592065,-0.04846529562893186,-0.02644484817821796,0,1,1,1,0111,LLL Fault
0.563904486968676,-0.9776558218533072,0.4186918144106931,-0.011792236774722409,-0.052390671690425654,0.0801019396058545,0,1,1,1,0111,LLL Fault
0.04937974739458318,-0.1020972260675034,0.051326453304229705,0.8122346852227735,0.07183409079928237,-0.8726917355306207,0,1,1,0,0110,LL Fault
-0.9606762541192051,-0.03706332533586755,-0.026235114666576853,-0.044151229212611165,0.5467145134629168,-0.4979273986997038,1,0,0,1,1001,LG Fault
0.0551579533165264,-0.7217022785223336,0.6668779582078097,0.22269035628428513,0.025446285418823184,-0.23431633901302532,0,1,1,0,0110,LL Fault
-0.036633346626251846,0.00016586146553807316,0.027116188003386305,0.8328154242242524,-0.8568542610164462,0.052984592398258194,0,0,0,0,0000,No Fault
0.06283814284341635,-0.4151090495099675,0.3517905044216312,0.5748372210934879,0.04615229346495988,-0.6084957415132243,0,1,1,0,0110,LL Fault
-0.08037011146660623,0.4243215942660795,-0.34852070770271126,-0.554513331470933,-0.07877956550041651,0.6511515440549502,0,1,1,0,0110,LL Fault
-0.5065920928013063,-0.48192760360220044,0.9803738202372837,-0.04872989798599227,0.021084464634305126,0.04226808975183006,1,1,1,1,1111,LLLG Fault
-0.12786627405331075,0.9189380991386011,0.05048013266749116,0.07792913454818375,-0.3319391507805586,0.2749960378633139,1,0,1,1,1011,LLG Fault
0.05946921556729967,-0.6838567367478418,0.624781301783563,0.36175390668055835,0.026094357260260097,-0.37440894065444497,0,1,1,0,0110,LL Fault
0.6349679778533698,0.07635923170930856,-0.002355156884595631,0.33703454358458995,-0.813158562503662,0.5055549818817093,1,1,1,1,1111,LLLG Fault
0.7793298044281276,0.019078607760241444,0.026085149586144427,0.32929073117705077,-0.8514533564855304,0.5523408222247952,1,0,0,1,1001,LG Fault
-0.0603824844392407,0.024672156312198667,0.026068844013488558,0.5610915543053355,-0.960150609071752,0.43068540259734184,0,0,0,0,0000,No Fault
-0.449372080347424,-0.5461839112360892,-0.0721832416198627,-0.038759829574509824,0.5437218411955129,-0.5002836290712269,1,0,1,1,1011,LLG Fault
-0.927761248468428,0.1472891812096045,0.7690786168379199,-0.03206663500064801,0.04860887789840655,-0.002486083035856122,0,1,1,1,0111,LLL Fault
0.06144612969399628,-0.39689581414257036,0.33502557833929364,0.6680640693717781,0.04127370208777491,-0.6969985816662484,0,1,1,0,0110,LL Fault
0.8316584296169296,0.06599302407614538,-0.8960190647793631,0.08185710485208927,-0.07465681115267564,0.00889299098554068,1,1,1,1,1111,LLLG Fault
0.05103412614313353,-0.0218472970583103,-0.03728105932779381,0.691109517093688,0.2858386620560531,-0.9693110783249611,0,0,0,0,0000,No Fault
0.8582361999077837,0.019313411223473693,-0.873146894943493,0.08032189794455467,-0.07636886214471644,0.0121768077604244,0,1,1,1,0111,LLL Fault
-0.7160100066444668,-0.23816684957068762,0.9434642127772561,-0.04538175640565642,0.03498136601893632,0.02475045373878243,1,1,1,1,1111,LLLG Fault
0.03796532193726622,0.06299125822918007,-0.10953035815023154,-0.5763651456461799,0.9906856444097742,-0.41669865259188166,0,0,0,0,0000,No Fault
0.7909438396831623,-0.9060719561345749,0.1217902945208442,0.008819889702404209,-0.06856326449803965,0.07591465763493571,0,1,1,1,0111,LLL Fault
0.771456449269668,0.06549612602908186,0.03265422504257725,0.1735331371826891,-0.6986688011962067,0.55282747929031,1,0,1,1,1011,LLG Fault
0.9672477769814684,-0.25716660644626543,-0.7038676008878572,0.06785206420111865,-0.08312880912155116,0.03156792844834666,0,1,1,1,0111,LLL Fault
-0.010101391757124495,0.05861161333088526,-0.06598270311262548,-0.600182874928982,0.9069228415518883,-0.30746544861517344,1,0,0,1,1001,LG Fault
-0.3362117356851081,-0.6341128605492925,0.9641218601355779,-0.04812437544360963,0.009626252897647902,0.05333660900032389,1,1,1,1,1111,LLLG Fault
-0.06473247548683518,0.028003913023504048,0.02744428191851029,0.47000008225541506,-0.9661811080828705,0.5281633106455335,0,0,0,0,0000,No Fault
-0.9164521824265373,0.1156800225229606,0.7872235893935625,-0.0334762870717468,0.04788543208129936,-0.0003355177820016427,1,1,1,1,1111,LLLG Fault
-0.35682443854299944,0.03183681106060908,-0.0624791803799192,-0.5106938860489134,0.9633173258478906,-0.4546563437716212,1,0,0,1,1001,LG Fault
0.9638657083437011,-0.661641110877834,-0.007878707425911525,0.040256042662416135,-0.4067297221371974,0.38897884574652253,1,0,1,1,1011,LLG Fault
0.040660684360780006,-0.024904976827463527,-0.02419768436566186,0.8295185123985106,0.07620275684899752,-0.8944729548890311,0,0,0,0,0000,No Fault
0.6715511645413993,0.0847298004611393,-0.04980835457680268,-0.5019968696383267,0.4302052710793025,0.07985225180073924,1,0,0,1,1001,LG Fault
-7.487441307843404e-05,-0.025082099034865024,0.016615860980954588,0.9940859565435295,-0.5385360543827806,-0.4330722758725925,0,0,0,0,0000,No Fault
0.05441579746693824,-0.016413346676281363,-0.042439174199797834,0.6974282591653027,0.2771927846415752,-0.966836626334762,0,0,0,0,0000,No Fault
0.0497313598177437,-0.019610556987991416,-0.03849702442162998,0.7006742553578991,0.2733731218067955,-0.9661990814544322,0,0,0,0,0000,No Fault
0.011205616713226205,-0.8476141005178078,0.836708641228294,-0.42861965009039854,-0.02866832100004397,0.47386191518875515,0,1,1,0,0110,LL Fault
0.8402716757726133,-0.8717265607869269,-0.02992998995049713,0.016446108854309832,-0.2252317439651638,0.22790972622987876,1,0,1,1,1011,LLG Fault
-0.6823546131844519,-0.2829542320492098,0.955026359818001,-0.04632506311614716,0.032766519779439514,0.027953140940216996,1,1,1,1,1111,LLLG Fault
-0.6700019778521462,-0.2968911266257093,0.959105851906167,-0.046593799771674924,0.03197915730997064,0.029024893936006674,0,1,1,1,0111,LLL Fault
0.04859485603558721,-0.023901853994988842,-0.027173096083899968,0.8470953458120721,0.049319152648506864,-0.8847026242439787,0,0,0,0,0000,No Fault
0.03059407082934322,0.07264918848000781,-0.11204117052770837,-0.67452675800842,0.9727473696564795,-0.2999981161284311,0,0,0,0,0000,No Fault
-0.9823532693842576,-0.05988055192645353,-0.003631162639622195,0.20985552821897668,0.18153976099112493,-0.3805030710128318,1,0,0,1,1001,LG Fault
0.9434774684316728,-0.7319398331098373,-0.013986281800094128,0.03424742562527347,-0.36122603373232276,0.3486362023474888,1,0,1,1,1011,LLG Fault
0.9053945927913711,-0.798985451205879,-0.0759016838233537,0.025156930162490956,-0.11921775604117126,0.11115004432861367,1,1,1,1,1111,LLLG Fault
0.9405188533028539,-0.7451551721147616,-0.18792661850756273,0.03061046828591582,-0.07959265516281765,0.06530500032817502,0,1,1,1,0111,LLL Fault
-0.010185872327214495,-0.020664226554700446,0.02220531865586617,0.9736915721472693,-0.6471700926440861,-0.30192828761929075,0,0,0,0,0000,No Fault
-0.8814554367724365,0.03922734597846903,0.831571001568887,-0.03671675077977005,0.045714521763812306,0.005125643601875061,0,1,1,1,0111,LLL Fault
0.9892727173297868,-0.3736143594097257,-0.6112883443119066,0.060847872946879974,-0.0842721237630032,0.0397556997921929,1,1,1,1,1111,LLLG Fault
-0.3095770909879752,-0.6739789240477709,0.9778074742685029,-0.04651653247375073,0.007154416307113123,0.05424324682439383,1,1,1,1,1111,LLLG Fault
0.7812745651639118,-0.9118683676358217,0.13719133309423534,0.007743711263721994,-0.06786544392310645,0.07628262807080466,0,1,1,1,0111,LLL Fault
0.9798706592844271,0.07178704068317568,-0.016461716845688115,-0.16806313153012284,-0.21367640228467794,0.40113350859624286,1,0,0,1,1001,LG Fault
0.08067931361984138,-0.8867608870300809,0.8042567302118913,-0.03800089241903573,-0.018804428167101442,0.07215648679753522,1,1,1,1,1111,LLLG Fault
-0.06449828594519845,0.8242489100069577,-0.7654476829327932,-0.0251829841519701,-0.04560743624752677,0.08661623046107912,0,1,1,0,0110,LL Fault
-0.040934022756903936,-0.46228469299215774,0.5016467774474827,-0.789139116216722,-0.07060053031758284,0.8780651153756156,0,1,1,0,0110,LL Fault
0.7038606100418627,0.26467392811453216,-0.9662342045195326,0.08749129076697874,-0.06633046197896199,-0.0052404864706322805,0,1,1,1,0111,LLL Fault
-0.4795298860333498,-0.5249138823190997,0.9990999230025202,-0.03878202858662895,0.016398273757138766,0.037068965347368636,0,1,1,1,0111,LLL Fault
-0.1764030441169398,0.9338731852580526,-0.7672320991176376,0.0759256432790566,-0.0067565138255071145,-0.05434863117214893,1,1,1,1,1111,LLLG Fault
0.007227349967159024,0.09337391737495582,-0.10965742153979838,-0.8905825083028733,0.8357118050107534,0.05626645678665891,0,0,0,0,0000,No Fault
-0.07481033733963459,0.1033797114206205,-0.03846991583918137,-0.6337334500787352,-0.32896703696447005,0.9855168507843113,0,0,0,0,0000,No Fault
-0.04015576087098082,0.004341552893148308,0.02627454582098377,0.8053594811162976,-0.8754804800672514,0.09949300752657451,0,0,0,0,0000,No Fault
-0.3916709559309594,-0.6062774697380051,0.9936140363008887,-0.04608792773620607,0.012255121166416957,0.04861600891633152,0,1,1,1,0111,LLL Fault
-0.07838766168976449,0.056336922335335674,0.01228552320555569,0.12733273834400136,-0.8891251730768868,0.7932209370104115,0,0,0,0,0000,No Fault
-0.9063938718842449,0.8089634624520826,0.0009545800407119113,0.01548560440565568,0.27166251754456233,-0.27745081263400134,1,0,1,1,1011,LLG Fault
-0.4287838077540049,0.9903754561526666,-0.5713269851778842,0.06274491816026564,0.010803539797322827,-0.05902624247606365,0,1,1,1,0111,LLL Fault
-0.6473665952570292,-0.3343446443562524,0.9720762994010013,-0.030441268658872582,0.02650064074150102,0.018412017829909137,1,1,1,1,1111,LLLG Fault
0.6526025837690967,-0.9702529262242594,-0.04717216184656404,-0.003798164960222526,-0.047701809056086626,0.06730883318439129,1,0,1,1,1011,LLG Fault
-0.04607950908745904,0.006448920160325624,0.030451080162347453,0.7391539963224323,-0.917996974035146,0.20919732203183658,0,0,0,0,0000,No Fault
-0.9335119690428767,0.1626016764084677,0.7593308705279521,-0.03135001214231519,0.04896033614569653,-0.0035627318386289436,0,1,1,1,0111,LLL Fault
0.06143211913175073,0.00016979426076398334,-0.06966654909759697,0.28976943256240556,0.6837058007325063,-0.9723242471726136,0,0,0,0,0000,No Fault
-0.7042038017896473,-0.2523290254785725,0.9482237345982552,-0.04570062092378538,0.03423114760905823,0.02583462021889986,0,1,1,1,0111,LLL Fault
-0.7724034652082461,-0.1078635902938096,-0.05358184645887188,-0.01587972979151274,0.5734040746233947,-0.5534698869981212,1,0,1,1,1011,LLG Fault
0.05915193787325959,0.022242994500046392,-0.0895416642690008,-0.05030728926608988,0.8864298199676076,-0.8379169405535244,0,0,0,0,0000,No Fault
0.8650491869734362,0.031114721268236424,0.018953935342883907,0.2396054377715292,-0.7608549349141949,0.5499462185544156,1,0,0,1,1001,LG Fault
-0.25454794626348687,-0.06040854264277995,0.04351598989796636,0.6470005997112956,-0.8190147014441751,0.20073442249549348,1,0,0,1,1001,LG Fault
0.05581386116496111,-0.014482397968653221,-0.04953366817491346,0.5694525281950088,0.430967255901296,-0.9952141862499351,0,0,0,0,0000,No Fault
0.044058368088383884,-0.02497525001570879,-0.02735993339765932,0.7941606452497287,0.13631905714411122,-0.9202784451388298,0,0,0,0,0000,No Fault
0.027316617168959837,-0.030282694055215158,-0.005314980496353996,0.9418984094707961,-0.17139747462097493,-0.7548519650645865,0,0,0,0,0000,No Fault
-0.013462579193796193,0.79119335708599,-0.7826466021871925,0.60140216611293,0.009786917583061255,-0.5980756487315477,0,1,1,0,0110,LL Fault
0.040857889633568636,0.061989451548995225,-0.1118100841805136,-0.5133828922852611,0.998554524348539,-0.48786608661583053,0,0,0,0,0000,No Fault
-0.08089832130980361,0.09186828875784554,-0.02088104768988328,-0.4222676391036736,-0.5463824776442073,0.9950316364647994,0,0,0,0,0000,No Fault
-0.6700360472870427,-0.29691398665967533,0.959074215915601,-0.0465944329484171,0.03197965411763388,0.029025020907087074,0,1,1,1,0111,LLL Fault
0.059090119300080346,-0.010014953208112437,-0.05713168310235569,0.46330912600245217,0.5377694526478776,-0.9976183094533944,0,0,0,0,0000,No Fault
-0.07860740979353523,0.28680956185213907,-0.21244967823658623,-0.6498210221916352,-0.082534683795625,0.7505382891545445,0,1,1,0,0110,LL Fault
0.44986833247242686,0.5470757712901226,-0.9978096890724971,0.0905083138034559,-0.049409637992122876,-0.025507428936514365,0,1,1,1,0111,LLL Fault
0.17141352319696274,-0.9247980612304022,-0.069423628954952,-0.03419567452775129,0.2749106589929604,-0.23094759837305612,1,0,1,1,1011,LLG Fault
-0.07875928357567125,0.09732308167172245,-0.028476090987500643,-0.5188682685088204,-0.45485120178004335,0.998620149204162,0,0,0,0,0000,No Fault
0.8864839000675324,-0.8335306297594123,-0.04800690139160535,0.02129855667254728,-0.07570797849132552,0.0706832050742249,1,1,1,1,1111,LLLG Fault
0.005759905222357171,-0.8273051962484421,0.8217207625884332,-0.4822283450924848,-0.03411475059018544,0.5331625199083957,0,1,1,0,0110,LL Fault
0.06026137046488523,0.01656713235881714,-0.08521267036563775,0.07318549938655006,0.8259854987717404,-0.9001457853088067,0,0,0,0,0000,No Fault
0.0605422574871751,0.021893796019025066,-0.08978362893616704,0.0548449018727396,0.838451427404839,-0.8944590523802151,0,0,0,0,0000,No Fault
-0.05575149144130764,0.017917940299946672,0.028395869038582246,0.6247294712281575,-0.9524785248434727,0.3590610969445695,0,0,0,0,0000,No Fault
-0.11893358410320817,0.05181895919440282,-0.06580743284835296,-0.5851876823562894,0.9376665344902055,-0.3538274957693421,1,0,0,1,1001,LG Fault
0.060356843287330805,0.004372710477963343,-0.07321840872713596,0.2872814870778442,0.6873059716760938,-0.973498195398373,0,0,0,0,0000,No Fault
-0.013914384707427811,-0.01374419759683643,0.018409242954644054,0.9630853469513874,-0.6646505599448372,-0.2734817576728353,0,0,0,0,0000,No Fault
-0.7970459919632821,-0.11552797861874292,0.9030385067708812,-0.04214209033586683,0.04029745237378218,0.016085233206212836,0,1,1,1,0111,LLL Fault
-0.5702116774666529,0.9967634592894226,0.03267607203232088,0.052573007804912385,-0.05138994408485578,0.014546335466912887,1,0,1,1,1011,LLG Fault
0.5509238134271527,-0.005665434635895949,0.037518292823498924,0.48373908835316276,-0.9692159183787536,0.5174802805440535,1,0,0,1,1001,LG Fault
0.9820229192379194,0.0717782354298569,-0.016470555701020042,-0.16792825337173536,-0.21367643303173203,0.4009983041833197,1,0,0,1,1001,LG Fault
-0.9987249753183226,0.4553258008817224,0.5280749936208986,-0.014557086072478125,0.05254156204917461,-0.024049363955150956,1,1,1,1,1111,LLLG Fault
0.7489129894445175,0.015388064238001401,0.028055556315926232,0.35475812927622347,-0.8747103747864496,0.5505042597507152,1,0,0,1,1001,LG Fault
-0.9470262605117911,-0.06592482844922067,0.004985635768816464,0.30145965963011906,0.02886474774588068,-0.31677780611605555,1,0,0,1,1001,LG Fault
0.34490394465614277,-0.9862894311996113,-0.06407440608809112,-0.025043446799529197,0.17782947351902645,-0.14120064280708947,1,0,1,1,1011,LLG Fault
0.051394561427668385,0.04225111013943589,-0.10204498906139799,-0.311872066958299,0.9743467585875847,-0.6652440065542042,0,0,0,0,0000,No Fault
-0.49209546923771236,1.0,0.03706710415229596,0.05826132128587569,-0.10847472240060659,0.06701098871132868,1,0,1,1,1011,LLG Fault
0.990805327566871,0.06327285589951935,-0.006809218030807667,-0.06201553144557942,-0.3758572767190663,0.4600632604715919,1,0,0,1,1001,LG Fault
0.060652800850535295,0.013511174538167178,-0.0825361869923707,0.11990778058690164,0.7990838266313146,-0.919579761209826,0,0,0,0,0000,No Fault
-0.053613456894409606,0.11294323648112614,-0.06895118661942085,-0.9073790837732062,0.10884045051752021,0.8137724117736153,0,0,0,0,0000,No Fault
-0.04193214098266216,-0.4507187055942805,0.4910327649361492,-0.79230165642547,-0.07124549185175999,0.8818932423313902,0,1,1,0,0110,LL Fault
0.6903741811923644,-0.6689338247940861,-0.01633404906728196,0.06085987863575756,-0.7305321238347409,0.6982674317052427,0,1,1,1,0111,LLL Fault
0.060797794436266046,0.014855362147591675,-0.08376470902747582,0.05919386234713456,0.8322054433291541,-0.8924550331898158,0,0,0,0,0000,No Fault
-0.7579340400394057,-0.15163940498589484,-0.06191136828232913,-0.043447227129134056,0.5931516840478293,-0.5459516539489148,1,0,1,1,1011,LLG Fault
0.1648022282439541,0.763233324214067,0.05457348268026363,0.08715104296572836,-0.4711814687174952,0.40763433557002005,1,0,1,1,1011,LLG Fault
0.027979851779410557,0.0775950631498621,-0.11469195274473283,-0.699002838153896,0.9681140426748671,-0.2707358959289223,0,0,0,0,0000,No Fault
0.13189328268237904,-0.03889531916749028,0.04563393453508586,0.6242338089620793,-0.9732616934309483,0.38073563421184425,1,0,0,1,1001,LG Fault
0.14732241685632108,-0.03786664870759472,0.04554002938789991,0.6213398245012184,-0.9764840931220199,0.3869208407613032,1,0,0,1,1001,LG Fault
-0.6401673040126876,0.0028698930225422798,-0.05108378213344939,-0.3468880466247604,0.877075446277368,-0.5310180096909984,1,0,0,1,1001,LG Fault
0.03794788703463252,-0.8470264111664216,0.8095793815408087,-0.10085625222697814,0.0014100558542974075,0.11458040222002747,0,1,1,0,0110,LL Fault
0.9849514193067805,-0.4873190549820441,0.006180086302348172,0.05460263693887945,-0.4994708864879537,0.4690952856146559,1,0,1,1,1011,LLG Fault
-0.003780562824360561,-0.022392313664818052,0.01746058582638535,0.9886743972158033,-0.5749194270009101,-0.390572566959978,0,0,0,0,0000,No Fault
-0.007817084114828045,-0.0476239111594959,0.04586115539684113,0.6435176638479331,-0.9337470861370847,0.32113619728307413,1,0,0,1,1001,LG Fault
-0.21833419339725968,-0.7370112911588442,-0.07469100243338064,-0.0407540172570643,0.46596685249590086,-0.41905364623210223,1,0,1,1,1011,LLG Fault
-0.14872233939994825,-0.7847827072952474,0.9294653802489827,-0.04373024562058141,-0.0037800630565277826,0.06259155248721505,1,1,1,1,1111,LLLG Fault
0.011990934821872532,-0.02869409078983693,0.008280611112372938,0.9920772140189796,-0.3910355308352944,-0.5813577788193015,0,0,0,0,0000,No Fault
-0.08222552524728363,0.0759138293564573,-0.00341867768243325,-0.1835220101211065,-0.7296580368718494,0.9424065445419627,0,0,0,0,0000,No Fault
0.2041200518316434,0.06928561518272351,-0.06471772847430232,-0.6073578479298118,0.8206310303838107,-0.21234212361240998,1,0,0,1,1001,LG Fault
-0.05215899968605052,0.11461616832984177,-0.07220919707123406,-0.9207788535078761,0.14068854850948845,0.7947552423541412,0,0,0,0,0000,No Fault
-0.06754448218175495,0.10635008751976749,-0.04838819672559111,-0.755120786271379,-0.16842116949593597,0.9436335336998272,0,0,0,0,0000,No Fault
0.9885031893199326,0.06814604683532295,-0.01208065773216409,-0.12037028412706874,-0.28842056662711885,0.4294767681809828,1,0,0,1,1001,LG Fault
0.7821931839156082,0.08548600155683428,0.013038140239491333,0.1399436537332832,-0.6561284912075307,0.5431584369389387,1,1,1,1,1111,LLLG Fault
0.01069430599566588,-0.832335026544711,0.8216690758231272,-0.4397779626454683,-0.028472263218856205,0.4848500320618057,0,1,1,0,0110,LL Fault
0.05660738670980654,-0.6985972104950939,0.6422723254626397,0.2603407327488504,0.027970197809368047,-0.2746383405421315,0,1,1,0,0110,LL Fault
-0.038691057793731644,0.11164232406869794,-0.08231319672473238,-0.9781100488494952,0.332974509278615,0.6563035522947336,0,0,0,0,0000,No Fault
0.7433025072018083,0.06799388719201702,0.030810652264075228,0.21620422530664843,-0.734030921741037,0.5460764318924698,1,0,1,1,1011,LLG Fault
0.006331863011152077,0.09784083716488899,-0.1134379921528059,-0.8932571850094688,0.8395669483276716,0.05501992562523868,0,0,0,0,0000,No Fault
-0.4577925762154246,0.9916247621925866,-0.546194309500373,0.06095195240175914,0.012804939987418433,-0.05926790471951272,1,1,1,1,1111,LLLG Fault
0.5741450639912842,-0.9953683228920789,-0.05276854172603506,-0.009997317213697197,0.01872819651044904,0.005833804190606915,1,0,1,1,1011,LLG Fault
-0.9932596947797968,-0.05386989855841216,-0.01064913108326979,0.13310859961072086,0.3003535937920222,-0.42462117969980123,1,0,0,1,1001,LG Fault
0.05762642898457689,-0.004293322735974945,-0.06196697288037301,0.4599221649316689,0.5426705363042528,-0.9992164598138884,0,0,0,0,0000,No Fault
0.7960163811122415,0.12683429431218057,-0.9217134454593139,0.08393814300367612,-0.07238493398266438,0.0044914461409376865,1,1,1,1,1111,LLLG Fault
0.2579277312615961,-0.9671211468164185,-0.06718692653149791,-0.029010715176822383,0.23093316049303025,-0.19133426696597852,1,0,1,1,1011,LLG Fault
-0.6036638630569614,0.9851392187103398,-0.3950705364684926,0.05057141277678194,0.023062696110020847,-0.059312255552998266,1,1,1,1,1111,LLLG Fault
-0.30866204837845373,0.9764418027175064,0.04509579306774163,0.0694188230457925,-0.2287008466902858,0.17833150490717722,1,0,1,1,1011,LLG Fault
-0.02763378221836476,-0.8524604266014149,0.8772954645086068,-0.041045739050640434,-0.011860314427676679,0.06813351364952688,1,1,1,1,1111,LLLG Fault
0.04654230038641204,-0.025152211383761523,-0.0295147467939755,0.7657524240569235,0.1808494507887165,-0.9371703346881743,0,0,0,0,0000,No Fault
-0.05436110502058895,-0.29376800731694247,0.34600897057899827,-0.815134001525188,-0.07866118448742279,0.9123425365982166,0,1,1,0,0110,LL Fault
-0.0444201376212097,0.8830307623428111,-0.8441480301469934,0.28284102351882306,-0.020786439912202612,-0.24751641577974054,0,1,1,0,0110,LL Fault
0.061010671477285824,0.012112370172495139,-0.08135406578854103,0.12073581130417368,0.7978856252618035,-0.9191890514077402,0,0,0,0,0000,No Fault
0.42775441009692494,0.01842967519321062,0.00012333873416151345,0.5158513655292322,-0.9437138974513521,0.459296907552636,1,1,1,1,1111,LLLG Fault
-0.9645362122804036,-0.03810037395397159,-0.025391785312033607,-0.03430869904315171,0.5340330010510257,-0.49487385964438513,1,0,0,1,1001,LG Fault
0.3987035358282595,-0.9752751751633805,0.5777585997332009,-0.022755751271601177,-0.04083600482686349,0.0793205859606859,1,1,1,1,1111,LLLG Fault
-0.8996732726362545,0.8230105257821749,0.061033333464679734,0.01872648584586726,0.04437613486516894,-0.04910079769309168,1,1,1,1,1111,LLLG Fault
0.3192379533889988,0.6568441007058196,-0.9807114740959767,0.08969254862421798,-0.04064659811895234,-0.033618834595888984,1,1,1,1,1111,LLLG Fault
0.24298975448741286,-0.962902820243493,-0.06765825937551073,-0.030151383900156196,0.2398410270822326,-0.19926748108132747,1,0,1,1,1011,LLG Fault
0.7051632911574924,0.08497040027420487,-0.04790960495534777,-0.48490751159779766,0.3885816133042224,0.10513111712727403,1,0,0,1,1001,LG Fault
0.32654029542720764,0.07548501863760025,-0.06217408605889312,-0.5981757819531917,0.7402474614667783,-0.1396395614061714,1,0,0,1,1001,LG Fault
-0.04741651022566926,0.00883602826079406,0.029246117717518866,0.727733074947007,-0.9214050325300636,0.22412125382659004,0,0,0,0,0000,No Fault
0.020306998905560782,-0.02588745370579261,-0.0031808943406133293,0.9659315865966587,-0.25755612353437785,-0.6911552175426727,0,0,0,0,0000,No Fault
-0.8839392345864482,0.19096785796179355,0.679900969741877,-0.06755313077114126,0.054332319026588013,0.02726244299747755,1,1,1,1,1111,LLLG Fault
-0.05292025293291711,0.11023371150794599,-0.06666138607084268,-0.905775161565304,0.10651950266746836,0.8145292286697406,0,0,0,0,0000,No Fault
-0.8105542880020323,0.9068752697533847,-0.10917129120945852,0.030736396449937274,0.03787802009125631,-0.05452112385833231,0,1,1,1,0111,LLL Fault
-0.6022003142113634,-0.3619756778098899,-0.06912055785532542,-0.04772573558981148,0.5757503952661239,-0.5239302976489952,1,0,1,1,1011,LLG Fault
-0.0191453423280952,-0.01213231435228701,0.0221210859916562,0.9418552498415886,-0.7190136802374132,-0.19680063251517646,0,0,0,0,0000,No Fault
0.8439973944234445,-0.8674716925015439,0.028149328829784034,0.015317978675085973,-0.07244786187449757,0.07335765630375193,1,1,1,1,1111,LLLG Fault
-0.7883415934071138,-0.03718361219940945,0.007776192220647602,0.14973029330948023,0.2857370527519253,-0.42639302814725494,1,0,0,1,1001,LG Fault
-0.9034391431931589,0.0848129046344062,0.8052866175264997,-0.03481906581118254,0.04707368557968157,0.0018379698743023667,1,1,1,1,1111,LLLG Fault
0.6321876831949084,-0.9784966849860369,0.3495360406528702,-0.005875961575812421,-0.05753232838922779,0.07940920682787855,1,1,1,1,1111,LLLG Fault
-0.7209217063428413,0.9540741871820138,-0.24765801430251677,0.0403414524487832,0.03139858496182834,-0.05754925055884558,1,1,1,1,1111,LLLG Fault
0.007924359791275547,0.09064951773928046,-0.10735505004136145,-0.8889697808267176,0.8333781165524516,0.05702742909996101,0,0,0,0,0000,No Fault
0.06135342408620578,0.016790563121610057,-0.08528461774315199,0.13259085838941237,0.7936244120747568,-0.926733450393359,0,0,0,0,0000,No Fault
-0.037614897872616314,-0.4964605856521702,0.532537504088388,-0.7782447446200886,-0.06858548490854116,0.8650885802653042,0,1,1,0,0110,LL Fault
0.059468307141728786,-0.005482783909636146,-0.05968871864856879,0.49892954276545254,0.5043865830863454,-0.9993168032448545,0,0,0,0,0000,No Fault
0.04143971484145246,-0.0245961583737163,-0.02527946666925498,0.8207730127402374,0.09156464693656634,-0.9013576715040039,0,0,0,0,0000,No Fault
0.03078152237669185,-0.8599167272174485,0.8295895908788936,-0.20301935246904235,-0.007034853959936423,0.22561951587323742,0,1,1,0,0110,LL Fault
-0.47338658324935756,0.024881530557140936,-0.06017418044417632,-0.48004346595518144,0.954505781687781,-0.47640926671782846,1,0,0,1,1001,LG Fault
-0.05701413184858373,0.11538154212811717,-0.06830431883844343,-0.8886118369689847,0.06525429404881569,0.8393686800665191,0,0,0,0,0000,No Fault
0.05333352751542684,0.0042279190542523475,-0.05938864957852761,0.8011396886973062,0.052333313870178394,-0.8416964920016838,0,1,1,0,0110,LL Fault
0.021891632120265864,-0.02130168518869079,0.014049945994843892,0.6278962742787645,-0.9189247550640516,0.3216953944108979,0,0,0,0,0000,No Fault
-0.04767504938884528,0.11206589520306334,-0.07382840839891526,-0.9414792349551723,0.19911569465825257,0.7559746136759152,0,0,0,0,0000,No Fault
-0.8262213625748367,0.8978045868222343,0.011762954695241853,0.02750203097401788,0.17503233309635904,-0.19103520719828926,1,0,1,1,1011,LLG Fault
-0.9121961323813027,0.8061040562198755,0.09268235271407119,0.0165482920681923,0.045344510096786,-0.047903579131142945,0,1,1,1,0111,LLL Fault
-0.023231929885960276,-0.0108374787223748,0.02501273133000069,0.9208201514330002,-0.7594635918788352,-0.13449225439431295,0,0,0,0,0000,No Fault
-0.800068735858099,-0.00961357282074035,-0.04481635388754241,-0.27006872042334296,0.8027782211129875,-0.5323338687112911,1,0,0,1,1001,LG Fault
-0.5937784017226226,0.3571129972121869,-0.00125245128629046,-0.0035388124773982482,0.2861171785814769,-0.27310491904903933,1,0,1,1,1011,LLG Fault
0.041262019201221155,-0.8354861600752569,0.7947299938368609,-0.04898733942628561,0.005537465953331894,0.058368240411014474,0,1,1,0,0110,LL Fault
-0.08089962978491162,0.06500607760224142,0.00607669820280269,0.0024530854045211985,-0.8347859254444024,0.863061249514339,0,0,0,0,0000,No Fault
-0.6029551914101522,0.9860667031663548,-0.39442252163056246,0.05057480890658087,0.023045147633473012,-0.05929778249880796,0,1,1,1,0111,LLL Fault
-0.9676933062389778,-0.063116179069083,0.0007098276350393541,0.2563820591291016,0.10557728185100865,-0.34974896700224684,1,0,0,1,1001,LG Fault
0.017877334305044432,-0.024169752033871575,-0.002640779794776239,0.9719758062574755,-0.2856757431260961,-0.6685622308429008,0,0,0,0,0000,No Fault
-0.05955515443721004,0.02360509806787301,0.026319399196189655,0.57393513830045,-0.9588445276173474,0.41647690172240437,0,0,0,0,0000,No Fault
-0.06902817733665732,0.038218244808733697,0.020906146774867622,0.4104499478016084,-0.9572545505213215,0.5787753700802378,0,0,0,0,0000,No Fault
0.06054828779026445,0.007155504002741531,-0.07619869245359351,0.24204635055875892,0.7202635415125714,-0.9617261227974933,0,0,0,0,0000,No Fault
-0.9744694566437748,0.638007711340746,-0.015261032703750559,-0.0016168546372841396,0.3962029212000929,-0.3872067614956336,1,0,1,1,1011,LLG Fault
0.0021361023279808868,-0.8508526363870497,-0.07298221335758935,-0.040707112839695976,0.36262524639526006,-0.3137980042789468,1,0,1,1,1011,LLG Fault
-0.07989128872787157,0.38832872025135956,-0.31300358555924224,-0.5821881284194365,-0.0799252104449144,0.6800670969275208,0,1,1,0,0110,LL Fault
0.03907406685967619,-0.8446465927483098,0.80597215005754,-0.08770289514498332,0.002449246406251361,0.10033326256124726,0,1,1,0,0110,LL Fault
-0.05956487022633338,0.11473877222066521,-0.06512962254683163,-0.8661452213340062,0.01905647957029511,0.8639169884249199,0,0,0,0,0000,No Fault
-0.9460365369395372,0.2511461684219722,-0.042246985134049606,-0.027544887994080898,0.548015206091528,-0.5159031397749274,1,0,1,1,1011,LLG Fault
0.35004611493889426,-0.9738005579635651,-0.06352987222105336,-0.025229413275628054,0.1694365537367045,-0.1324619950636232,1,0,1,1,1011,LLG Fault
0.005275856859999436,-0.014355589632015518,0.018877768589331417,0.9809561092317407,-0.5437025029167646,-0.41464312931414277,0,0,0,0,0000,No Fault
0.037657449058549924,-0.8699212623770941,0.8329444233240454,-0.09983314880082432,-0.001057408181494449,0.11606887265270853,0,1,1,0,0110,LL Fault
-0.9218202954654062,0.13192558407520702,0.7786004289134668,-0.0327714709038869,0.048242478201101266,-0.0014060241526383244,0,1,1,1,0111,LLL Fault
-0.9772238419057512,-0.061224997809440865,-0.001888825720154183,0.22862139025743997,0.15127488059808367,-0.368479481893484,1,0,0,1,1001,LG Fault
0.81393036313132,0.09691128787215021,-0.9094588970837135,0.08288282157134261,-0.07351427004237351,0.006700332345071634,1,1,1,1,1111,LLLG Fault
0.05630653030885237,-0.009540442742694312,-0.05525201564570824,0.5286214582622667,0.47476481454943864,-0.9989035519535605,0,0,0,0,0000,No Fault
0.7676111534496431,0.08492514032500731,-0.04386431235123137,-0.4474001228877644,0.3027335064004633,0.1550014956080214,1,0,0,1,1001,LG Fault
-0.286583265929263,0.040059444109611174,-0.06417490542590484,-0.5469337980026121,0.962609289159674,-0.41759888084985414,1,0,0,1,1001,LG Fault
0.06131648875249321,-0.26495664150521325,0.20269933125994094,0.679878183636404,0.05044721836940283,-0.7181916132661273,0,1,1,0,0110,LL Fault
-0.05415439993342849,0.014095943130991244,0.030913009006412792,0.6384792594212861,-0.9523572018228836,0.34515123040175316,0,0,0,0,0000,No Fault
-0.057875925547385854,0.11518446182095242,-0.06725186873998054,-0.8813391853545239,0.049861666616766095,0.8477614734277568,0,0,0,0,0000,No Fault
0.023996555983369246,-0.8599312999528588,0.836309067721693,-0.2896452674255726,-0.014545315489327953,0.3201280765862647,0,1,1,0,0110,LL Fault
0.04509455844869537,0.18105909555704588,-0.22870613274217186,0.8393524149181274,0.04995641123650478,-0.8775885187070034,0,1,1,0,0110,LL Fault
0.06168102968246432,0.006265280541868141,-0.07452653337459449,0.29985533942540754,0.6786322261027602,-0.9772670400514023,0,0,0,0,0000,No Fault
-0.19170903266625194,0.9388632868833988,-0.7570629377802787,0.07526596356753167,-0.005704114986428168,-0.05475957224936975,1,1,1,1,1111,LLLG Fault
0.5230129518125504,-0.5334005811137289,0.013653502332201486,0.07378512105061863,-0.8479083619396168,0.8049115535407784,0,1,1,1,0111,LLL Fault
-0.03970919290898221,-0.000537512070621261,0.031276243480234965,0.7995303145909617,-0.8866399291525083,0.11670884152639129,0,0,0,0,0000,No Fault
-0.47571585817105866,0.0206954566026861,-0.059496936448302465,-0.45927321962169226,0.9468615915106134,-0.4894453281791956,1,0,0,1,1001,LG Fault
-0.9724618143153589,0.6834749844362555,0.27544229626075206,0.0035971732822627535,0.049978673721922384,-0.039640230312908586,0,1,1,1,0111,LLL Fault
-0.12132544705194394,-0.7808944029121836,-0.07439696698623813,-0.044299351454907,0.41947075437271714,-0.36812048023302135,1,0,1,1,1011,LLG Fault
0.010907884474206967,-0.024460789031219832,0.004703071866199018,0.9895712813810957,-0.38740933008303197,-0.5825402143197468,0,0,0,0,0000,No Fault
0.14953341061559397,0.7732568575652059,0.054499545679551634,0.08680571494900634,-0.46476125565075116,0.40143853270676066,1,0,1,1,1011,LLG Fault
0.04369873997924461,-0.02356957684795901,-0.028547859604202277,0.7933285473997725,0.1375231409105471,-0.9206710743478971,0,0,0,0,0000,No Fault
0.7350935515153063,-0.944751870045171,0.2160544333373859,0.003235994466992506,-0.06478232515047067,0.07766066994099097,0,1,1,1,0111,LLL Fault
0.730084484575107,-0.9374247285540148,0.21357931892599852,0.002416639093395699,-0.06418802019701805,0.07787661476924668,0,1,1,1,0111,LLL Fault
0.028487666082102694,0.07290482359382625,-0.1099473711519874,-0.7067511633847612,0.9593193835022437,-0.2540054756674175,0,0,0,0,0000,No Fault
0.006188400482485023,-0.021856578998034053,0.006623358775494463,0.9928382431246252,-0.44137387469534434,-0.5308272348182128,0,0,0,0,0000,No Fault
0.1606285627432284,0.06797175814647005,-0.06489517908031744,-0.60855234654392,0.8362771203470096,-0.22708745656629545,1,0,0,1,1001,LG Fault
0.05762425133148186,-0.7213360877556847,0.6641931423796454,0.29987591355799087,0.02516942437952157,-0.3114244134978855,0,1,1,0,0110,LL Fault
-0.32340996590176696,0.9798526387864573,0.04455723286683822,0.06861343538666656,-0.21969588899563894,0.16996318728290521,1,0,1,1,1011,LLG Fault
-0.002276391658971622,-0.02041642069864438,0.013712653423285027,0.9902861938399171,-0.5475619152194017,-0.42006530068248693,0,0,0,0,0000,No Fault
0.8316198089544365,-0.8864454110986374,0.06186559741173313,0.013800311585617044,-0.07169206853823556,0.07410921132042868,0,1,1,1,0111,LLL Fault
-0.008766094834464106,0.10078708502683104,-0.10097281136075816,-0.969149844714103,0.6852466407995853,0.28836256217360545,0,0,0,0,0000,No Fault
0.05474001806082473,0.03623916686149062,-0.09960559183588519,-0.19248761352726385,0.9441641184728689,-0.7541895684809753,0,0,0,0,0000,No Fault
0.7033301734069622,0.2653865322284019,-0.9665132577574796,0.08741786528949537,-0.06627293585905028,-0.0052254840954444656,0,1,1,1,0111,LLL Fault
-0.7465944944957069,0.2975283662715136,-0.01299883160084867,0.04799369434248471,0.36773559935648,-0.4079413021731702,1,0,1,1,1011,LLG Fault
0.06243626397548528,-0.5469989981790423,0.48458923366573753,0.5262256325929245,0.04081002680270062,-0.5543116310572822,0,1,1,0,0110,LL Fault
-0.05793559646835933,0.8604465030081195,-0.808132763335029,0.09190405407699094,-0.036626606899000186,-0.039932479813558325,0,1,1,0,0110,LL Fault
-0.04960088088606578,-0.35433586125088173,0.4019417030284377,-0.8103754908216504,-0.07590221086846072,0.9047600825659298,0,1,1,0,0110,LL Fault
0.7281396546586738,0.012917061614877469,0.029323927745895095,0.37135550898808334,-0.8891589835085092,0.548585670660748,1,0,0,1,1001,LG Fault
0.3440146217615231,0.6287057722153566,0.0542127909447985,0.09003855257766995,-0.5390656545883276,0.4739115625301658,1,0,1,1,1011,LLG Fault
-0.9952352060879708,0.4134314482928609,0.5666413664007754,-0.017343668956332103,0.05243461408549946,-0.02114641754810962,1,1,1,1,1111,LLLG Fault
-0.1330095821994815,-0.7943868109046099,0.9235205156631564,-0.04202287548992732,-0.00515106934301463,0.06227667904860348,1,1,1,1,1111,LLLG Fault
-0.0011590697355270629,-0.020844322295900802,0.013034539807777547,0.991577372786403,-0.5349060199583545,-0.4342559612961409,0,0,0,0,0000,No Fault
0.02622744599555182,0.07619385642726027,-0.11113325839147593,-0.7292357974207456,0.9519043252268544,-0.22390546070404055,0,0,0,0,0000,No Fault
-0.9687333408729991,0.6946760229166199,0.2605098103866438,0.0046593067095731105,0.04968006480579244,-0.04040090416172299,0,1,1,1,0111,LLL Fault
-0.4507449177626543,-0.5340211439411232,0.9795172417042053,-0.04879107108236083,0.017367852978662827,0.046116565059969764,0,1,1,1,0111,LLL Fault
0.06009546760450644,0.023977781775027764,-0.0915084354783531,0.02360685100228238,0.854982718581845,-0.8799831817404854,0,0,0,0,0000,No Fault
0.013350987336659004,-0.8545068813662204,0.8415019407851352,-0.4061838759189161,-0.026874882555861866,0.44953918826891975,0,1,1,0,0110,LL Fault
0.7460255496733882,0.17799248563466977,0.042416239840900836,0.08570698226138342,-0.625051631282567,0.5658723083521249,1,0,1,1,1011,LLG Fault
-0.051098494837117564,0.11047098232521374,-0.06870612677115054,-0.9183250814766281,0.13713782853845258,0.7959130652526901,0,0,0,0,0000,No Fault
-0.07022728679143558,0.038541498742057555,0.022052236227137208,0.36906103764670656,-0.9543354947927075,0.6172995600494116,0,0,0,0,0000,No Fault
0.28215613699983905,-0.03600055389532512,0.04082405639498418,0.5943827621707299,-1.0,0.4379115279577545,1,0,1,1,1011,LLG Fault
0.008846286545699147,0.6325858525318377,-0.6456251148950563,0.7544520529547485,0.028143488206144936,-0.770236213197085,0,1,1,0,0110,LL Fault
0.027927354518703134,-0.8612138485826357,0.8337110219952454,-0.24052908804455891,-0.010245569770458962,0.2665003418618015,0,1,1,0,0110,LL Fault
-0.2982637131377926,0.9686602776096264,-0.6813153263895049,0.07014672138398076,0.0016827094019885094,-0.05715375872905658,1,1,1,1,1111,LLLG Fault
-0.004247776298478963,-0.7780721281478847,0.7822308795782801,-0.5710933654292871,-0.04302201680270026,0.6313394301377798,0,1,1,0,0110,LL Fault
0.7963082387837599,0.08463938104125379,-0.04172675095910423,-0.4270653689390828,0.25869965826000646,0.17948228833115182,1,0,0,1,1001,LG Fault
-0.7318753930865387,0.9554618617596851,0.021031923940547304,0.03827472738079932,0.08216224149306064,-0.10720401895327648,1,0,1,1,1011,LLG Fault
0.0987673187927489,0.06382000550145533,-0.06570599877898027,-0.6059424660203501,0.8716804872557511,-0.2657794561324534,1,0,0,1,1001,LG Fault
-0.35016190944132863,-0.6213675297145677,0.9675065202304568,-0.04825701034725338,0.010597346816151747,0.05248007528375907,0,1,1,1,0111,LLL Fault
0.060089376157931744,-0.6680502418723369,0.608315455170863,0.3862161753499804,0.025822909320742007,-0.39865946390288565,0,1,1,0,0110,LL Fault
-0.9450072145672811,0.19230655747725267,0.7386656023847152,-0.029887827781609852,0.04963738142166982,-0.00571868594301253,1,1,1,1,1111,LLLG Fault
-0.825305310289569,-0.07008265769800377,0.8832071774865204,-0.040684346435431264,0.042099469246051714,0.012787411686058715,1,1,1,1,1111,LLLG Fault
-0.003962135807104078,0.8631347044284169,-0.8649396287615861,0.08244910208141311,-0.01859505205670041,-0.04882619222569205,0,1,1,1,0111,LLL Fault
-0.04645791559421757,0.11491184951450918,-0.07815999108967173,-0.9529425676600187,0.23169029375354364,0.7342755858308994,0,0,0,0,0000,No Fault
-0.40948894629533306,0.9941804276101883,0.041037567352496314,0.06363935678317986,-0.16475309611081893,0.11896503517631148,1,0,1,1,1011,LLG Fault
-0.6268056516198826,-0.3488055533522661,-0.06610254863794017,-0.046849200244859085,0.5859833708814065,-0.5352363187768362,1,0,1,1,1011,LLG Fault
-0.9757778987440361,0.38444695445647686,-0.03400954490921426,-0.02000689092004654,0.5099149568121335,-0.4846378617374853,1,0,1,1,1011,LLG Fault
0.5094549903980898,0.03834135232099509,-0.003066724118642827,0.4603215333498743,-0.9076652372639028,0.4782412203065876,1,1,1,1,1111,LLLG Fault
0.06300530247428086,-0.4736922767011216,0.4102732751603037,0.525198879766275,0.043701686906132145,-0.5562286915473594,0,1,1,0,0110,LL Fault
0.5102617351102079,-0.9813264358698184,0.4732295202733171,-0.01560337856892973,-0.04864675017769914,0.08010821890292147,1,1,1,1,1111,LLLG Fault
-0.3273006395928697,0.9758417555372378,-0.6574463811746127,0.06858868557681468,0.0037297948596442393,-0.057677524329549035,0,1,1,1,0111,LLL Fault
0.9632557618915536,0.050006141307616256,0.005298176899279352,0.07617726113793688,-0.5661695274476924,0.5154278128171195,1,0,0,1,1001,LG Fault
-0.602360625217972,-0.07181767237348136,0.03324476222193969,0.5744527759110188,-0.5425263342388985,-0.00826057276870372,1,0,0,1,1001,LG Fault
-0.7514173523368404,-0.003482114475755315,-0.048148963453262375,-0.31296701045315833,0.8425737820408769,-0.5298725887339518,1,0,0,1,1001,LG Fault
0.9969871386513217,-0.45769454242113117,-0.5345917705400989,0.05530366555859072,-0.084536645524024,0.045584147287284466,1,1,1,1,1111,LLLG Fault
0.0449241624295098,0.055039826497543735,-0.10872790296932619,-0.44379031485141923,0.9953690130310295,-0.5543972046185454,0,0,0,0,0000,No Fault
0.3693712275580162,-0.39080296824767297,0.022929831791445095,0.08186911876404143,-0.8824480084974888,0.8320012128079725,0,1,1,1,0111,LLL Fault
-0.8426759274834493,-0.07186940118811386,0.0179168659923926,0.43277842236220865,-0.21613967662978534,-0.19879096026556858,1,0,0,1,1001,LG Fault
0.015886615145932273,-0.028142820686440834,0.003736994742742498,0.9831904419395303,-0.3330053291546619,-0.6315788596689836,0,0,0,0,0000,No Fault
0.03036751660446016,0.07092179462021651,-0.10982242497585414,-0.6843606424372727,0.9669471563708001,-0.2842278792094727,0,0,0,0,0000,No Fault
-0.08190074033373076,0.07552080858222743,-0.0032155196376031873,-0.1980754180123279,-0.7207215949415476,0.947892511457819,0,0,0,0,0000,No Fault
0.0024669993145676303,0.09781801563986486,-0.10953257211258964,-0.9178581818807937,0.8015801750970127,0.11839377249789972,0,0,0,0,0000,No Fault
-0.06323924693329497,0.10869198983492073,-0.055007638273518816,-0.8129672246642511,-0.07692979683489969,0.9084057735158484,0,0,0,0,0000,No Fault
0.5508604647521,-0.9787527197348616,0.43263666366148434,-0.012754778901255918,-0.05147358578154072,0.08013254623213072,0,1,1,1,0111,LLL Fault
0.8398411448119779,0.01698732787218351,0.03631794527883618,0.09140204030811205,-0.6286144947216973,0.5637926275896091,1,0,1,1,1011,LLG Fault
-0.04109672214629007,0.11324108289165322,-0.08166350130430218,-0.9724550980266922,0.30486966283724753,0.6792717880063339,0,0,0,0,0000,No Fault
0.05308886482612087,-0.01626881021706778,-0.04517587979454448,0.6309988551169511,0.3612489063040239,-0.9858823230229489,0,0,0,0,0000,No Fault
0.1291791873486531,0.06550791769720035,-0.0654397611369041,-0.6069804745914762,0.8581644803770233,-0.2509662018954303,1,0,0,1,1001,LG Fault
0.05622235959233281,-0.06435935064686216,0.006437246277377778,0.7779196009622152,0.052495027191962376,-0.8185796242731647,0,1,1,0,0110,LL Fault
0.855869132343612,-0.8654497638103014,0.014365497246253637,0.016879943467283356,-0.0734470909657477,0.07280973981438274,1,1,1,1,1111,LLLG Fault
0.5779809894506615,-0.5812379960128672,0.007141910675702124,0.07006877650471169,-0.8218416244343809,0.7820763571378341,0,1,1,1,0111,LLL Fault
0.46928024589356454,-0.9808809475170153,0.5134118894543455,-0.01835921537695269,-0.045771560785656765,0.07994160975978822,1,1,1,1,1111,LLLG Fault
-0.03764107098076156,-0.002332498425978439,0.03102716896064732,0.8178344312567335,-0.8740057494029696,0.0854822665828196,0,0,0,0,0000,No Fault
-0.723786773860765,0.4663652096136648,0.24688294704654734,-0.34836190281751567,0.10623957177755708,0.25592341671018237,0,1,1,1,0111,LLL Fault
-0.3872066846797733,-0.06580759419295895,0.040700617005182606,0.6315891156329249,-0.7317074170306987,0.1272226917326038,1,0,0,1,1001,LG Fault
-0.0712039998009424,0.03133640539301015,0.0364696819191542,-0.766798696817996,-0.08448724148118658,0.8698157020456987,0,1,1,0,0110,LL Fault
-0.9478970338362224,0.7291897062500633,-0.00713022155536387,0.006823422583577918,0.33671450487801563,-0.33505211391542244,1,0,1,1,1011,LLG Fault
0.05970143963243962,-0.6388416131471578,0.5791749203851175,0.3461526225287224,0.0334705431679662,-0.36628245511805424,0,1,1,0,0110,LL Fault
0.026609559692077372,-0.02751902466080488,-0.0076505398894339705,0.9402624370074354,-0.16903014564898122,-0.755623906360055,0,0,0,0,0000,No Fault
0.11507658782332433,-0.017486532199327533,0.012820741035383006,0.6171298635901872,-0.9463897326543567,0.36047651613266984,1,1,1,1,1111,LLLG Fault
-0.03550891241436793,0.8781122224414918,0.05237922848042387,0.0814214019565726,-0.3795628647466891,0.32002196009357825,1,0,1,1,1011,LLG Fault
0.06009581249038884,0.01759919463871539,-0.08608350373710223,0.05756963243426522,0.8345557788898396,-0.8932214322800737,0,0,0,0,0000,No Fault
0.0543543502649781,0.03774679386589455,-0.10087967004033571,-0.19338006381074618,0.945455535200745,-0.7546106738405283,0,0,0,0,0000,No Fault
-0.9820319641556121,0.5886096285703052,-0.019303215821190996,-0.005714547555775672,0.4235654415148839,-0.41097996912233165,1,0,1,1,1011,LLG Fault
-0.0628881039664011,-0.14590087230129323,0.20601709260582507,-0.8073906348082907,-0.08232506332705734,0.9083120474218387,0,1,1,0,0110,LL Fault
-0.35755482375732517,0.9803838477979421,-0.6342942619993238,0.0669595086622818,0.005805936283402549,-0.058159567562817704,1,1,1,1,1111,LLLG Fault
0.6066363192893479,0.08367895900586317,-0.05338299350695997,-0.5321903713041419,0.5103898256431578,0.02841962444472415,1,0,0,1,1001,LG Fault
-0.08566875569422587,-0.05202270698913088,0.04550357700881932,0.6488705860754892,-0.9038169877601617,0.28527101754087103,1,0,0,1,1001,LG Fault
0.04787508736052095,0.051034838657857885,-0.10778155280925492,-0.37325506717305856,0.9887292320145908,-0.6183536723099009,0,0,0,0,0000,No Fault
0.04849900303608503,0.04992791929061815,-0.10729007023382384,-0.35868135157687003,0.9864231252820621,-0.6306161566925302,0,0,0,0,0000,No Fault
0.06057454410735693,-0.005124522664762113,-0.06350726813987617,0.378215534943511,0.6134003636481596,-0.9893652436436973,0,0,0,0,0000,No Fault
-0.9822048593709581,0.6488809670038581,0.31980379457742086,0.00043737135734773017,0.05077651608203344,-0.037285033848754374,0,1,1,1,0111,LLL Fault
-0.9918017990784069,0.6005508295798703,0.3777995581488944,-0.0037039696409809364,0.051609350207949906,-0.03398135022222604,0,1,1,1,0111,LLL Fault
0.011017577752082784,0.6130637672737338,-0.628191842131703,0.7659652059792071,0.02976763013404813,-0.7834348520575392,0,1,1,0,0110,LL Fault
0.965334183145411,-0.2564037502301086,-0.7051348992822617,0.06767978585495515,-0.0829779171445362,0.03158690815140357,1,1,1,1,1111,LLLG Fault
0.01613667759966746,0.08539446259587645,-0.11035550994745481,-0.8265009269037324,0.8954176871549857,-0.06882390653187814,0,0,0,0,0000,No Fault
0.14302060030753946,-0.9114837140268213,0.7672518504447623,-0.035544717605397264,-0.02309888053787121,0.07406974475110079,1,1,1,1,1111,LLLG Fault
0.03955800288486833,0.2739012317270208,-0.316349542273971,0.8456667428433109,0.04752858662648193,-0.8814456890606878,0,1,1,0,0110,LL Fault
0.36975842158975875,-0.9713374844868461,0.6025048621337046,-0.024440443807195934,-0.03881725197040653,0.07895268148381976,1,1,1,1,1111,LLLG Fault
0.9835792170648617,-0.5117715802647081,0.0042102153058674666,0.05245043301070208,-0.48743383718431044,0.4589877247269914,1,0,1,1,1011,LLG Fault
-0.8502122498935679,-0.022803279885222568,0.8627327118276074,-0.0390659499716645,0.04372394939154975,0.009509419091122604,0,1,1,1,0111,LLL Fault
-0.6195892453994967,-0.05422971110701621,0.01108382414577051,0.3639268195997421,0.09027963368726831,-0.44199090429803556,1,0,0,1,1001,LG Fault
-0.8677493179896936,-0.06415229399895948,-0.026109816986908545,0.07843405106238714,0.34372075679546366,-0.4139918006512021,1,0,0,1,1001,LG Fault
-0.23063701142772397,0.04223210849587911,-0.06464558326187961,-0.5531597607684268,0.9602319398845832,-0.4089339488879218,1,0,0,1,1001,LG Fault
0.8942933746964403,-0.820028200057866,-0.023053951965089928,0.024575251247142188,-0.28706972069851033,0.28277047711608766,1,0,1,1,1011,LLG Fault
0.049371460728454546,-0.8730711738324604,0.821562719135302,-0.03914254133285873,-0.01665192238887837,0.07110780790990152,1,1,1,1,1111,LLLG Fault
-0.002550253735652286,0.10363666597121642,-0.11048617705234888,-0.9424803383676117,0.7657324938376693,0.1796091538771454,0,0,0,0,0000,No Fault
0.049864250000247225,0.04586442095134657,-0.1042851805314667,-0.34227023601640855,0.9813463885605441,-0.6418977053813558,0,0,0,0,0000,No Fault
-0.05450371185132192,0.015461297038956929,0.029759157663504808,0.6376710282229727,-0.951187655089506,0.34476986369241464,0,0,0,0,0000,No Fault
0.04363900654699844,-0.026781477209381156,-0.01636741709445874,0.9297249139550018,-0.11936589211118132,-0.7956651566916753,0,0,0,0,0000,No Fault
0.06065699897422144,-0.6107039499330177,0.5500098899551256,0.3816693183628951,0.03564819679989209,-0.404112289717783,0,1,1,0,0110,LL Fault
0.2936250040106125,-0.31827965784579537,0.02527178867325911,0.08476165102993263,-0.8854220431953241,0.8321314834874858,0,1,1,1,0111,LLL Fault
-0.7091871864312761,0.9590968350634939,-0.2620508259790409,0.04140147254592812,0.030590735244748285,-0.057788902701684186,0,1,1,1,0111,LLL Fault
0.021929974206302504,0.08138022200818862,-0.11220699134816814,-0.771263910186869,0.9332053958662215,-0.16271215415405837,0,0,0,0,0000,No Fault
-0.9034313029456886,0.08480140770995226,0.8052904158715701,-0.03481793924996595,0.04707281009777338,0.0018377340708673404,1,1,1,1,1111,LLLG Fault
0.7336339554620832,0.09576245282326108,0.006605252202500675,0.2056922052976976,-0.7083624702464499,0.5304607731945332,1,1,1,1,1111,LLLG Fault
-0.07206022269407353,0.04188733859902408,0.02051201384592159,0.3250668074853935,-0.9466819170544505,0.6536116103866378,0,0,0,0,0000,No Fault
-0.07839654576244834,0.056010392270824584,0.012757651031435713,0.11263654334126753,-0.8843178792633078,0.8030575712940579,0,0,0,0,0000,No Fault
0.9892348396810285,-0.36030350850972104,-0.6222027157814349,0.06193050814371745,-0.08434012815529109,0.03873948757471449,0,1,1,1,0111,LLL Fault
-0.3132056258613497,0.9719495235102312,-0.6698014298630245,0.06936768045578891,0.0027206975823014616,-0.05743033801961511,1,1,1,1,1111,LLLG Fault
0.8172733928575725,0.057946790669607694,0.016139283511440762,0.10176819119720021,-0.6253173667430908,0.5500392966012226,1,1,1,1,1111,LLLG Fault
-0.07812676558031151,0.24658614464623646,-0.172470620089878,-0.6726913842097221,-0.08337779229240112,0.7743283921798108,0,1,1,0,0110,LL Fault
-0.8472282432057688,0.003857522851974248,-0.0552072519703045,-0.038475992064834943,0.5876086601599065,-0.545287857385469,1,0,1,1,1011,LLG Fault
-0.06511369538520158,0.10626796430230365,-0.050589852156519934,-0.7841299925140172,-0.12396402018893968,0.9274188584240738,0,0,0,0,0000,No Fault
-0.08156243805265699,0.07613305536621347,-0.004039426692054712,-0.2278747235738446,-0.7010875926453949,0.9577642326330069,0,0,0,0,0000,No Fault
0.9638658723651418,-0.6616414321766928,-0.00787870550953644,0.04025606897625477,-0.4067297447929214,0.3889788407995973,1,0,1,1,1011,LLG Fault
-0.004733604021040482,0.8622917751965581,-0.8656194776155076,0.08243708323561622,-0.018570778066639773,-0.04883887614193131,1,1,1,1,1111,LLLG Fault
0.38470232981330993,0.0777135468743772,-0.06079402461320736,-0.5897979918760151,0.6995708307581899,-0.10659103225866585,1,0,0,1,1001,LG Fault
-0.858875233092497,0.269113861414509,-0.025040256897736476,-0.06827838950239136,0.49586049619455086,-0.42191722335934484,1,0,1,1,1011,LLG Fault
-0.6097914861372951,-0.36965336607541494,0.9724028739220627,-0.04774992294136253,0.02799246838611568,0.03424642131577054,0,1,1,1,0111,LLL Fault
0.37063730487575913,0.007669078438103592,0.002886258553674267,0.5448690448279111,-0.9583647279298089,0.44513114811151566,1,1,1,1,1111,LLLG Fault
0.008519800287819448,-0.8249018355390171,0.8163627173806868,-0.4613780537064805,-0.03058337051616386,0.5086585574365553,0,1,1,0,0110,LL Fault
-0.07906052390661918,0.09225610924971818,-0.022825393193354623,-0.4765064288395836,-0.4972444308081439,0.9993437079220985,0,0,0,0,0000,No Fault
0.022691324656502514,-0.027477464742791044,-0.0038090445095998807,0.9588977297785878,-0.22911571669094416,-0.7130828197160064,0,0,0,0,0000,No Fault
0.016233719522881652,-0.029499546732466714,0.00488355445776794,0.9839935649639187,-0.334167485267199,-0.6311999037611977,0,0,0,0,0000,No Fault
0.8147063536537591,0.09775868687833146,-0.9087745651448527,0.0828948404171395,-0.07353854565070017,0.0067130162613108805,0,1,1,1,0111,LLL Fault
0.03366326168495334,0.0682059660784691,-0.11049475434377497,-0.6383671377994738,0.9805197426838272,-0.34417346733598414,0,0,0,0,0000,No Fault
0.9715979384824952,-0.6704082355403927,-0.29372222532906905,0.03812009246344113,-0.08202047653630848,0.060249359840463694,0,1,1,1,0111,LLL Fault
0.49806429616417774,-0.010554354614334707,0.03927500677547998,0.5096141963573884,-0.981784705617335,0.50434387235377,1,0,0,1,1001,LG Fault
-0.8823184308911467,-0.021551102588661376,-0.037529651346721565,-0.17916546303810987,0.7083182090529734,-0.5272255929393419,1,0,0,1,1001,LG Fault
0.0562384689959929,-0.013802093104041117,-0.05063674277292198,0.5565428405480114,0.4448570951730856,-0.9964236946230813,0,0,0,0,0000,No Fault
0.8846949500919246,-0.8238800583584523,-0.024042024625376232,0.023007773705750603,-0.2781628040314524,0.27526617295929845,1,0,1,1,1011,LLG Fault
-0.4538400406680208,-0.5494967165207492,0.998290578520431,-0.03890779557838876,0.014877225083289113,0.038744978661697946,0,1,1,1,0111,LLL Fault
0.03787965106324244,0.0677431614376218,-0.1142466167614828,-0.5670128735381887,0.9970583484231714,-0.4325693549659613,0,0,0,0,0000,No Fault
-0.01881545533037621,-0.6804251267414445,0.6986894775246406,-0.6783903843984014,-0.05491980784363157,0.7510444816277149,0,1,1,0,0110,LL Fault
-0.0515164442002457,-0.01996467401159527,0.01827676170375142,0.6655794706785683,-0.8752214490827825,0.2393796521817381,0,0,0,0,0000,No Fault
0.02255842561164135,0.08188982625208693,-0.11347969991598447,-0.7620968299413519,0.9397584167873853,-0.17858091238653034,0,0,0,0,0000,No Fault
-0.1756323885303315,0.9347153112427644,-0.7665530558136635,0.07593766376946842,-0.006780789433833758,-0.05433594725590968,0,1,1,1,0111,LLL Fault
-0.0813431177950273,0.08392666712048266,-0.012203549591190584,-0.33371807728751185,-0.621867532711279,0.9831648137563914,0,0,0,0,0000,No Fault
-0.09871288975285099,0.9046533216859554,-0.8149427361161548,0.07910159861166417,-0.012113597331299393,-0.052074264167981124,1,1,1,1,1111,LLLG Fault
0.48414014552296014,0.49974976932625764,0.05217225779727912,0.09055445347488887,-0.5815520779373349,0.5166869619357761,1,0,1,1,1011,LLG Fault
-0.03001326656732111,0.8605935963292426,-0.8358889389069821,0.44789320804227123,-0.005751098103323533,-0.42832684222404444,0,1,1,0,0110,LL Fault
0.032413366421855966,0.07062185966656163,-0.11181180101724406,-0.6511310023758262,0.978961231151984,-0.3297876769063843,0,0,0,0,0000,No Fault
0.6483078468197676,0.0844721520010852,-0.051025419961315405,-0.512747115406907,0.4574094893770461,0.06291053846965147,1,0,0,1,1001,LG Fault
-0.7274914631768707,0.309109739147916,0.4083014636043101,0.06936618879006123,0.010426349502302586,-0.06528072081924256,0,1,1,1,0111,LLL Fault
-0.06616411502938888,0.10719615188445125,-0.050606072175916235,-0.7751743324496343,-0.13806416283755057,0.9328071697383283,0,0,0,0,0000,No Fault
-0.9613260670507288,0.7157290452884457,0.22977507331546898,0.006783280822739005,0.0490585681286739,-0.04189722041778763,1,1,1,1,1111,LLLG Fault
0.4643336221758062,-0.9915203573796482,0.5314079574246304,-0.018267047867900975,-0.045705482129913697,0.07978186529987182,0,1,1,1,0111,LLL Fault
-0.015815507013294768,-0.01767439754126988,0.02478573887550025,0.9539275423339895,-0.7019533649575576,-0.22628899150682436,0,0,0,0,0000,No Fault
0.4913657316311284,0.5075680230495824,-0.9993177292290066,0.09047953797629275,-0.05219231920804416,-0.022643091631764464,0,1,1,1,0111,LLL Fault
0.8054830328582548,0.08450523884590083,-0.0409983788604852,-0.4200638682748446,0.24388123691763924,0.18756184898397257,1,0,0,1,1001,LG Fault
0.03199341842751807,-0.8592439833774415,0.8276098604351941,-0.19018350803171657,-0.005968510522700641,0.21166306413571553,0,1,1,0,0110,LL Fault
0.010955227132235993,0.8544811499750677,-0.8733382697627612,0.08294057715791836,-0.019646300308650482,-0.04824777299547605,1,1,1,1,1111,LLLG Fault
0.0463469442829801,0.051099270552413464,-0.10591413593162113,-0.4280264177552738,0.9918297730390262,-0.5665964920316128,0,0,0,0,0000,No Fault
0.6202469472988494,-0.6160784988255726,0.0001840340750285923,0.0668760921491914,-0.7945339018430188,0.7574515775605571,0,1,1,1,0111,LLL Fault
-0.04773973520601991,-0.37903269934816974,0.42487277506197485,-0.8070697786614999,-0.07482391006372108,0.9003468415411545,0,1,1,0,0110,LL Fault
0.6885878223259654,0.0847752812418578,-0.04923940649464926,-0.49606346741969454,0.4164362353647148,0.08793344328990432,1,0,0,1,1001,LG Fault
-0.06395572741368163,0.028601785191480312,0.025808677795089753,0.4957268459943313,-0.9643227706988623,0.500474738685952,0,0,0,0,0000,No Fault
-0.18489184796298636,-0.7438263214818109,0.9241611418104869,-0.045749776818971966,-0.0006339646075466613,0.06141063569280937,1,1,1,1,1111,LLLG Fault
0.9651891849137249,0.07502214581570513,-0.020803225145672587,-0.21459091234758298,-0.13771385841392147,0.3703805934966834,1,0,0,1,1001,LG Fault
0.848529920297666,-0.872116481083028,0.03072635444311242,0.01586044668163757,-0.07289521532865509,0.073269592790133,0,1,1,1,0111,LLL Fault
-0.3224464463089578,-0.6639104876170709,0.980468374856313,-0.04425927547866468,0.007511381513614843,0.05161626793816002,1,1,1,1,1111,LLLG Fault
0.052390485937308336,-0.018846863886618565,-0.04176382293250785,0.6557101217736941,0.33105702427215894,-0.9798942844226224,0,0,0,0,0000,No Fault
0.4708822202439943,-0.01297558126075585,0.040080773497357,0.5218345584644078,-0.9866423987073438,0.497040987203844,1,0,0,1,1001,LG Fault
-0.08226072586491906,0.07786497046847199,-0.005341727647099807,-0.21420525343930685,-0.7092519485373059,0.9523778093952076,0,0,0,0,0000,No Fault
-0.6098250606818627,-0.369676925906339,0.9723714917671438,-0.04775048375504845,0.027992910172734788,0.03424653509505038,0,1,1,1,0111,LLL Fault
0.8355333326069516,-0.8745953212175859,0.04368668170682023,0.014227939421902348,-0.0718302636001828,0.07382126729368697,1,1,1,1,1111,LLLG Fault
-0.08040985353385441,0.4482650063134038,-0.3724965520180254,-0.5352400711943599,-0.07787133797963772,0.6309017245461961,0,1,1,0,0110,LL Fault
-0.10729911944080148,-0.7919115639324983,0.8954718114864268,-0.04394252264608624,-0.005921975665488395,0.06498695096357843,1,1,1,1,1111,LLLG Fault
-0.4235919714173013,0.99587226786323,0.04040750828789258,0.06275788430425343,-0.15544505013974294,0.11036416589585271,1,0,1,1,1011,LLG Fault
0.0525070942506025,0.040031909054360486,-0.10092243150722464,-0.2819919565321765,0.9675945711962395,-0.6883230138151138,0,0,0,0,0000,No Fault
-0.32807055702647503,0.9750003591779944,-0.6581246930060624,0.06857666673101778,0.003754068849704875,-0.05769020824578827,1,1,1,1,1111,LLLG Fault
-0.5186095849665266,0.9998252115216114,0.035647250847826446,0.056406749897278036,-0.08951727504582786,0.049553283048228945,1,0,1,1,1011,LLG Fault
0.8291826522365884,0.038117110731038586,0.03654441921379065,0.08145772492157952,-0.6220994464123184,0.5671246241180912,1,0,1,1,1011,LLG Fault
0.04312598467095452,-0.8286491893748631,0.7859233041322611,-0.022724210846766346,0.007570506480338541,0.02996386321427617,0,1,1,0,0110,LL Fault
-0.7160094355649919,-0.1970535097115894,-0.11179981347471918,0.33849309334633376,-0.1554719392476661,-0.16607466496621268,1,0,0,1,1001,LG Fault
-0.01988162969174926,0.8243014211440931,-0.8096154371854195,0.5436670319682575,0.003707532374226625,-0.5339926997053899,0,1,1,0,0110,LL Fault
-0.014275564554349293,-0.01614081256075303,0.021456117442844605,0.9609043507498978,-0.6781751986544305,-0.25751368991676626,0,0,0,0,0000,No Fault
-0.8379068704834873,0.8859218791859979,-0.06331143814077936,0.027470431343046112,0.03983300193929196,-0.05323858073035606,1,1,1,1,1111,LLLG Fault
0.9877918576093461,0.06964317753331492,-0.01384272033743396,-0.13944020914942837,-0.2586987455579801,0.4183114145204721,1,0,0,1,1001,LG Fault
0.6619581777393656,-0.9612530494732617,0.3027003409486622,-0.003834936905101144,-0.05936096735552982,0.0792261112319944,1,1,1,1,1111,LLLG Fault
0.013886664778752384,0.09210966278274056,-0.11513613447621841,-0.8386446664018744,0.8935958125405806,-0.05479152608827824,0,0,0,0,0000,No Fault
-0.1376535166134247,-0.7723948170839801,0.9083238551303525,-0.0447018693106741,-0.0038218725770082264,0.06360835503776857,0,1,1,1,0111,LLL Fault
-0.6468674168583988,-0.3178899526054327,-0.06435594699382705,-0.02444356857553394,0.5791165811281869,-0.5507042540431176,1,0,1,1,1011,LLG Fault
-0.9565911302407472,-0.036015988417730266,-0.027074770374912627,-0.053978326315710715,0.5592572482370992,-0.5008550022309683,1,0,0,1,1001,LG Fault
-0.8697716909356098,0.8570304479553409,-0.0004627505139771417,0.02311019045495097,0.04219885828922199,-0.05127753218130873,0,1,1,1,0111,LLL Fault
0.06077516116175903,-0.36406103788936317,0.30276230172578983,0.6896158992081173,0.046293399787448376,-0.7237225032098186,0,1,1,0,0110,LL Fault
-0.6952490833418189,-0.24332510936636526,-0.06533025549740365,-0.045675183664899144,0.5892700011684446,-0.5397624469859358,1,0,1,1,1011,LLG Fault
0.9621644520752499,-0.7070946981613128,-0.24747660037507108,0.03525821088571589,-0.08135118437276055,0.06243683740126248,0,1,1,1,0111,LLL Fault
-0.03128958250807243,-0.004020091283502685,0.02601926591077286,0.8729187586356828,-0.8193369888284762,-0.02545428247000489,0,0,0,0,0000,No Fault
0.9777630900301741,0.05502387949452139,0.0010294982568458573,0.02673264886922029,-0.5007895726162639,0.498382870348693,1,0,0,1,1001,LG Fault
-0.07839986693097646,0.25976912675579344,-0.18542310733984388,-0.6652905463749619,-0.08315306207415372,0.7666789386414506,0,1,1,0,0110,LL Fault
0.9483388155824983,-0.7388939543344014,-0.20186980544305502,0.03211427291626843,-0.08029896677947405,0.0645169238116456,0,1,1,1,0111,LLL Fault
-0.33103914332500906,0.03666036565735578,-0.06344678745431148,-0.5335058954852105,0.964363931294675,-0.43285032217918135,1,0,0,1,1001,LG Fault
-0.012837805576448546,0.10514622067939942,-0.1015679774152556,-0.9804550509841272,0.6531916329346062,0.3323610377192388,0,0,0,0,0000,No Fault
-0.07874188078777998,0.056823933046807586,0.012414252160414332,0.08228982606076551,-0.8727739026649685,0.8217217017469226,0,0,0,0,0000,No Fault
-0.03943719196018905,0.8798284914623573,-0.8458631601829365,0.34369971720953446,-0.015404894697493229,-0.31402012451884004,0,1,1,0,0110,LL Fault
0.7433461092101487,0.09510218961175594,0.007682625969265885,0.1914592572010725,-0.697166592375176,0.5333231185373983,1,1,1,1,1111,LLLG Fault
-0.07032672202598357,0.11128107491424719,-0.05109730758378904,-0.7377824532681376,-0.19359126464671622,0.9518969699137402,0,0,0,0,0000,No Fault
-0.9540064340327656,0.2235106482911898,0.7186381072313088,-0.02835013257170925,0.05020000072676327,-0.007833753710532864,0,1,1,1,0111,LLL Fault
-0.02057550522552211,0.11247734386331205,-0.10154276497948678,-0.9959633453194541,0.5840986622345964,0.418314564062856,0,0,0,0,0000,No Fault
-0.9334733852315137,0.16261804377004915,0.7593647991082891,-0.03134873263191153,0.04895933120250802,-0.003562990727714951,0,1,1,1,0111,LLL Fault
0.10507330687000484,0.8030218463218223,-0.9150254312367733,0.08566239510642996,-0.026091960608308082,-0.044408830412216625,1,1,1,1,1111,LLLG Fault
-0.9580917269064364,0.29627458897143155,-0.039564426425906914,-0.025134102907474268,0.5365336395399004,-0.5066208727711246,1,0,1,1,1011,LLG Fault
-0.7132818817690328,-0.2220135496672251,-0.06021736665150772,-0.030102247740348587,0.5853500398250003,-0.55138232083682,1,0,1,1,1011,LLG Fault
-0.6638529407610275,0.3446048525242134,0.30960524758936,0.030250478527228924,0.013839610722423096,-0.02953934117837774,0,1,1,1,0111,LLL Fault
0.4830618243735019,-0.9812736794015654,0.5001427310838882,-0.017449911079824146,-0.04673767044486816,0.08001433780525519,1,1,1,1,1111,LLLG Fault
0.9802848170393099,-0.4177109510175558,0.011048798737680405,0.05928879280924304,-0.5270955464762075,0.4925455859962008,1,0,1,1,1011,LLG Fault
-0.08268675994772255,0.08641186152090347,-0.013773414846592572,-0.30659379051249297,-0.6413348293350253,0.9758053341330842,0,0,0,0,0000,No Fault
0.6385460475910802,0.0029912686278232535,0.033999405660026426,0.43415818849107685,-0.9382072683658604,0.5355955413999585,1,0,0,1,1001,LG Fault
0.9581837280133142,0.04896960709166639,0.006142033974210339,0.08594302726163604,-0.5788511450468737,0.5185584266161899,1,0,0,1,1001,LG Fault
0.9984239709928631,-0.5394073411462001,-0.45164259428364906,0.04974013394505329,-0.08442435080947149,0.05104800474540079,0,1,1,1,0111,LLL Fault
-0.5058031376896004,-0.48106744097650933,0.9810710571131976,-0.04871787420635061,0.02106018255291446,0.04228077861499451,0,1,1,1,0111,LLL Fault
-0.0672642547268681,0.11149625141886617,-0.054240063394127076,-0.7777198082085282,-0.1343807450541832,0.9316060760849648,0,0,0,0,0000,No Fault
-0.07763362327243252,0.05381285148798883,0.014206407216982395,0.14368274494807587,-0.8961482015579987,0.7839838816050808,0,0,0,0,0000,No Fault
0.056770635441022475,-0.73702666680625,0.6807736871790134,0.27645575512929227,0.02109724246267304,-0.2837927047946216,0,1,1,0,0110,LL Fault
0.9976172265068258,-0.5402558798137334,-0.4523883060354017,0.049726301089005435,-0.08439641306517769,0.05103340636910515,1,1,1,1,1111,LLLG Fault
0.012652486906941596,-0.02337598600727384,0.0017411277372212756,0.9851161067416623,-0.35785735088581555,-0.608186004631956,0,0,0,0,0000,No Fault
0.9828894131966182,-0.32941439737912903,-0.6469889963522919,0.0635018094147858,-0.08393652452255286,0.03675276118587548,0,1,1,1,0111,LLL Fault
0.7160223831982171,0.08501162908458389,-0.04725779362148113,-0.4789595019094929,0.3745028350033969,0.11351328449315984,1,0,0,1,1001,LG Fault
-0.06359209981522937,0.11007118310583137,-0.056173185623387814,-0.8137836476894549,-0.07574839630304248,0.9080205399599705,0,0,0,0,0000,No Fault
0.598879030156066,0.03063971930270378,0.025702655520319924,0.4026103760460437,-0.8868016262916323,0.5148458515884529,1,0,1,1,1011,LLG Fault
0.014732074035598619,0.08764781767144174,-0.11135589878057561,-0.8359660343964088,0.889738123691238,-0.0535463635761662,0,0,0,0,0000,No Fault
-0.03485895622690248,0.11238503942681503,-0.08699093961490238,-0.988974342083953,0.39176516651986715,0.6072903489818533,0,0,0,0,0000,No Fault
0.49544363494890975,0.00047064788784578933,0.029088193236538877,0.49116377968264635,-0.9537943320765616,0.49432167066060956,1,0,1,1,1011,LLG Fault
0.04112508500283991,0.06344456804188034,-0.1131008812670532,-0.5142881343835503,0.9998952318406322,-0.48832459237894854,0,0,0,0,0000,No Fault
0.052736126374857965,-0.020197868344005956,-0.040622098680092804,0.6565098585359731,0.3298997698873481,-0.9795169247227042,0,0,0,0,0000,No Fault
0.9907555103780697,0.06577586222163773,-0.009444269108047184,-0.09131751367995407,-0.33249021890291514,0.4452529150265924,1,0,0,1,1001,LG Fault
0.11110661872977023,-0.913505690644771,0.8033445345514861,-0.03614001064301023,-0.021349479966457117,0.0728840178964156,0,1,1,1,0111,LLL Fault
-0.7776922382163627,-0.1462147248691353,0.9147223741121159,-0.043043610670603916,0.03904194011373784,0.01826848114595679,0,1,1,1,0111,LLL Fault
0.05581209676450746,0.03204874621162593,-0.09606429254253626,-0.19000706387597407,0.9405746507406323,-0.7530191094864643,0,0,0,0,0000,No Fault
0.5293326834509198,-0.9876938916317449,-0.055015060629561297,-0.013684103095741564,0.04788089284515802,-0.02017554884710895,1,0,1,1,1011,LLG Fault
0.05970850347407743,0.02010603227097751,-0.08795039186331607,-0.019026103435648922,0.8719868606121683,-0.8545640216149861,0,0,0,0,0000,No Fault
0.059309477403594484,-0.3173143499451227,0.2573283455590991,0.7329169570751668,0.03321689615449258,-0.7538137060504209,0,1,1,0,0110,LL Fault
-0.5515966256462932,-0.07076330080898403,0.03538558170946673,0.592178933780379,-0.5934289269979078,0.025834819744883344,1,0,0,1,1001,LG Fault
0.8871264731084922,-0.042488873931486114,-0.8421872002047089,0.07780011779735241,-0.07819293760088708,0.01656396364856566,1,1,1,1,1111,LLLG Fault
-0.07395046641071294,0.10817022780307775,-0.04438686799605634,-0.6711211289137395,-0.2827475506676233,0.9759070758949098,0,0,0,0,0000,No Fault
-0.06615847646737638,0.813855189092239,-0.7532718009698871,-0.05143061059130305,-0.04757003527364345,0.11493328618298004,0,1,1,0,0110,LL Fault
-0.33044843361488835,0.033979942696979716,-0.06327261745830179,-0.5219901077876585,0.9643243679274082,-0.4443563260565995,1,0,0,1,1001,LG Fault
-0.07543636684575382,0.695487644725114,-0.6253767745477287,-0.26754776587282786,-0.06253509578996697,0.34687245036762937,0,1,1,0,0110,LL Fault
0.7944072697378992,-0.9131789269124251,0.12318083376410899,0.00934077707204462,-0.06900145047528426,0.07583889217738961,1,1,1,1,1111,LLLG Fault
0.0596669179799186,-0.0032192291414704644,-0.06478188038539015,0.3910237514948841,0.6035027639526188,-0.9921219968679482,0,0,0,0,0000,No Fault
0.9961463363735363,-0.5651426021850627,-0.4235678521729715,0.04772286080294065,-0.08417950068999583,0.0528211294995587,0,1,1,1,0111,LLL Fault
-0.6635989034268475,0.9734708098161585,-0.32166560564328134,0.0455402265649959,0.027343406165884293,-0.05862967551452895,0,1,1,1,0111,LLL Fault
-0.04390347088580701,-0.4272479137785664,0.4694402964759474,-0.7980283979785311,-0.07249440158650783,0.8889077761577324,0,1,1,0,0110,LL Fault
0.9979878916763556,-0.5106572039933557,-0.4801418431735191,0.05144647948061548,-0.08439920942883267,0.049311515270375396,0,1,1,1,0111,LLL Fault
0.9003482564721395,0.036919592648872124,0.015109961695585039,0.1926201316632488,-0.7085207593173694,0.543728794330037,1,0,0,1,1001,LG Fault
0.9472577621365263,0.07781707238305342,-0.025092811097336146,-0.25949802384346415,-0.061001421404753765,0.3372385888993788,1,0,0,1,1001,LG Fault
0.39251218742267324,0.5966075165084583,-0.9929297180344114,0.09033590553271414,-0.045593223017213275,-0.029223402501870867,1,1,1,1,1111,LLLG Fault
-0.054564091297442004,-0.05030461673104135,0.04568787115836048,0.6471926973117967,-0.9164568945530888,0.29983312133189166,1,0,0,1,1001,LG Fault
-0.07835567251246119,0.05714906742750674,0.011159448733277458,0.15652604278019525,-0.8979236788678018,0.7729157036944265,0,0,0,0,0000,No Fault
-0.07874690666019195,0.10179362106757911,-0.033238165464938296,-0.5471641592137193,-0.4250081903881279,0.9965817290958503,0,0,0,0,0000,No Fault
-0.8014794927469898,-0.02205965796383026,-0.032240108804259676,-0.13752462090287904,0.6763842426302986,-0.5364368682684266,1,0,0,1,1001,LG Fault
-0.07146413911705086,0.040771249981267445,0.021040999590356945,0.3398169573696351,-0.9494715956525732,0.6416649739868866,0,0,0,0,0000,No Fault
-0.984508872956077,0.3416255344521567,0.6280390884341456,-0.021794894875355277,0.05191769784889218,-0.016156665157274475,1,1,1,1,1111,LLLG Fault
-0.39543721398993026,0.9925095363555496,0.041657661692527284,0.06448572166752141,-0.17400861802220172,0.1275475876416915,1,0,1,1,1011,LLG Fault
-0.07797014827776522,0.10095288628681698,-0.03304276765885372,-0.5593010521799712,-0.41254105291032434,0.9960470786109201,0,0,0,0,0000,No Fault
-0.04010181340526719,0.11749678294560155,-0.08726085780661907,-0.9815822174190112,0.33799836106712083,0.6546657391368783,0,0,0,0,0000,No Fault
0.034489076653379455,-0.02512969244495404,-0.017995878093376085,0.8840179341276485,-0.030281921543196828,-0.8406114746504303,0,0,0,0,0000,No Fault
0.03322822097119866,-0.025090977585882447,-0.0014406545843644817,0.9921470739713278,-0.3271245084210553,-0.6465516555419896,0,0,0,0,0000,No Fault
0.03627878623703476,0.06509486275492038,-0.10996788735932149,-0.6016141734215886,0.9873389117233458,-0.38797244493071104,0,0,0,0,0000,No Fault
0.8363153322374283,-0.8737428349087191,0.04437682097942369,0.014240004316916863,-0.0718545715738295,0.07383393966710072,0,1,1,1,0111,LLL Fault
-0.9820163380330443,0.5885816726649394,-0.019303592924583366,-0.005711996758042917,0.4235637779374317,-0.4109808315362933,1,0,1,1,1011,LLG Fault
-0.07759146455103354,0.054133156990383645,0.013707560964689756,0.1583117163161698,-0.9005075043206144,0.7737581551638927,0,0,0,0,0000,No Fault
-0.2727664185440594,-0.6761388824382951,-0.07473708837397133,-0.04733953395861351,0.48077416282388424,-0.4275389718293987,1,0,1,1,1011,LLG Fault
0.042565556800414864,-0.025676540622532933,-0.025177114790699794,0.8126569614821263,0.10570354867424006,-0.9076273138219275,0,0,0,0,0000,No Fault
-0.0012456473282135565,0.10142907644368225,-0.10961641202076935,-0.9361938521283197,0.7742971051699562,0.16457886319037016,0,0,0,0,0000,No Fault
0.0682196710048765,-0.049526147334226577,0.047428986949056395,0.6370525773627452,-0.9641898867859403,0.35863892140019604,1,0,1,1,1011,LLG Fault
0.7066465518533975,0.010439193277541047,0.030553446464146698,0.3876070409849081,-0.9027459448784501,0.546135849411171,1,0,0,1,1001,LG Fault
-0.2951720511865596,-0.6839774832273903,0.9758873355812943,-0.047378438969036527,0.0063820842922898,0.055894428223142424,0,1,1,1,0111,LLL Fault
-0.0828636549236782,0.07683786693261467,-0.003990314889344989,-0.15437988939028907,-0.7468379096440836,0.9306930501314732,0,0,0,0,0000,No Fault
-0.041222642977522574,-0.46611814944802005,0.5058883308764698,-0.7891191045424394,-0.0710888469391007,0.8785426354702671,0,1,1,0,0110,LL Fault
0.9076485564377604,-0.08887931061663282,-0.8159965241021839,0.07584767208594889,-0.0794806323169538,0.019833716315076456,1,1,1,1,1111,LLLG Fault
0.05934919853578352,-0.6479033160209823,0.588611468226316,0.3341464978281862,0.03271998330396127,-0.3534796988944808,0,1,1,0,0110,LL Fault
-0.0829488108992443,0.8979350053358582,-0.8238312609764595,0.07971416339511173,-0.013204522229136581,-0.051576826103457964,1,1,1,1,1111,LLLG Fault
-0.027645571561792877,-0.00785879729350545,0.02639900793870195,0.8952759054127066,-0.795594061885853,-0.07206418706696095,0,0,0,0,0000,No Fault
-0.7848991391060113,-0.11923847871580553,0.8927166082100663,-0.03534091199131825,0.03801393663466984,0.011592874357573961,1,1,1,1,1111,LLLG Fault
0.42933347853100573,0.5529816345435448,0.05317600658505792,0.09055296674300595,-0.5661766170710562,0.5010212189180352,1,0,1,1,1011,LLG Fault
-0.0787172181351081,0.6024616564549092,-0.5288284939244379,-0.3862567364876224,-0.06986249259591719,0.47336258410085147,0,1,1,0,0110,LL Fault
-0.0454757148636427,0.11489996605948442,-0.0791221789915342,-0.9574889000149464,0.24669321036649972,0.7235463514479549,0,0,0,0,0000,No Fault
0.02526877888267509,-0.02607118106252261,-0.007913940281044064,0.9444062926219687,-0.18287552468057572,-0.7456706318248248,0,0,0,0,0000,No Fault
-0.8079873928115306,-0.07259928716993798,0.020904971252460446,0.4618549558502263,-0.2760178555554682,-0.16693012190205675,1,0,0,1,1001,LG Fault
0.05591918819434812,-0.008025848323381393,-0.056531960647563335,0.5277248832845782,0.4760621994423375,-0.999326603103696,0,0,0,0,0000,No Fault
0.7280370772774829,-0.6942399290922018,-0.028300093016212512,0.0572002108090423,-0.6834973001040134,0.6540094190264004,0,1,1,1,0111,LLL Fault
-0.26958686223917966,-0.061076031715918674,0.04325510033202509,0.6459016614468084,-0.8100758143139413,0.1927277564346218,1,0,0,1,1001,LG Fault
0.7456690966056122,0.20421690686990107,-0.9494275140120724,0.08598461134975517,-0.06907626776744916,-0.0009319009466313734,1,1,1,1,1111,LLLG Fault
0.7106034608160435,0.08493219096927994,-0.04794794038027497,-0.4845381705587055,0.3885815809389024,0.10476083153040665,1,0,0,1,1001,LG Fault
-0.03555084060142782,-0.5184970131164067,0.5525996669153286,-0.7701477741842183,-0.06717705136591282,0.8555349810096159,0,1,1,0,0110,LL Fault
-0.8841746143969762,0.0818530928104562,-0.051426937636042044,-0.03543203845912894,0.5792393573516476,-0.5398117579364323,1,0,1,1,1011,LLG Fault
0.9975908377065296,-0.48484312955097236,-0.5079562869703995,0.05338511864980977,-0.08448958634862645,0.04745982839695248,1,1,1,1,1111,LLLG Fault
0.8494208724417853,0.0287473091196136,0.0204427566219565,0.2580379692590735,-0.7805200208637533,0.5515030835260794,1,0,0,1,1001,LG Fault
-0.7841857193154446,-0.11970362215762964,0.8946595464935381,-0.03529601400414591,0.03792325386260131,0.011640259305188493,0,1,1,1,0111,LLL Fault
-0.03052955291089067,0.11567105265424944,-0.09490134293435129,-0.9987008249357987,0.4655006753715843,0.5419078657885967,0,0,0,0,0000,No Fault
0.9983697333640649,-0.48399286004782727,-0.507269074305134,0.05339713749560667,-0.0845138619569531,0.04747251396216679,0,1,1,1,0111,LLL Fault
-0.971998636983863,0.650013191449161,-0.01424613633969764,-0.0005814149546548887,0.3891059897471084,-0.38101333810340043,1,0,1,1,1011,LLG Fault
-0.6008235020739447,-0.3960229393208272,0.9877884187710072,-0.042057438716975454,0.025356324393392457,0.031225015837643016,1,1,1,1,1111,LLLG Fault
0.4130302835953226,-0.976881812455554,0.565166679015528,-0.021897106047691295,-0.041836355376454415,0.07947899804874566,1,1,1,1,1111,LLLG Fault
0.060729125000633204,0.002917582709454503,-0.07198868708605607,0.28814286071789763,0.686059524942204,-0.9730917527251435,0,0,0,0,0000,No Fault
0.12146622379451881,0.7946520929384621,-0.9205004248589832,0.08606911001945947,-0.02718077205074399,-0.04370715194448535,0,1,1,1,0111,LLL Fault
0.534194058296613,-0.5433249843826732,0.012523540308153114,0.07306725157418044,-0.8433513362000952,0.8009878239573642,0,1,1,1,0111,LLL Fault
-0.052816306294861774,0.875246505300893,-0.8280387174978948,0.1693917254659191,-0.030378331358653664,-0.12399242872107166,0,1,1,0,0110,LL Fault
-0.887921445241055,0.2767461467774221,0.5979681838039435,-0.09759059137384621,0.06130752936554647,0.050271964097908066,1,1,1,1,1111,LLLG Fault
0.0631195000567347,-0.4152939866082909,0.3515898927865294,0.5750590977362501,0.046153162473804056,-0.6087190918885199,0,1,1,0,0110,LL Fault
-0.016018315217800873,-0.6908921697091601,0.7062043930267526,-0.6636021139850511,-0.052412867826937104,0.7336624952508592,0,1,1,0,0110,LL Fault
0.9991891832380159,-0.5263346641970184,-0.46551526276261324,0.05072656410322336,-0.0845184756333306,0.05015486872920486,0,1,1,1,0111,LLL Fault
0.5247536443290868,-0.008116831066412145,0.03842056598682428,0.4969115180343238,-0.9759739736026296,0.5111592281303692,1,0,0,1,1001,LG Fault
0.14584350278511277,-0.015878069625764914,0.012050500478250192,0.6120650186895561,-0.953206393381569,0.3725008060664225,1,1,1,1,1111,LLLG Fault
-0.8354629535049667,-0.031010435948086466,-0.01827954880794881,-0.025224331415541514,0.5340330431259418,-0.5039823560063252,1,0,0,1,1001,LG Fault
0.051779155340891996,0.042877190336305264,-0.103326963280329,-0.2836762412032724,0.9700318076413418,-0.6891177505419515,0,0,0,0,0000,No Fault
-0.015400988569498853,-0.015527728556399178,0.021956511633102305,0.9567130003012417,-0.6889630388441151,-0.24231867156741282,0,0,0,0,0000,No Fault
-0.8592032365227034,0.09778722114398657,-0.041464857391929184,-0.061218083987261834,0.5600627061570252,-0.4944167917875283,1,0,1,1,1011,LLG Fault
0.47618458532795027,-0.9878224828977559,-0.05785211468400617,-0.01741323945645533,0.08580431905308873,-0.05507960533097568,1,0,1,1,1011,LLG Fault
0.029430945417833938,0.41311796830210296,-0.4458580482580048,0.8351135071399819,0.04217280744308892,-0.8654070600123939,0,1,1,0,0110,LL Fault
0.19138729505855026,-0.043498880547323995,0.04448607560740882,0.6173790507082235,-0.992489755318253,0.4072015092956688,1,0,1,1,1011,LLG Fault
-0.2613537661234732,-0.6911175830903545,0.9470913319752796,-0.04714667819063681,0.00455951382350292,0.05751920953101865,1,1,1,1,1111,LLLG Fault
-0.6987637708315148,0.9621332546234543,-0.2777096990354566,0.042439533744731466,0.02981435756491485,-0.05803860369860002,1,1,1,1,1111,LLLG Fault
0.8026201192097521,0.08597965524510116,0.038616317212818975,0.08291959022699139,-0.6243747899081102,0.5679774047673964,1,0,1,1,1011,LLG Fault
-0.5588993750816572,-0.426214331657872,0.9786861710200372,-0.04837051015636415,0.024606497603887348,0.03831888020563272,0,1,1,1,0111,LLL Fault
-0.06317927766512076,0.02943578337637804,0.023919661173718708,0.5208318235939731,-0.9613070251947727,0.4722302296222604,0,0,0,0,0000,No Fault
0.7294778707763797,-0.94369295927407,-0.041125761892450444,0.0034987513026902874,-0.11428598844309344,0.12784028731253538,1,0,1,1,1011,LLG Fault
0.844749262829204,-0.8666473090062484,0.028809900642603754,0.015329953116280177,-0.07247210511750414,0.07337035176281667,0,1,1,1,0111,LLL Fault
0.14087270630863116,-0.9133632067780688,-0.07020603183698279,-0.035507777909797346,0.2915836439230144,-0.24662139828298962,1,0,1,1,1011,LLG Fault
0.04855445767910402,-0.023830758288368056,-0.03283426943425065,0.7348443108968162,0.22616700300127415,-0.9523578007317068,0,0,0,0,0000,No Fault
-0.14530362468723104,0.9226777607937708,-0.7868330202722731,0.07725627818196193,-0.00890860370936715,-0.053489864743339194,1,1,1,1,1111,LLLG Fault
-0.18413608543275514,-0.7429941571023296,0.9248263893431661,-0.04573803262386583,-0.0006580266047607718,0.06142338062112621,0,1,1,1,0111,LLL Fault
-0.9882552232659421,0.6241847071551421,0.34830510676446413,-0.0016564224275178105,0.0512503896794652,-0.03566855513035614,1,1,1,1,1111,LLLG Fault
-0.05503911650462099,0.015133488378149512,0.03074899229059444,0.6263777470556952,-0.9548636547415109,0.35983884263228466,0,0,0,0,0000,No Fault
-0.918489205053116,0.7969131762346938,0.10814091298903632,0.015456790752349478,0.04581651297871709,-0.047290145564288316,0,1,1,1,0111,LLL Fault
-0.02693511004655586,-0.01063577090727879,0.028745811064137053,0.8969197555815088,-0.7979727866870473,-0.0712885289816845,0,0,0,0,0000,No Fault
-0.956065065325485,0.7272442733876454,0.2153693214002455,0.007872048788593534,0.04868460141953372,-0.04260780994679774,0,1,1,1,0111,LLL Fault
-0.0686444106295662,0.11064936109491506,-0.05202148993499671,-0.7576657719350282,-0.16473845727654637,0.9424326709029733,0,0,0,0,0000,No Fault
-0.9943377288069536,0.5872321609289817,0.39140421451211016,-0.004734248522007739,0.051798240689005765,-0.03314081486179138,1,1,1,1,1111,LLLG Fault
0.1274787351356858,-0.9056382996457629,0.7767963330134088,-0.036180065239258666,-0.0220272000593541,0.07361475954975748,1,1,1,1,1111,LLLG Fault
-0.06082505742223336,0.11273482566354781,-0.06172686681686592,-0.8492169878612889,-0.013026195788555113,0.8796353683758736,0,0,0,0,0000,No Fault
0.7498592760472341,-0.9339802236938346,-0.03932595732775472,0.0056260787856673294,-0.13312702583287134,0.14490589638551546,1,0,1,1,1011,LLG Fault
0.011977520400131076,-0.024688340949018884,0.0038712540310926694,0.9879165422169431,-0.37333371549224437,-0.5952238106578293,0,0,0,0,0000,No Fault
-0.9921188738877594,-0.04962716509190367,-0.015037251088633562,0.08416573632788191,0.37219417141058175,-0.4487524226875709,1,0,0,1,1001,LG Fault
-0.8895282245945012,0.05385672788586959,0.8225488586326107,-0.03610583390046707,0.04619886230575821,0.0040195754348764995,1,1,1,1,1111,LLLG Fault
0.9835793407309239,-0.5117718243669357,0.00421021892568707,0.05245045274608106,-0.48743385498523656,0.4589877230780163,1,0,1,1,1011,LLG Fault
-0.06636515511441625,-0.009817572459702543,0.02917100659525869,0.7751136149115972,-0.794558829612545,0.04736179682903475,0,0,0,0,0000,No Fault
0.01130113137187797,0.6129196410514951,-0.6284364071181339,0.7661863293883383,0.02977339925235254,-0.7836624402987648,0,1,1,0,0110,LL Fault
-0.07915162903366042,0.059353379997145884,0.009736968213051013,0.12554671779427978,-0.886540850816411,0.7923783272393387,0,0,0,0,0000,No Fault
0.9322642163451729,0.079289533763603,-0.027616493614529045,-0.2857139470410857,-0.01481047646542034,0.31645652640929683,1,0,0,1,1001,LG Fault
-0.010232759148069313,0.10268272857573879,-0.1015475586180515,-0.9734116866472343,0.6750898693304332,0.3029852113822752,0,0,0,0,0000,No Fault
-0.053260197044873156,0.11156245265797538,-0.06778429505010297,-0.9065617183836562,0.1076576857874216,0.8141580889037869,0,0,0,0,0000,No Fault
0.030740334467792133,-0.028688846010492396,-0.010436363084205143,0.9187448858797642,-0.10942051796666923,-0.7947901214748239,0,0,0,0,0000,No Fault
0.7399109066688392,-0.9336282543117925,0.19770589916176892,0.003461979357811673,-0.06492373894349993,0.07757818326105911,1,1,1,1,1111,LLLG Fault
-0.0065164954187947955,0.09961892636522271,-0.10203186785413224,-0.9614884916537738,0.7073452638381609,0.2581629177854679,0,0,0,0,0000,No Fault
-0.07767288773321011,0.05354309419449628,0.014646570545262319,0.1289865647468763,-0.891518336047369,0.794001301270538,0,0,0,0,0000,No Fault
-0.7773608506994106,-0.12072865120439127,-0.060667858580281946,-0.04257633116872429,0.5932440999827882,-0.546919030120717,1,0,1,1,1011,LLG Fault
0.4432342048531682,-0.015378127707711482,0.04083707045334835,0.533560554261902,-0.9905422514774218,0.4892577605629216,1,0,0,1,1001,LG Fault
0.24066666106017043,0.7100044930143068,0.05470106553075364,0.08866448997332607,-0.5015889685117387,0.4371014046445378,1,0,1,1,1011,LLG Fault
0.05783437985470824,-0.2715106571704782,0.21285332286351802,0.7530495927846719,0.04482749352768647,-0.7858306446389441,0,1,1,0,0110,LL Fault
0.059557881511263074,-0.17267727235191668,0.11177783629474543,0.7307019551710852,0.0518724705506112,-0.7706024258255292,0,1,1,0,0110,LL Fault
0.0589664272613638,-0.30117370727281706,0.24148153460686872,0.7330659361618332,0.046281374452772334,-0.7672754784587118,0,1,1,0,0110,LL Fault
0.5043639085550847,-0.9926572024510988,0.4904720907417808,-0.015506530485830672,-0.04854676399437337,0.07990922883633657,1,1,1,1,1111,LLLG Fault
-0.023658784448999833,0.10820462101375067,-0.093772293945358,-0.9961589771974066,0.5276131245836105,0.4760681514899514,0,0,0,0,0000,No Fault
0.8483299026506321,0.08354475299760752,-0.037245533039774015,-0.3834595754406368,0.16890084295872626,0.2272637732256666,1,0,0,1,1001,LG Fault
0.8130235074637955,-0.9006693172759342,0.09217490814626089,0.011595343477130158,-0.07036755503404485,0.07497037700796541,1,1,1,1,1111,LLLG Fault
-0.06979266533276096,-0.011339948332959444,0.07798929889978419,-0.7792540102563498,-0.08444997281511349,0.8822660607539654,0,1,1,0,0110,LL Fault
-0.05017226310542603,0.11056350716870608,-0.06971752517912572,-0.9242606299177238,0.1524029333728516,0.7863095663624053,0,0,0,0,0000,No Fault
0.7470232840708889,0.20427896614666327,-0.9484400272246318,0.08607605851747424,-0.06916345832148096,-0.0009347454286273028,0,1,1,1,0111,LLL Fault
0.027419493507768906,0.07707997777756997,-0.11347576835482864,-0.7092226742324796,0.9628957740269016,-0.2551716704123973,0,0,0,0,0000,No Fault
0.4561379292788192,-0.9794195222271949,0.5272154834822174,-0.019246731815690796,-0.04482245101081784,0.07986435692672887,0,1,1,1,0111,LLL Fault
0.22240800194407934,-0.0104712738570069,0.009656004783871543,0.5960375161364169,-0.9644817006031192,0.40006007364588164,1,1,1,1,1111,LLLG Fault
0.04778915782773738,-0.02460949706902784,-0.025187998826175888,0.8639770383273173,0.01855212755094321,-0.8702781966795111,0,0,0,0,0000,No Fault
-0.36027387308115155,0.0343560309543197,-0.0628953343525353,-0.5238680392865052,0.9643244180936543,-0.44247346695845136,1,0,0,1,1001,LG Fault
0.7560325879724453,0.16257283369143943,0.041813544909044126,0.08529658176632998,-0.62532424761014,0.566561586527329,1,0,1,1,1011,LLG Fault
0.9517974983977999,0.0772912425132698,-0.024243259934102403,-0.2506141561539544,-0.07638116258461317,0.3440027654367271,1,0,0,1,1001,LG Fault
0.9509803185986737,-0.7121936548569132,-0.09138579833247171,0.034909920917532436,-0.23552770572985565,0.21988830514007976,1,1,1,1,1111,LLLG Fault
0.03677168519180735,0.06543821169751776,-0.11093440116974584,-0.5898865346537947,0.9903252193505558,-0.4027741513953182,0,0,0,0,0000,No Fault
0.5818520209242669,0.08318358369865894,-0.054481647251788425,-0.5413100405908969,0.5361135894697632,0.011351556749914546,1,0,0,1,1001,LG Fault
0.47006501749769203,-0.9800266398815508,0.514104593150603,-0.01834709620964599,-0.04579591083421959,0.07995427223935155,0,1,1,1,0111,LLL Fault
0.057412719334099416,-0.009543190149573798,-0.05620593225978001,0.5027324006343343,0.500522205943608,-0.999192033546175,0,0,0,0,0000,No Fault
0.9801850267791667,0.0559919745957639,0.00016660952984081517,0.01684502500341365,-0.48734168340844425,0.4945936262250715,1,0,0,1,1001,LG Fault
0.725245446714053,0.23533806191317905,-0.9580967321578211,0.08673975602323589,-0.06771224591703576,-0.003078953883586531,0,1,1,1,0111,LLL Fault
-0.05306479192717749,0.014824532880831317,0.028836436957349082,0.6605591191898404,-0.9442453813185279,0.31474707847644606,0,0,0,0,0000,No Fault
0.7136007464581172,0.2495457164679826,-0.9631061944533944,0.08707496143515768,-0.06697460467054109,-0.004166687096780598,1,1,1,1,1111,LLLG Fault
0.9576416729857952,0.07619796806954116,-0.0225227569875964,-0.23281132962649898,-0.1070924578375296,0.3574468262037901,1,0,0,1,1001,LG Fault
-0.4654519968862974,-0.5218114999693639,0.9795966664859164,-0.04881068311521908,0.01832823235795391,0.04515762504462623,1,1,1,1,1111,LLLG Fault
-0.7893697436647469,-0.020461510558303506,-0.03837056129453227,-0.18192372894236186,0.7186089842751223,-0.5349460727808967,1,0,0,1,1001,LG Fault
-0.768193939149449,-0.13083359348630647,-0.055786236635492883,-0.05149510252056956,0.5945519421106052,-0.5393092723592194,1,0,1,1,1011,LLG Fault
0.5379052630281531,-0.006892714466012842,0.037975354063645446,0.4903832470887268,-0.9727129426655095,0.5143818926647781,1,0,0,1,1001,LG Fault
0.5759957285317132,-0.9771990551955693,0.4039201315698363,-0.010833745334723893,-0.05327444073881936,0.08004144530643263,1,1,1,1,1111,LLLG Fault
0.03369688535682499,-0.865900230172788,0.8299090721224972,-0.0396912325622477,-0.015575294871186897,0.07056089564635001,1,1,1,1,1111,LLLG Fault
0.05890738143050914,-0.00024998229497777674,-0.06729115170592123,0.3892660841062926,0.6060461877763744,-0.9929513587733079,0,0,0,0,0000,No Fault
0.9606612171625566,-0.6731304497293832,-0.008895552584286724,0.03920268818952065,-0.3993364117386365,0.3825013831005136,1,0,1,1,1011,LLG Fault
0.26708250929440097,0.07298198466545838,-0.06334850789522237,-0.6041105376898985,0.7779392280414325,-0.1720960986096589,1,0,0,1,1001,LG Fault
-0.6507515049360557,-0.07256511407579548,0.030933095721590753,0.5545420250673505,-0.48954605299383097,-0.04228269802197589,1,0,0,1,1001,LG Fault
0.997094475141177,-0.4430970192953212,-0.5470299376831094,0.056262323104695616,-0.08455908440043605,0.04464581286441696,0,1,1,1,0111,LLL Fault
0.014984748703162281,-0.8446988460419939,0.8298296875734559,-0.39525238042981237,-0.0242153449097842,0.4358687050860056,0,1,1,0,0110,LL Fault
-0.05163867449254385,0.8769719610560277,-0.831043115431509,0.18240519489249618,-0.029300281385144636,-0.13813890834567238,0,1,1,0,0110,LL Fault
-0.08113698579945863,0.06588304190155973,0.005154131938547694,0.0319689300731785,-0.8470804619067469,0.8459949956921065,0,0,0,0,0000,No Fault
-0.0647099933810894,0.11115493805424052,-0.056288717399596545,-0.8054788587791136,-0.08984767803413923,0.9140605690952823,0,0,0,0,0000,No Fault
-0.6371896556143389,-0.06210270955313153,0.006044542549589735,0.35282794671692075,0.059609520067622754,-0.39961048224199236,1,0,0,1,1001,LG Fault
0.047382529855206364,-0.024928612268633663,-0.02419379246562544,0.8721222222940281,0.003169403906838352,-0.862770342279396,0,0,0,0,0000,No Fault
0.4836085562163642,-0.9999592447591141,-0.057841546525419556,-0.016527035420419188,0.08520280310632211,-0.05535522821599356,1,0,1,1,1011,LLG Fault
-0.07215755369518581,0.7506771409897273,-0.6839732656735017,-0.1801311661145095,-0.05671473185600539,0.25329328003668933,0,1,1,0,0110,LL Fault
0.9180782055305073,0.08019753344356989,-0.02926093054605347,-0.3030130806478342,0.015988167931596305,0.3024184273201538,1,0,0,1,1001,LG Fault
0.9798704452991844,0.0717870261487593,-0.016461725726013354,-0.16806313153012284,-0.21367639581161393,0.40113350035136747,1,0,0,1,1001,LG Fault
0.36346821494110587,0.6211615591595876,-0.9887667136821706,0.09012979087929483,-0.04363471982235283,-0.031012410183904035,1,1,1,1,1111,LLLG Fault
-0.03731396461557842,0.11017735057145911,-0.0820819904976296,-0.9801973365377581,0.3463629304473179,0.6447538852064342,0,0,0,0,0000,No Fault
-0.3582005823863059,-0.06472669842455454,0.04141754596869667,0.6360878939475928,-0.7524090395759645,0.1438064521513735,1,0,0,1,1001,LG Fault
0.058685709935136415,-0.0010823396760916816,-0.06623677454101914,0.4036048878419048,0.5936487393057689,-0.9946954681621323,0,0,0,0,0000,No Fault
0.5571871804708884,-0.9898944352294752,0.435328848344085,-0.011623943330497315,-0.052268024928245276,0.0798082258153425,1,1,1,1,1111,LLLG Fault
0.018640672444155484,-0.8771114506765498,-0.07292666102839569,-0.037152641161386994,0.36051427826882876,-0.31521087250261365,1,0,1,1,1011,LLG Fault
-0.5948297290802271,0.3641540736829461,0.22156670392909897,-0.055650342159542676,0.026442129097592845,0.043747546886777934,0,1,1,1,0111,LLL Fault
-0.04705379446660424,0.007418287468753981,0.0304442425920841,0.7285723170041528,-0.9226194537797332,0.22451725354070062,0,0,0,0,0000,No Fault
0.24376757366239865,0.7133895854032057,-0.9626142173747436,0.08859410209959022,-0.035523412308320346,-0.037737881978406836,1,1,1,1,1111,LLLG Fault
-0.796021703613642,-0.08969290940739238,-0.05937439171428619,-0.04164280827236132,0.5927352071090289,-0.5473364780535644,1,0,1,1,1011,LLG Fault
-0.07604950454924013,-0.8097879334219977,0.88242339520667,-0.043106726057186795,-0.008056675662868988,0.06632414772127822,1,1,1,1,1111,LLLG Fault
-0.021851666809776404,-0.6478923096358745,0.6689483891152463,-0.699272997401325,-0.05685897923280773,0.7739584297820572,0,1,1,0,0110,LL Fault
-0.9776038272460461,-0.04213771562797156,-0.02198305633058778,0.005172237432256022,0.48198122419976763,-0.48141992811255246,1,0,0,1,1001,LG Fault
-0.0109839175523763,-0.7367120059639838,0.7474044858078392,-0.6239684421225117,-0.04862044364553743,0.6900593565313583,0,1,1,0,0110,LL Fault
-0.07012498269641625,-0.05117070992368988,0.045602588589569705,0.648108948462325,-0.9102473230807608,0.29258703347928033,1,0,0,1,1001,LG Fault
0.05780965873760557,-0.009895905154996689,-0.053167941055434084,0.5775230532230501,0.4220220364961884,-0.9941911390307911,0,0,0,0,0000,No Fault
-0.8124522888363229,-0.0011911390295936903,0.803800438502806,0.0234115085765546,0.02704255271480674,-0.0361357279064426,0,1,1,1,0111,LLL Fault
0.9715356212999621,-0.6414407400447122,-0.005854371481718061,0.042669598925154095,-0.42142822025906895,0.4015363152794428,1,0,1,1,1011,LLG Fault
-0.055427700423078416,0.868799526060499,-0.8189904419296036,0.13077643369549835,-0.03352168361022592,-0.08207176235124963,0,1,1,0,0110,LL Fault
-0.045391335836502324,0.8830257671286684,-0.843182734983019,0.27045886748572157,-0.021860324469017235,-0.2340071677302062,0,1,1,0,0110,LL Fault
0.7319062716205212,0.08500202849370055,-0.04662822829802974,-0.47253425786522957,0.3603275853930064,0.12151525097508176,1,0,0,1,1001,LG Fault
-0.05825361724395843,0.023019575819196565,0.025474377346241577,0.5982853823803398,-0.9541972722202382,0.38732665847298114,0,0,0,0,0000,No Fault
0.8916023690825523,-0.793498541555243,-0.09100533153372743,0.030610437038232442,-0.2202886129032056,0.2086709098263566,0,1,1,1,0111,LLL Fault
0.05079845703993088,-0.8888555360651221,0.8384075897740663,-0.03655932495090154,-0.01761574867475806,0.06949985933954095,0,1,1,1,0111,LLL Fault
0.9229126575736403,-0.7753112610135319,-0.14253803358562528,0.027338631903779047,-0.07829079414615153,0.06725894509262034,1,1,1,1,1111,LLLG Fault
0.02719095055400427,0.07522280673946731,-0.11111470333067826,-0.7184782989003913,0.9563013772805464,-0.23917197201653348,0,0,0,0,0000,No Fault
-0.036282773382349566,0.1140083203685422,-0.08734480818093444,-0.9876780681204611,0.3787253117571049,0.6192779426243957,0,0,0,0,0000,No Fault
0.3869614258273552,-0.020115272193837318,0.04220075981359391,0.5555032136758092,-0.9954540221624878,0.4722619064333571,1,0,0,1,1001,LG Fault
0.009028450560656692,0.09324034422267215,-0.11144766521954784,-0.8769019995130278,0.8534257071825876,0.02449962978984386,0,0,0,0,0000,No Fault
0.37225579825389754,-0.021287259819526786,0.0425066066648567,0.5606379908918447,-0.9960784074444236,0.4677497516390017,1,0,0,1,1001,LG Fault
-0.006717671083198932,0.7510594519993637,-0.7490622831685158,0.6541507834315156,0.015647888665862267,-0.6569363052535093,0,1,1,0,0110,LL Fault
0.8268631485163539,-0.8815022556382245,0.059211010338445766,0.013139577675931758,-0.07119892139269567,0.0742691915837801,1,1,1,1,1111,LLLG Fault
-0.3354557546480232,-0.6332792347962465,0.9647875827275539,-0.048112703611559726,0.009602247539743938,0.05334936876941636,0,1,1,1,0111,LLL Fault
-0.053488306059625866,-0.3066511837408938,0.35806798369623094,-0.814600103606957,-0.0782119991561487,0.911349512268174,0,1,1,0,0110,LL Fault
0.9956730664670688,-0.41822434615229076,-0.5728775808525989,0.05833635848597551,-0.08464490590142844,0.04265372895557518,1,1,1,1,1111,LLLG Fault
0.015151085219952298,-0.025267871063352255,0.0013073894654594097,0.9814885944257599,-0.33054267784196606,-0.6323818841445237,0,0,0,0,0000,No Fault
-0.882254344854373,0.03837535921336001,0.8308675315429283,-0.03672982875757204,0.04573962916086503,0.005113172403419858,1,1,1,1,1111,LLLG Fault
0.992826025142855,-0.4020527014916275,-0.5862833058270068,0.05903688549813778,-0.08442786082843425,0.04173018089216131,1,1,1,1,1111,LLLG Fault
-0.07722728250133103,0.05270968544106899,0.014910529068227561,0.1591543495692698,-0.9017268337710743,0.7741557560327963,0,0,0,0,0000,No Fault
0.7559934589678304,0.1890043520385674,-0.944402728560642,0.08558889397666052,-0.06975085651562832,0.00015225728861070764,1,1,1,1,1111,LLLG Fault
0.9323624516232778,-0.7690203563804768,-0.15580888475407292,0.028823707659482625,-0.07907362708907509,0.06656762053935425,0,1,1,1,0111,LLL Fault
0.098837748785466,0.06476825387387769,-0.06548237127740267,-0.6076767157371706,0.8650311002123126,-0.25726504096594516,1,0,0,1,1001,LG Fault
0.768946001758403,0.017849755565455434,0.026749582558551123,0.33783126576773015,-0.8594143902001615,0.5518897500412933,1,0,0,1,1001,LG Fault
-0.07703856484636987,0.0538240103671657,0.013189738362873502,0.20268986867240904,-0.9132982270320543,0.7422957949240218,0,0,0,0,0000,No Fault
0.060036874669517994,-0.6296196278351469,0.5695942262842728,0.3580770904541271,0.03420888674190663,-0.37899089326556784,0,1,1,0,0110,LL Fault
0.04267418305721243,0.061270507402042394,-0.11242633660315653,-0.48715596990308985,0.9998628503378912,-0.5154956945248552,0,0,0,0,0000,No Fault
0.06491108547594783,-0.8957971518822948,0.829010960362062,-0.03689349425542706,-0.018379254666795335,0.07061290926698632,1,1,1,1,1111,LLLG Fault
0.9780685779851451,-0.58934817119914,-0.0017976372834415683,0.0464667779387353,-0.4490031994809987,0.4258273258127798,1,0,1,1,1011,LLG Fault
0.05929438585979657,-0.0017631227051281883,-0.06601242911602505,0.3901617989503807,0.6047500489482986,-0.9925287132710396,0,0,0,0,0000,No Fault
0.5638061610322695,-0.004435281934823291,0.03704949618423689,0.4769807588056028,-0.9654836920744384,0.5204534765870313,1,0,0,1,1001,LG Fault
0.6691619745430323,0.3099710618457037,-0.9773641783842014,0.08831167731412709,-0.06402144074935992,-0.008415886432606746,0,1,1,1,0111,LLL Fault
-0.4990597730343243,0.992694225776693,-0.5063542965814587,0.05823496139802228,0.015694700246561208,-0.059488308376358004,1,1,1,1,1111,LLLG Fault
0.40689037529778166,0.5841099245217729,-0.994647392254398,0.09041299192299773,-0.04656159986709633,-0.02831393998350583,1,1,1,1,1111,LLLG Fault
-0.2605978797010994,-0.6902847097530993,0.947756824041902,-0.047134970177058796,0.004535479336810883,0.05753196105523577,0,1,1,1,0111,LLL Fault
0.01377711167081894,-0.027774240499721672,0.005457966708041587,0.987719699902413,-0.361624857007285,-0.6069574984170272,0,0,0,0,0000,No Fault
-0.6221800481562337,-0.3552957221527855,0.9701940615698508,-0.0475529227438007,0.028812778751426862,0.0332130234801115,0,1,1,1,0111,LLL Fault
0.044764210958803605,-0.021342165582757224,-0.031977513877424715,0.7731837777214267,0.16926937391235888,-0.932821563641715,0,0,0,0,0000,No Fault
0.048374387921777805,0.11359184542557903,-0.1641733593650908,0.828516333407917,0.051201641034359424,-0.8679925671756146,0,1,1,0,0110,LL Fault
-0.08084049357835621,0.0865462363004338,-0.015330630337568263,-0.3775823746474861,-0.5859917874828935,0.9905888622965187,0,0,0,0,0000,No Fault
-0.37475711844110854,0.033193320699117776,-0.06259990726966919,-0.51884667142576,0.9639418292632448,-0.44711829993592256,1,0,0,1,1001,LG Fault
-0.07716715792712148,0.10015421579401229,-0.032895966547304686,-0.5713352471678721,-0.39991808936245954,0.9952506747702866,0,0,0,0,0000,No Fault
-0.06433333924729913,0.03007774556799231,0.02456135002387779,0.49485313938703224,-0.96305847772748,0.5000624767797001,0,0,0,0,0000,No Fault
-0.44301362257998395,0.9915871918992548,-0.5585246519674166,0.06185361088414907,0.01180017642643448,-0.059148121521445246,0,1,1,1,0111,LLL Fault
-0.9285619827160251,0.14643859297709771,0.7683739745731675,-0.03207989881993537,0.048634134175931654,-0.0024985179568597846,1,1,1,1,1111,LLLG Fault
0.05571835604690864,-0.016499048309512477,-0.04728725331598533,0.5830209087845825,0.41581809982608664,-0.9933819045151371,0,0,0,0,0000,No Fault
0.03311205206806578,0.06789091031566546,-0.10950389418705078,-0.6495143985423166,0.9766219305471803,-0.3290248742307544,0,0,0,0,0000,No Fault
-0.41563928052362,-0.0668147790093895,0.039936495837138604,0.6264996771608589,-0.7102994958149047,0.11051145399808954,1,0,0,1,1001,LG Fault
0.9769770480794238,0.07312207791671547,-0.01821349217468287,-0.18668607653249544,-0.1834115364560307,0.3889666383840785,1,0,0,1,1001,LG Fault
-0.7104195848682765,-0.2298559700696662,-0.06083830231382093,-0.04275484096079972,0.5914717685820967,-0.5449340813270035,1,0,1,1,1011,LLG Fault
-0.9821550566513122,0.6488809206411925,0.3198433645849698,0.00044026752421258766,0.05077423432696773,-0.037285612639003984,0,1,1,1,0111,LLL Fault
0.09424792727168053,-0.12594491661581161,0.02998700834025022,0.08946772483152861,-0.8626022091649929,0.8041600578872041,0,1,1,1,0111,LLL Fault
-0.025686142369356166,0.057678339038153656,-0.06599906696101487,-0.5984967663799458,0.9120074349548558,-0.31433711029451644,1,0,0,1,1001,LG Fault
-0.06754913723684518,0.03241831308524393,0.025807165663080202,0.4138834843667771,-0.9622229524251988,0.5803954155317127,0,0,0,0,0000,No Fault
-0.8163335460463454,-0.0855413374091978,0.8898198646079669,-0.04118874160670669,0.041520354955579056,0.013883247962747277,1,1,1,1,1111,LLLG Fault
0.15421761302797396,-0.9346314364884794,-0.07016348216876464,-0.03268402837348521,0.2899132341517896,-0.2477505257173685,1,0,1,1,1011,LLG Fault
0.1561620142956801,-0.9191937919208727,-0.0698221901336135,-0.03485868951832332,0.2832841385457758,-0.23881520636626588,1,0,1,1,1011,LLG Fault
0.34880967158169385,0.6332119023527824,-0.9863224360993187,0.09000098792840242,-0.04264512588689076,-0.0318916387443587,1,1,1,1,1111,LLLG Fault
0.061080064755022694,0.01881113495079067,-0.08711639675715001,0.1015717847056226,0.8121442171896682,-0.9145033865095832,0,0,0,0,0000,No Fault
0.009330200878462307,-0.82853213827906,0.8193101136900282,-0.45085593411733826,-0.029529597769247483,0.49703477221680475,0,1,1,0,0110,LL Fault
-0.07982792796881347,0.3501229696112604,-0.2746358297033497,-0.6088854600056702,-0.08113525428504315,0.7080682139729148,0,1,1,0,0110,LL Fault
0.0963048663288584,-0.8932762787964726,0.795301364205913,-0.03740821760836703,-0.01987977563638372,0.07265799288355634,1,1,1,1,1111,LLLG Fault
0.06035542069806405,-0.6202396353188017,0.5598717497892578,0.3699169643221624,0.034934831161724064,-0.3916018753374632,0,1,1,0,0110,LL Fault
-0.9616265005227939,0.3111561297870105,-0.03865570876214086,-0.02430544559191971,0.532431103807614,-0.5032713377437968,1,0,1,1,1011,LLG Fault
-0.04877751514999805,0.11637509083552898,-0.07747008656741255,-0.944030095183297,0.2028069060106954,0.7547709789519688,0,0,0,0,0000,No Fault
0.9688598114643105,-0.6533379894706761,-0.006869920102521968,0.04164416672428102,-0.41423944088249304,0.3952392686448291,1,0,1,1,1011,LLG Fault
-0.7579292438535308,-0.1516481683117235,-0.0619115040087539,-0.04344643442474515,0.59315116134791,-0.5459519161359508,1,0,1,1,1011,LLG Fault
-0.5575725536498635,0.9979989044563551,0.033436228971177664,0.053534309891800184,-0.0609346258571709,0.023308289824020036,1,0,1,1,1011,LLG Fault
-0.25442958314685854,-0.0604069159611758,0.04351761584696625,0.6470079494953497,-0.8190147224816331,0.20072707301360604,1,0,0,1,1001,LG Fault
-0.052525210955661525,0.015281233236605928,0.02770280114140391,0.6713070411175462,-0.939763507852234,0.29940373646851176,0,0,0,0,0000,No Fault
-0.0814913765152213,0.07803044391648246,-0.006013854549432729,-0.25823027408105365,-0.6796173940807012,0.9663226325605352,0,0,0,0,0000,No Fault
-0.0685846335863815,-0.038799429589846536,0.10433684423303051,-0.7864969617700653,-0.08420507091112571,0.8892786652794753,0,1,1,0,0110,LL Fault
-0.47849363937898076,-0.5077856108596842,0.980798051327429,-0.04878862882921246,0.01923124744393369,0.04421536111416667,0,1,1,1,0111,LLL Fault
0.13189326335249185,-0.038895324339999725,0.04563393500577447,0.6242337990943897,-0.9732617031405442,0.3807356539995451,1,0,0,1,1001,LG Fault
-0.07611685423964941,0.048916198172232826,0.01787231487772692,0.1761775644871579,-0.9093815604781943,0.7648873964847348,0,0,0,0,0000,No Fault
-0.8887737891571115,0.05470119045955622,0.8232156160671319,-0.03609488898820949,0.04617542334095567,0.00403248526070035,0,1,1,1,0111,LLL Fault
0.6407934197459294,-0.6322672885117103,-0.003949625393748035,0.06521082909419935,-0.7784760440950914,0.7427586754180007,0,1,1,1,0111,LLL Fault
0.4136969692575787,0.015524661880563584,0.0007753900867228849,0.5237344669523601,-0.9480785000351313,0.4558403326065827,1,1,1,1,1111,LLLG Fault
-0.08254631512531041,0.0763520711464173,-0.0036762763291677035,-0.1689551542137273,-0.7383648873128275,0.936673147267862,0,0,0,0,0000,No Fault
0.04028682588257827,-0.023443686492101164,-0.025432614165081805,0.8286534910025762,0.07745448398485841,-0.8948811190922339,0,0,0,0,0000,No Fault
-0.1034426089175921,0.052825245714635885,-0.06587384307859759,-0.5877831905901193,0.9339727047833681,-0.34746118063895853,1,0,0,1,1001,LG Fault
-0.5385967492748259,0.9926234233949274,-0.46480406806403746,0.055426182791279,0.01850603448035007,-0.05953676680674316,0,1,1,1,0111,LLL Fault
0.7475268104506996,0.08501823358595223,-0.04524794691748426,-0.460381678561921,0.33170217514345857,0.13849907418253476,1,0,0,1,1001,LG Fault
0.17598762098920614,0.0687349361195265,-0.06471438382823125,-0.6083828985800247,0.8285583264887896,-0.2193920840191581,1,0,0,1,1001,LG Fault
-0.9992358884280157,0.4970575055309941,0.48898691428484126,-0.01167987997297737,0.052472063997364995,-0.026863381136661542,0,1,1,1,0111,LLL Fault
-0.057353480927830366,0.11692458130521118,-0.06960761416465734,-0.8895292788207113,0.06658132233837669,0.8389363418887887,0,0,0,0,0000,No Fault
0.029588331202089306,-0.023854877722252386,0.0020179089948347464,0.997713366893307,-0.3697785355801013,-0.608669253266001,0,0,0,0,0000,No Fault
0.5442620952764227,-0.9910064540430673,0.44925897759286104,-0.012432139991897621,-0.051394544815105275,0.07972850941352842,1,1,1,1,1111,LLLG Fault
-0.577332654972909,-0.07132980848841596,0.034335886719582126,0.5835891561299226,-0.5682501239577599,0.008790761127094463,1,0,0,1,1001,LG Fault
0.02499195283230436,-0.8605745776934897,0.8359706047268537,-0.27747144792064016,-0.013469160505309661,0.30682540553761284,0,1,1,0,0110,LL Fault
0.9486237213900763,-0.1976069168322353,-0.7475457353152541,0.07096956663042663,-0.08204622962149681,0.02733903788948392,1,1,1,1,1111,LLLG Fault
-0.07999084750413732,0.49534629216331233,-0.4202431851526639,-0.49490100754874045,-0.07578800012695942,0.5883328427783657,0,1,1,0,0110,LL Fault
0.9851616577164595,-0.5008974974469539,0.005193395684703183,0.05364520956473076,-0.4935854035299895,0.4640580806682283,1,0,1,1,1011,LLG Fault
0.06182103648511057,-0.27810179089757936,0.21527643548443215,0.6722002693038833,0.05017884351702642,-0.7102198757951906,0,1,1,0,0110,LL Fault
0.7914261122302593,0.08471653520875885,-0.0424849981909663,-0.4336784000481556,0.27345019496177003,0.17108240107916264,1,0,0,1,1001,LG Fault
0.9180779024695271,0.08019751505490781,-0.029260943277059873,-0.3030131102509027,0.015988153367202267,0.3024184718424807,1,0,0,1,1001,LG Fault
-0.684191676379739,-0.2584038108249954,-0.06585298087030253,-0.04599033464255063,0.5880995838079568,-0.5382538326737983,1,0,1,1,1011,LLG Fault
-0.9932417799307587,-0.053869442863681595,-0.010648679751161834,0.13310968505656462,0.3003535792276282,-0.4246222531825719,1,0,0,1,1001,LG Fault
-0.896221968524976,-0.023866538245471587,-0.035985080295787356,-0.16031962337634287,0.687203232822295,-0.5246057293805356,1,0,0,1,1001,LG Fault
-0.8176371882304025,0.9045348812742247,0.012717291600627983,0.028595791990753554,0.16591699024104442,-0.1828435475712277,1,0,1,1,1011,LLG Fault
0.5988291576905698,-0.9918996005214258,-0.051219360190442514,-0.008044235036321675,-0.0003845687788656578,0.023351003225260965,1,0,1,1,1011,LLG Fault
0.24685475854045613,-0.9587443599373859,0.7117628989130372,-0.03021536928802898,-0.030695563279958128,0.07646711045472278,1,1,1,1,1111,LLLG Fault
-0.01360777890847042,0.10427598228460311,-0.09979883769844039,-0.9823839079838088,0.6402242408869729,0.34750847983986966,0,0,0,0,0000,No Fault
-0.0023712162022161425,0.09844226580736139,-0.1050900057416273,-0.9441157187696029,0.7506094662853612,0.1966588800222502,0,0,0,0,0000,No Fault
-0.8441363058884233,0.09124106287806348,0.7404604982274794,-0.0015249206635503144,0.03684856179105067,-0.02112528098566102,1,1,1,1,1111,LLLG Fault
0.35004537316860246,-0.9737991531189374,-0.06352985269868262,-0.025229538266361574,0.1694366395048027,-0.13246195713719655,1,0,1,1,1011,LLG Fault
-0.5911368159609655,0.9870230009577567,-0.40937989796701185,0.05154869723141116,0.022179993498923814,-0.059392677716142345,1,1,1,1,1111,LLLG Fault
-0.6841876113383699,-0.2584112608026376,-0.06585309763470017,-0.045989660350435585,0.5880991387848058,-0.5382540552854328,1,0,1,1,1011,LLG Fault
-0.16869259921319743,-0.7529914366723771,0.9195441508906281,-0.04540905372401123,-0.001709130831036484,0.062164578425387605,0,1,1,1,0111,LLL Fault
-1.0,0.496221848422889,0.48831435718207794,-0.01169189881877427,0.05249633960569164,-0.026876066701875853,1,1,1,1,1111,LLLG Fault
-0.07945533718078815,0.09582770127049015,-0.02628523864481266,-0.49185592738181794,-0.4816335624045231,0.9988267905150722,0,0,0,0,0000,No Fault
-0.7162120192262935,-0.21373884265309526,-0.059638489359358365,-0.01788744772097075,0.5794543472268167,-0.5576219320207668,1,0,1,1,1011,LLG Fault
-0.9340529429531951,0.760513500215996,-0.004086144016597603,0.010053035122393717,0.31291863312653834,-0.31404285399120635,1,0,1,1,1011,LLG Fault
0.738617597948582,0.014153574614545368,0.028694521447955028,0.36309902570701774,-0.8820415211147313,0.549611514541611,1,0,0,1,1001,LG Fault
0.6822090539338757,0.2694728946793197,0.045755570828864486,0.08782878548286185,-0.6202649282856235,0.5588673435281147,1,0,1,1,1011,LLG Fault
0.061355052578335456,0.010766287681824502,-0.08021650121315797,0.12153263380882366,0.7967325880781992,-0.9188130669530304,0,0,0,0,0000,No Fault
-0.070139365488987,0.036866072693647264,0.02391209706195442,0.35613435125995035,-0.9544127152098885,0.630339203084631,0,0,0,0,0000,No Fault
-0.017698222371889755,0.10855462580297214,-0.10030473461966428,-0.9908474696626337,0.6063887455606423,0.3904720520356049,0,0,0,0,0000,No Fault
-0.04342368493087964,0.11072223078235605,-0.0765695052382866,-0.9593437394757751,0.25808589851265323,0.7137972266223039,0,0,0,0,0000,No Fault
0.33406502013107825,0.6451070726086972,-0.983637128737756,0.08985508591624149,-0.04164896826451631,-0.03276041115389383,1,1,1,1,1111,LLLG Fault
-0.08112652524447617,0.09651525850724324,-0.025585345829929267,-0.45223142095819824,-0.5182835799486708,0.9964427419341164,0,0,0,0,0000,No Fault
0.013452843633928568,0.592801010390845,-0.6103854416137628,0.776958405775297,0.031352048486350086,-0.7960716818136583,0,1,1,0,0110,LL Fault
0.4826886672310852,0.08092746659242397,-0.057900618473574215,-0.5693625874945516,0.6216936338464846,-0.047725580517200474,1,0,0,1,1001,LG Fault
0.04255572143728746,-0.8546120225076631,0.8127501605039918,-0.02195266771797079,0.005162547703781332,0.03164392970932779,0,1,1,0,0110,LL Fault
0.5229589978018048,0.08202947742694827,-0.056481410584060435,-0.5584047008699111,0.5859014057083017,-0.022241076456598126,1,0,0,1,1001,LG Fault
-0.008279804873257544,-0.020395624026734373,0.019916862293116275,0.9791176550693076,-0.622931574974257,-0.33206723653304787,0,0,0,0,0000,No Fault
-0.9897482180861034,-0.05699922121418638,-0.007134176017762295,0.1717803362096303,0.24145483314516797,-0.4033789872061572,1,0,0,1,1001,LG Fault
0.046560362300849256,0.15410529563692646,-0.20312168116458051,0.8357135942300713,0.050504705650930445,-0.8744987467224693,0,1,1,0,0110,LL Fault
0.03601685228219879,0.0683886940237036,-0.11342783472607197,-0.5916330943132521,0.9928525721746253,-0.40359827285790495,0,0,0,0,0000,No Fault
0.19360554001241462,-0.03471456737893057,0.04517836083907209,0.6117865870291059,-0.9847264769458478,0.40489819948107053,1,0,0,1,1001,LG Fault
-0.8182993564641045,0.11280211535281402,-0.035610342752509655,0.04355291008355521,0.49264358728003077,-0.5307670521750791,1,0,1,1,1011,LLG Fault
-0.0008623432260179739,0.09993083375670521,-0.1083502556178114,-0.9353069557094045,0.7730137263693222,0.1649973483285367,0,0,0,0,0000,No Fault
0.44983950878458345,-0.9917519444804308,0.543622483259197,-0.01891203130054782,-0.04476681340733285,0.07947207730037643,1,1,1,1,1111,LLLG Fault
-0.9805076171627113,0.6011901871616153,-0.01829537172192789,-0.0047000405317812015,0.41688382023091086,-0.40518875053739783,1,0,1,1,1011,LLG Fault
0.8928022569100638,-0.7969542470768579,-0.08873125052806324,0.029525879286559635,-0.20222391597314304,0.1913508391654333,0,1,1,1,0111,LLL Fault
0.049370097722717325,-0.8730691594584258,0.8215620432488616,-0.039142733752803756,-0.016651776744938004,0.07110785243222842,1,1,1,1,1111,LLLG Fault
0.06176729245798186,0.00810050003416857,-0.07655761522916728,0.2699869320790183,0.7011094942574936,-0.9702232567052668,0,0,0,0,0000,No Fault
0.8091870026730033,0.06683702059891082,0.015436374243727926,0.10995539836421231,-0.6314395712703924,0.5480687664455223,1,1,1,1,1111,LLLG Fault
0.02827363016347629,-0.030249115162870405,-0.006297135012711053,0.9366556616409929,-0.15625245807020388,-0.765027735806026,0,0,0,0,0000,No Fault
0.057487968572907784,0.028222356733100674,-0.09415125073019151,-0.09874796116163918,0.9088225499062897,-0.8121655103024239,0,0,0,0,0000,No Fault
-0.003672721247943627,0.10430022971295984,-0.11004334312651115,-0.9476055291233092,0.7556495266261635,0.19502224093464487,0,0,0,0,0000,No Fault
-0.7821341029631398,0.9249389402785693,-0.1554670518528734,0.033973580795820524,0.03582362007126231,-0.05567350349017476,0,1,1,1,0111,LLL Fault
-0.8199252228942521,0.09360545088496566,0.7141137566847016,0.05472223498009407,0.02190466172099602,-0.06229407408661779,1,1,1,1,1111,LLLG Fault
0.04565133259751861,0.05219754976211103,-0.106325910426828,-0.44210780965366103,0.9929343496288736,-0.5536033072200184,0,0,0,0,0000,No Fault
-0.005392830221039643,0.09901271708396171,-0.10253807181002374,-0.9573012116270316,0.7181389928978342,0.2429659800291328,0,0,0,0,0000,No Fault
-0.6550411892111238,0.9820941103399675,0.027079146423019083,0.045564974730232875,0.015582378021486619,-0.04667027769671016,1,0,1,1,1011,LLG Fault
0.06396982465521092,-0.88082707166968,-0.07190064745869132,-0.03854246904430354,0.33190298739016627,-0.2846631261792268,1,0,1,1,1011,LLG Fault
0.054545009171904885,0.03560028319556238,-0.09849857219485403,-0.22142721308825067,0.9512758716241845,-0.7324199529601333,0,0,0,0,0000,No Fault
-0.08174350609126955,0.06922332867304103,0.002681414811527824,-0.060133519657129375,-0.8025209313827387,0.8929365091756605,0,0,0,0,0000,No Fault
-0.020328257915519066,0.10704001955280067,-0.09590690395175358,-0.9937702085706637,0.566403938133176,0.43414612141774644,0,0,0,0,0000,No Fault
-0.07302119677812116,0.10718451740252692,-0.044204040601900675,-0.6817440716202297,-0.2693772459868356,0.9729341568797435,0,0,0,0,0000,No Fault
0.05985485236750259,0.0008021640917059399,-0.06914037149265742,0.3465788721777092,0.6410606351980984,-0.985829875721869,0,0,0,0,0000,No Fault
-0.635137575796902,-0.3416628502535549,0.967108472875662,-0.04734991641257025,0.029645407357560806,0.03216104994028772,1,1,1,1,1111,LLLG Fault
-0.8088840429768477,0.9111008163898177,0.013666695868618052,0.029682393998765377,0.1567601599001842,-0.1746024351818137,1,0,1,1,1011,LLG Fault
-0.07921977007382663,0.325476951586843,-0.25062747806318453,-0.6256336706405905,-0.08167716140355086,0.7254130159619395,0,1,1,0,0110,LL Fault
-0.35240090836380566,0.9854959123921528,0.04343543049893021,0.0670096480371874,-0.20156465382228814,0.15309592517623266,1,0,1,1,1011,LLG Fault
0.05275162789312926,0.06104383039801692,-0.0661404951732079,-0.6034355778612008,0.8903077565611929,-0.28727374063686495,1,0,0,1,1001,LG Fault
-0.020653998087229203,-0.009934691814755547,0.02126741635905819,0.9358210573979068,-0.7277818904704667,-0.1818158403485356,0,0,0,0,0000,No Fault
0.04995574721879017,-0.017632252872739076,-0.04084316861662192,0.6886143912204089,0.2894492222673865,-0.9704884135455145,0,0,0,0,0000,No Fault
-0.963658780657629,0.2527869887399533,0.6964862142550168,-0.026789259803815253,0.05074688724976542,-0.009956030797059697,1,1,1,1,1111,LLLG Fault
-0.03342548689009542,-0.005793174917971841,0.03032065825260223,0.8520049456432117,-0.8461224241583636,0.02280870809190574,0,0,0,0,0000,No Fault
-0.3462064194732686,-0.6172864136182078,-0.07430882267548357,-0.04823262070806782,0.5069211064470788,-0.4532866391193892,1,0,1,1,1011,LLG Fault
-0.7719007347450195,0.9351153189377381,0.017403479619584557,0.03400438443317356,0.11972918797429086,-0.14120219284365537,1,0,1,1,1011,LLG Fault
-0.932592842062099,-0.030627576697135672,-0.03120428986049313,-0.102784946409783,0.6197808078278543,-0.5135910722537318,1,0,0,1,1001,LG Fault
0.05008764309902506,0.04620505833713532,-0.10498726688978771,-0.32838240707041133,0.9798045257493505,-0.6542512329755557,0,0,0,0,0000,No Fault
0.015525914555869401,-0.026732955898018995,0.002545526077633751,0.9823558623656679,-0.3317976544559631,-0.6319726596503508,0,0,0,0,0000,No Fault
0.8232345435580083,0.08417891838532537,-0.03951885177642986,-0.4057361081283849,0.21405569147070544,0.2035876341654454,1,0,0,1,1001,LG Fault
0.06105983895579608,0.0009895470887637692,-0.06827603429651966,0.38752733307845044,0.6073869648539058,-0.992574218387074,0,0,0,0,0000,No Fault
0.5453803830589417,0.45265827899778105,-0.9976947962224653,0.09025413198992356,-0.05581886788749747,-0.018721720082700635,0,1,1,1,0111,LLL Fault
-0.9802673180654478,-0.04311791807681287,-0.02112290036229654,0.015058435416931585,0.4686529475053709,-0.4777511350219018,1,0,0,1,1001,LG Fault
0.8526232747516677,-0.7630249156531774,-0.08288800746895467,0.041279868074517514,-0.41736741313396286,0.39879186340921474,0,1,1,1,0111,LLL Fault
-0.060736309117124784,0.11603339563245774,-0.06536360758504663,-0.8591447699340836,0.004978021686138374,0.8712435973791796,0,0,0,0,0000,No Fault
0.5229597613888699,0.08202951410372689,-0.05648137952981859,-0.5584046416637741,0.5859014202726958,-0.022241150660476286,1,0,0,1,1001,LG Fault
-0.08243956604924998,0.08821233521948599,-0.015825344766388163,-0.3362550092719236,-0.6181964752436505,0.9819677518470743,0,0,0,0,0000,No Fault
-0.03490213743151093,-1.4172221189362628e-05,0.02543709587157591,0.8485839574898424,-0.8411721322693375,0.021194532991680438,0,0,0,0,0000,No Fault
0.062157554041089066,-0.578316160161159,0.5162758225857107,0.4979341494559971,0.0329530993766416,-0.5179391177511602,0,1,1,0,0110,LL Fault
-0.1010968860818201,-0.8122113319637992,0.9121144342868017,-0.03952220233054081,-0.007682066502125195,0.06234840286825276,0,1,1,1,0111,LLL Fault
-0.04145478426326833,0.8817543552580495,-0.8457998476329283,0.31957874725029334,-0.01755891679096209,-0.28764030614597413,0,1,1,0,0110,LL Fault
-0.7615276517977184,-0.0047142761113487825,-0.04750059716783155,-0.30454374512897436,0.835030772327346,-0.5306320373942891,1,0,0,1,1001,LG Fault
-0.5028196410395271,-0.49217450970694165,-0.07084034431289453,-0.04703760075103176,0.5610941079947017,-0.5096858441706043,1,0,1,1,1011,LLG Fault
0.058078931945408065,0.02643703906812106,-0.09308602623231861,-0.052789983495228496,0.8900223915340401,-0.8390884103697535,0,0,0,0,0000,No Fault
0.4974769657931113,-0.9805947304494184,0.48741000778884924,-0.016519332044158563,-0.04772032525570488,0.08008259218135697,0,1,1,1,0111,LLL Fault
0.03445217050666618,-0.8650698577382635,0.830573572493031,-0.03967941107024057,-0.015599418362509158,0.07057362408491616,0,1,1,1,0111,LLL Fault
-0.08037386397421994,0.0628649554355173,0.007704003279010999,0.033755999887215664,-0.8496662778267442,0.8468380737720991,0,0,0,0,0000,No Fault
-0.8464063682787745,0.8788501321920111,-0.04779116448038227,0.026375267469788168,0.04045459409410473,-0.05277389955560054,1,1,1,1,1111,LLLG Fault
0.9188719107076555,0.0403131040733274,0.012727566576240568,0.16390188082363646,-0.6750493026382439,0.5384165535337165,1,0,0,1,1001,LG Fault
-0.07460061980824408,0.04579160670918501,0.019378828389327894,0.23665554133741198,-0.9273741911682988,0.7225831504810302,0,0,0,0,0000,No Fault
0.3785307840293727,0.6102129308730496,-0.9904221571514871,0.09021275183405386,-0.04461022675224969,-0.030101572420330527,0,1,1,1,0111,LLL Fault
0.05818927655005079,0.025481158373133948,-0.0918346821984135,-0.09712529034370901,0.9064744702084142,-0.8113998450060723,0,0,0,0,0000,No Fault
-0.0742912201397345,0.10398141211698057,-0.039588513512433754,-0.6457573004388225,-0.31450702917667817,0.9828381682847543,0,0,0,0,0000,No Fault
0.5960761030256836,0.3955813262165688,-0.993084952821324,0.0896952194788395,-0.0592254521420853,-0.014690098060449602,1,1,1,1,1111,LLLG Fault
-0.675174745763794,-0.0034985350471537138,-0.05191259491311496,-0.3264919764982127,0.8570224538753104,-0.5310346231148297,1,0,0,1,1001,LG Fault
0.9966207369088456,-0.5368111374426443,-0.45254978349820013,0.04946563455886428,-0.08421707520834369,0.0511120212555724,0,1,1,1,0111,LLL Fault
0.011282857846043886,-0.025926436842708282,0.00594168426611703,0.9904388815332164,-0.38866478894029816,-0.5821308331729422,0,0,0,0,0000,No Fault
-0.8076933092639356,-0.0011175819234677045,-0.046013193726148906,0.005760841821010752,0.5469144146258642,-0.5481754914100093,1,0,1,1,1011,LLG Fault
0.8096942785987724,-0.893805098063907,0.09089511764234087,0.010980892320375416,-0.06991984232483445,0.07513024843896221,0,1,1,1,0111,LLL Fault
-0.06782812452686285,0.7970457925621041,-0.7348709206166255,-0.0901512366577829,-0.05036800586677093,0.15660763525273008,0,1,1,0,0110,LL Fault
0.02723712082611368,-0.8614055952952291,0.8344780646827076,-0.252689546697924,-0.011318847477522067,0.27978668475930923,0,1,1,0,0110,LL Fault
-0.04813644011877731,0.1179407586577863,-0.0797530789301453,-0.9499630434882126,0.219240751682002,0.7439739535549172,0,0,0,0,0000,No Fault
0.02356182721556051,0.48416523710901566,-0.5113132955659239,0.8191337066424446,0.038509818649756576,-0.8456523963866659,0,1,1,0,0110,LL Fault
-0.7411505529092226,-0.043799932316149884,0.004466532367239028,0.2179893544750862,0.2562840467035161,-0.4648211323390936,1,0,0,1,1001,LG Fault
-0.9785210823928918,0.3123055846097797,0.6515149466798534,-0.023504003363974228,0.05159400742796558,-0.014113190940372878,1,1,1,1,1111,LLLG Fault
0.034863186600979416,-0.026591965590626085,-0.01676011770225367,0.8848835377172627,-0.03153448855911381,-0.8402030350683908,0,0,0,0,0000,No Fault
0.6941293493220074,0.08490964652542048,-0.048552097136493576,-0.49073069008022907,0.4025606060867067,0.09672546670741483,1,0,0,1,1001,LG Fault
-0.9669402842572006,0.2686311046284287,0.6861990703330617,-0.025973050578550337,0.05095921669562384,-0.010990761004575383,0,1,1,1,0111,LLL Fault
0.8961518765452925,0.08174161083156611,-0.032542780087526736,-0.3360486331247328,0.07746029194154692,0.27290291135807637,1,0,0,1,1001,LG Fault
-0.0722294205428525,0.04378384382320933,0.018495583340067144,0.3380333675607575,-0.9468907526640061,0.6408234706780859,0,0,0,0,0000,No Fault
0.8324345689003722,0.06684057005756258,-0.8953345854701376,0.08186912369788618,-0.0746810867610023,0.008905676550754997,0,1,1,1,0111,LLL Fault
-0.3721668845030408,0.9827151725435436,-0.6221464477589922,0.06613376231512633,0.006823927550703546,-0.05836894122541904,1,1,1,1,1111,LLLG Fault
0.5509238527651688,-0.005665428379729019,0.037518293439876865,0.48373908013008826,-0.9692159248518176,0.517480295384829,1,0,0,1,1001,LG Fault
-0.7192442244791802,-0.008869557040124557,-0.045978011657197455,-0.26940262177980584,0.8111495953017317,-0.5415319654316154,1,0,0,1,1001,LG Fault
0.05807874043257229,-0.008036420262382868,-0.05837705595805197,0.4754833073226658,0.5270497204195052,-0.9989016144078531,0,0,0,0,0000,No Fault
-0.7907820479619773,0.9235609668931798,0.015547717776588362,0.03184879095365692,0.13832085704590982,-0.15798535887072762,1,0,1,1,1011,LLG Fault
-0.046813318144795696,-0.006149395711766977,0.031978159281173556,0.8569337874688536,-0.7270869131889026,-0.10342759396184992,0,0,0,0,0000,No Fault
0.05126354788330865,-0.1554443189090243,0.10297559986480587,0.832653482282828,0.012495440141081282,-0.8326999742388045,0,1,1,0,0110,LL Fault
0.058781544215168874,-0.697799276844693,0.6394444043811539,0.3355313688417497,0.029114476937358517,-0.35119431178991944,0,1,1,0,0110,LL Fault
-0.3064931446007879,-0.657404913117201,0.9580240094216723,-0.047784377623826285,0.007617041337550787,0.05504305085162183,1,1,1,1,1111,LLLG Fault
-0.039766498428266066,0.0028118353610766043,0.027567037431372003,0.806265085029868,-0.8767908952380151,0.09992028170186472,0,0,0,0,0000,No Fault
0.4416445657967881,0.021483787405514883,-0.0004855549729020168,0.5075068706810044,-0.9388750749612166,0.46273287855518846,1,1,1,1,1111,LLLG Fault
0.04513785402745519,-0.02280261403914175,-0.030743295591090566,0.7740483007990417,0.16801837014140178,-0.9324136352419472,0,0,0,0,0000,No Fault
0.8465328168272319,0.0052354514230993675,0.03565230030565449,0.08519581621050402,-0.6233083898315643,0.5646085074747955,1,0,1,1,1011,LLG Fault
0.9927446830557725,0.06411710988589747,-0.007691580801152366,-0.0716982297145501,-0.36148567642134133,0.4551273091903691,1,0,0,1,1001,LG Fault
0.8637049386874764,-0.7691176997684264,-0.08777242051879434,0.03917794002428368,-0.377635723546987,0.3604137050232745,0,1,1,1,0111,LLL Fault
0.6640909953305688,-0.9671745452120855,-0.04633419527157155,-0.0027719778811035878,-0.05725608552753971,0.07601550895022331,1,0,1,1,1011,LLG Fault
-0.7514112813957718,-0.003481919096779232,-0.04814877326144049,-0.3129666206794236,0.842573799841803,-0.5298729993287443,1,0,0,1,1001,LG Fault
0.17653571281963035,-0.0139733704428004,0.011166133195257836,0.6062479006130855,-0.9587380570421434,0.38396998338359994,1,1,1,1,1111,LLLG Fault
0.9775543572039328,-0.6483593893613636,-0.3240613494021486,0.040219300320605986,-0.0825444937241415,0.05867854783765694,1,1,1,1,1111,LLLG Fault
-0.04413519363993048,0.8829998273848134,-0.8445080488873912,0.2830565355018652,-0.020767460888507203,-0.2477518366525493,0,1,1,0,0110,LL Fault
-0.6854287313978734,-0.0729234874937426,0.029091658603033324,0.5382187237202615,-0.4485728960774598,-0.06766680753338504,1,0,0,1,1001,LG Fault
-0.3509525337057515,-0.6222232071154383,0.9668088950364337,-0.04826938771910169,0.01062190238449709,0.05246746557139798,1,1,1,1,1111,LLLG Fault
-0.5677609814627742,0.21070164431206906,-0.01033028355464781,0.2952793003912751,0.169750609001843,-0.45414044708016327,1,0,1,1,1011,LLG Fault
0.8581415768317016,0.029935589893104325,0.01970362852637207,0.24890038518205226,-0.7707805289933395,0.5507405776659621,1,0,0,1,1001,LG Fault
0.7188037041493452,-0.688249566584974,-0.025151858222269688,0.05812914851902298,-0.6960061969360513,0.6658242924241998,0,1,1,1,0111,LLL Fault
-0.004470477510508423,0.736202005693547,-0.7363825391273112,0.6704945470773739,0.017541468646906526,-0.6752529125613745,0,1,1,0,0110,LL Fault
0.827645231005353,-0.8806497069911231,0.05990122779018714,0.013151642570946271,-0.07122322936634237,0.07428186395719387,0,1,1,1,0111,LLL Fault
0.9353527497937242,0.04363033623287947,0.010294610018418287,0.13486615516549816,-0.6401147117890214,0.5319317315119697,1,0,0,1,1001,LG Fault
0.03506200567066184,0.06753016537475418,-0.11133727246648684,-0.6148416960577785,0.9864976901247304,-0.3738526671594205,0,0,0,0,0000,No Fault
0.4431836776583927,-0.9985109478121641,-0.059846962469361664,-0.01884982867524261,0.11318877496356458,-0.08154332685335863,1,0,1,1,1011,LLG Fault
0.036500778778095655,-0.8517185551331864,0.8156079698643813,-0.1264109941796576,-0.0006802874719123806,0.14233290494307688,0,1,1,0,0110,LL Fault
0.057133378714090716,0.029309139387011265,-0.0948895698129052,-0.11431072514294208,0.9150652796490405,-0.8029226834843479,0,0,0,0,0000,No Fault
0.0605137349273232,0.011974848440452959,-0.08099717077314984,0.16550072774991176,0.7716883859312034,-0.9373782753914398,0,0,0,0,0000,No Fault
-0.0048010319556680905,-0.7632977058693677,0.7677396967825241,-0.5803882898152013,-0.042876866433467664,0.6405110937877304,0,1,1,0,0110,LL Fault
0.333804893995466,0.6454881708156872,-0.9837626598229439,0.08981792584224299,-0.041619758563143344,-0.03275291821117528,1,1,1,1,1111,LLLG Fault
-0.012022447986573146,-0.017322718657636304,0.020408678822121107,0.968573841364825,-0.6560883517375664,-0.2877094938419656,0,0,0,0,0000,No Fault
0.24695727420165622,-0.9493491276218312,-0.06721315959949832,-0.030680139107548708,0.2320082943512,-0.190755953270167,1,0,1,1,1011,LLG Fault
0.5964447569826209,0.3970215203101707,-0.9925975858014705,0.0896483594660739,-0.05920396642434962,-0.014665005606807818,0,1,1,1,0111,LLL Fault
-0.18410455183037258,-0.7429677773041614,0.9248567118883533,-0.04573775468394524,-0.0006582434524053139,0.06142332290699875,0,1,1,1,0111,LLL Fault
-0.5466165547803584,-0.4409515914110806,0.9789493456895589,-0.04849555516217639,0.02375907966474245,0.03930775571439893,1,1,1,1,1111,LLLG Fault
0.08376148243738288,-0.04893473789840732,0.047201931545556866,0.6352490581103309,-0.9687411450254236,0.36508484904696425,1,0,1,1,1011,LLG Fault
-0.011216597605034023,-0.8597707909520558,0.8707143266365384,-0.03986805826865045,-0.013140388729130372,0.06825707794743012,0,1,1,1,0111,LLL Fault
-0.051709917697007265,-0.332193529392837,0.3819289248511912,-0.812909414805383,-0.07728567942144471,0.9087104463946762,0,1,1,0,0110,LL Fault
-0.301478953657913,0.03893439587878845,-0.06394554111542905,-0.5425966244833109,0.9634358751605487,-0.4227898246889928,1,0,0,1,1001,LG Fault
-0.07876618127071124,0.057816431075670235,0.011035196665958043,0.12645693156345617,-0.8878578426202149,0.7928076824211674,0,0,0,0,0000,No Fault
0.5491652453995943,0.08267047453778306,-0.05547776996500857,-0.5503832593740001,0.5612923633811231,-0.005207747719590417,1,0,0,1,1001,LG Fault
-0.8177977415953629,-0.006039946450886584,0.8118500047222031,0.00505128093912182,0.03235824906754563,-0.02314339561495947,1,1,1,1,1111,LLLG Fault
-0.00378513990087712,-0.018447469631156,0.013088210682500396,0.9878474239859214,-0.5587721778571855,-0.40619706911121567,0,0,0,0,0000,No Fault
0.011903452952193293,0.08878347820471438,-0.10955704358361348,-0.8598272653883207,0.8666520250273996,-0.0060976781282500656,0,0,0,0,0000,No Fault
-0.4157311567209926,-0.06681618614422127,0.039935090136790856,0.6264939423886512,-0.7102995217071607,0.11051722870878505,1,0,0,1,1001,LG Fault
0.057339093726688856,-0.6907307579211254,0.6335517936283483,0.27299540969639846,0.028790517884275252,-0.2881624541019228,0,1,1,0,0110,LL Fault
-0.012695307535677307,0.10908765240969795,-0.1059323221294393,-0.980127879516064,0.6686634194665096,0.3162676115803903,0,0,0,0,0000,No Fault
-0.08243981626390114,0.07277680954858849,-0.0003352338535135349,-0.09223243762624628,-0.7838990800318784,0.9061452974776713,0,0,0,0,0000,No Fault
-0.02295395168387935,-0.6388339982748301,0.6609524701913138,-0.7058412209770457,-0.0577188416375237,0.7814202464471901,0,1,1,0,0110,LL Fault
-0.01542039220418929,0.8029406981391465,-0.792602134547472,0.5828574406405173,0.0077897523950982255,-0.5774466952257,0,1,1,0,0110,LL Fault
-0.026217271228995385,0.11028302176664505,-0.09345241746900555,-0.9973424141315985,0.5022997352147043,0.5030484754651223,0,0,0,0,0000,No Fault
0.7503369556548725,-0.9287462042861194,0.1824720514265054,0.004523629268337097,-0.06567166103391828,0.07727583378810499,1,1,1,1,1111,LLLG Fault
-0.07444748119585066,0.046046279278205926,0.018840989675626224,0.2510232458909209,-0.9304041191556477,0.7112647801788892,0,0,0,0,0000,No Fault
-0.08022042980672062,0.06263584066018851,0.007503308589782053,0.07884897918230084,-0.8677949804137988,0.8200982676516787,0,0,0,0,0000,No Fault
0.48453318837162873,-0.011767154021018602,0.03968402528797254,0.51578543949576,-0.9843329971852308,0.5007529158333535,1,0,0,1,1001,LG Fault
0.8934703734361349,-0.8043278234030179,-0.08200168156097205,0.027350617857277656,-0.16794278579115093,0.15860020231126742,0,1,1,1,0111,LLL Fault
0.9435848674328008,-0.1823721074745208,-0.75783301730587,0.07172664537104706,-0.08174258627982829,0.026270546566382905,1,1,1,1,1111,LLLG Fault
0.3644551021067515,-0.9763325297129575,-0.06294981431857702,-0.024403670217702407,0.16029684626843302,-0.12397677994765638,1,0,1,1,1011,LLG Fault
0.13210376299824872,-0.038893186496042134,0.045636068032104196,0.6242469658813972,-0.9732616659204261,0.38072241437870724,1,0,0,1,1001,LG Fault
-0.08218139771469973,0.07492572553635801,-0.0024708792818494323,-0.16811081878419057,-0.7395866797641457,0.937071551187625,0,0,0,0,0000,No Fault
-0.06721396661227665,0.10815974746106317,-0.05066331979102581,-0.766058003375771,-0.15208247786566706,0.937951004008689,0,0,0,0,0000,No Fault
-0.2973637843523074,0.9693833743208948,-0.6805573082597236,0.07017333289791612,0.0016469683790232281,-0.057144021531267616,0,1,1,1,0111,LLL Fault
-0.7867881907677231,-0.10522449204191422,-0.06002729114575284,-0.04211734217062986,0.5930648009643382,-0.5471965328373147,1,0,1,1,1011,LLG Fault
-0.01946807905358126,0.8705380560873469,-0.8569041730024451,0.08195270960631279,-0.017536377582057786,-0.04940724816704517,0,1,1,1,0111,LLL Fault
0.6265355872092756,0.0017502823604339263,0.03453606260909331,0.44156494529491513,-0.9433292647509794,0.5333883420973213,1,0,0,1,1001,LG Fault
-0.0020086791711316637,-0.7903177992623717,0.7923002775667192,-0.5523448080289567,-0.0409886105475767,0.6104691755140234,0,1,1,0,0110,LL Fault
0.05322093328494529,-0.014201175254975915,-0.04752003018617549,0.6179599451422579,0.3768668254926243,-0.9887231360493486,0,0,0,0,0000,No Fault
0.0023243115130848905,-0.8509128559038651,0.8459774755428626,-0.04074387985072985,-0.013422458966698999,0.06942264443290821,1,1,1,1,1111,LLLG Fault
-0.36481383677946055,-0.6093265537907449,0.9699538862030482,-0.04838461437387295,0.011586152656069836,0.05160044767133744,0,1,1,1,0111,LLL Fault
0.061243704436033546,0.00912163086108114,-0.07858593182173589,0.16718971108581906,0.7692443511506182,-0.9365813207931329,0,0,0,0,0000,No Fault
0.973931320948709,-0.28787000214433756,-0.6820881827537991,0.06621250976647378,-0.08353430774378011,0.03362502319932732,1,1,1,1,1111,LLLG Fault
0.03209757865517511,-0.02470448735619043,-0.0002899020053974879,0.9943482331516721,-0.3414325189561515,-0.6341791235101067,0,0,0,0,0000,No Fault
0.04805831462666354,-0.10590022681009839,0.05646326689390713,0.8417115541625665,0.02455799655348019,-0.854073524086533,0,1,1,0,0110,LL Fault
-0.8426794501575736,0.8835132464270434,0.00983632050511887,0.025325700545041317,0.19310906830722568,-0.20727287578242012,1,0,1,1,1011,LLG Fault
0.98812378218065,-0.6006457832237695,-0.38240364099377605,0.04438233378966004,-0.08344357804199745,0.05542062491829908,1,1,1,1,1111,LLLG Fault
0.2728041390668339,-0.97110458023949,-0.06670274146755709,-0.02788438749554508,0.22198014913711314,-0.18334067233048754,1,0,1,1,1011,LLG Fault
0.6260642987858078,0.0017478443723991247,0.034533622817060905,0.441535376763363,-0.9433292404769893,0.5334179626365055,1,0,0,1,1001,LG Fault
0.01723473875776575,-0.025567829645209032,-0.00045673954576987835,0.9759889610355048,-0.3015804125775488,-0.6563795387149388,0,0,0,0,0000,No Fault
0.3292352375556708,0.6412182343288162,0.05433328695057499,0.08985469449789178,-0.5340641704725295,0.4689995114936091,1,0,1,1,1011,LLG Fault
0.02153905657134485,0.5069442663372525,-0.5321600001624189,0.8122120322969378,0.03717946482355728,-0.8373567721793843,0,1,1,0,0110,LL Fault
0.038434523648541004,0.06332401199558452,-0.11046277552379266,-0.5643501910081664,0.9931907897694703,-0.43129814524364185,0,0,0,0,0000,No Fault
0.6904401387239493,-0.9624283191399818,0.2756628703604438,-0.0011358475347112013,-0.061580328557177905,0.07878134308018545,1,1,1,1,1111,LLLG Fault
0.03322566441840214,-0.023782314575819294,-0.018240132051010126,0.890167902527483,-0.044354644292635234,-0.8324379735368407,0,0,0,0,0000,No Fault
-0.025863094001098184,0.10889865251188266,-0.09228249575206086,-0.9965229271888083,0.50111389901573,0.5034351551721367,0,0,0,0,0000,No Fault
-0.9979610833835949,0.4561612409231784,0.528747333086211,-0.014545067226681231,0.05251728805911397,-0.024036680038911712,0,1,1,1,0111,LLL Fault
-0.9319013257467127,0.20550528691756137,-0.04485758465263515,-0.029851059125961067,0.5582462899538517,-0.5240160905239427,1,0,1,1,1011,LLG Fault
0.9364821063670393,-0.7384517343819508,-0.014993804495238565,0.03279681441972313,-0.3530560770217718,0.3417656652691437,1,0,1,1,1011,LLG Fault
-0.8965978878065393,0.06934815646363253,0.8140175600964491,-0.03546993532060924,0.04664441948465124,0.002927977024118107,1,1,1,1,1111,LLLG Fault
0.04554737822750839,-0.02611345961302574,-0.020352393578078522,0.902655675730409,-0.058266383558257494,-0.830783118221636,0,0,0,0,0000,No Fault
0.17612149786636774,-0.04444509470472527,0.0449961962305235,0.620485218451539,-0.9900236538624365,0.40157420707757874,1,0,1,1,1011,LLG Fault
0.05294553764622841,0.0410599505237015,-0.10280544785734759,-0.23923661643075006,0.9594339114238817,-0.7228761832448379,0,0,0,0,0000,No Fault
0.9781208647648585,-0.30182778338100535,-0.6698448689310053,0.06539117756574947,-0.08375104049143552,0.034669376825352136,0,1,1,1,0111,LLL Fault
0.034905460114778776,-0.88277266384092,0.845695808526198,-0.036621137802471955,-0.016645836090437165,0.0685735179123583,1,1,1,1,1111,LLLG Fault
-0.5776358493406778,0.989417193477979,-0.42288484174843716,0.05253904650692306,0.0212568698395778,-0.05944501288691734,0,1,1,1,0111,LLL Fault
0.0018043158466783038,-0.024529915631642536,0.014069689611640686,0.9951278842319973,-0.5116543888649627,-0.4615087520180455,0,0,0,0,0000,No Fault
0.9211318024122043,0.08018395760601649,-0.029274555053933247,-0.30281245571900034,0.01598820353344839,0.3022172342228752,1,0,0,1,1001,LG Fault
0.8994618931980288,-0.8074005630283791,-0.06934296932165418,0.024064364780798295,-0.10934354190765493,0.10218391387832615,1,1,1,1,1111,LLLG Fault
-0.6726348951202303,-0.2372591992864721,-0.1500112910158284,0.40821550819384944,-0.18588961955334107,-0.20498702366688906,1,0,0,1,1001,LG Fault
0.9913795474136742,0.06736700039648261,-0.01120616693531843,-0.11059537229982871,-0.30318254932432903,0.4347180568779868,1,0,0,1,1001,LG Fault
-0.023242976407822007,-0.6446398647435031,0.6671731806083687,-0.7056917254812961,-0.058462619348705704,0.7820282482901637,0,1,1,0,0110,LL Fault
-0.9465277489377494,0.7480805628098938,0.18492361627776657,0.010024650713580262,0.04794547622311336,-0.04401296756303684,0,1,1,1,0111,LLL Fault
0.05651541654205239,-0.012643261002032828,-0.04885254317208262,0.6272403574461645,0.365081927924667,-0.9860196199852358,0,0,0,0,0000,No Fault
0.02316404956188689,0.08244702608456098,-0.11478294141559298,-0.7527758252521198,0.9461324218866499,-0.19442159187150856,0,0,0,0,0000,No Fault
-0.06840630199286087,-0.014745470335517166,0.024239172933634236,0.716043745839037,-0.8373579861033655,0.15019960599999807,0,0,0,0,0000,No Fault
-0.08159198624954206,0.07054201180583887,0.0014744481745681114,-0.12083233868736423,-0.7694211612759537,0.9200683624169487,0,0,0,0,0000,No Fault
-0.487018602774629,0.01955691926042405,-0.05898131709507483,-0.4516812610876905,0.9438372999437565,-0.493975730531677,1,0,0,1,1001,LG Fault
0.1839825397736315,-0.9449524697925581,-0.06938486708613781,-0.031902546836759894,0.2735079233649323,-0.23181745251023728,1,0,1,1,1011,LLG Fault
0.039868960169254467,-0.025196975665790523,-0.023120190001748857,0.83805904698919,0.06082598680552155,-0.8873675641853013,0,0,0,0,0000,No Fault
-0.0816960452722399,0.06986964920100433,0.002121593404071493,-0.09051152244715444,-0.7863893227799431,0.9069573187611935,0,0,0,0,0000,No Fault
0.06073960313337861,0.02086064556267711,-0.08890458001989235,0.07044179161352329,0.8298816165838813,-0.9013648560883845,0,0,0,0,0000,No Fault
-0.06893187599681204,0.03631680955743091,0.02300033956782429,0.3979394838467038,-0.9582415536129111,0.5923247360442527,0,0,0,0,0000,No Fault
-0.7316646195441928,0.9495890977628669,-0.23250802164953743,0.03929532112459324,0.03216526113696754,-0.0572815707867404,1,1,1,1,1111,LLLG Fault
-0.05397106635290622,0.015848907301277224,0.028706979567028168,0.6487753398473171,-0.9472276934469739,0.3296010046835733,0,0,0,0,0000,No Fault
-0.0424246087679096,0.11067499805146233,-0.07751292500309723,-0.963417101961218,0.27297122706295757,0.7027135862724173,0,0,0,0,0000,No Fault
-0.07594073739904242,0.6784394059514671,-0.6078886602846483,-0.2917440180797911,-0.06404370323477754,0.3726700865491693,0,1,1,0,0110,LL Fault
0.3591711792047216,-0.9887075051847682,-0.06351110934002441,-0.02425324880375577,0.16875188642785216,-0.1327430875989486,1,0,1,1,1011,LLG Fault
-0.03502862243545746,0.8733440683925776,-0.8438276344226482,0.3911620126261512,-0.011085741114437754,-0.366009363409769,0,1,1,0,0110,LL Fault
0.05192666610749109,0.043275201464976654,-0.10401682151820751,-0.26952223133332487,0.9675935516886568,-0.7008247595334902,0,0,0,0,0000,No Fault
-0.00536919056364969,-0.771632140509188,0.7768799413203752,-0.5802915502766867,-0.043950927381276726,0.6415085406689109,0,1,1,0,0110,LL Fault
0.5219451533563144,0.007437680395334077,0.0277581133409548,0.471284817600665,-0.9397473365200555,0.4999397781937086,1,0,1,1,1011,LLG Fault
-0.02621148756848448,-0.006376083250730694,0.023205673599406555,0.9067221522132038,-0.7753524007051823,-0.10416655575591627,0,0,0,0,0000,No Fault
0.995398345136207,-0.4300886518320859,-0.5607093684245005,0.05718820840939454,-0.08451606279871858,0.04367363487721063,1,1,1,1,1111,LLLG Fault
0.9832675664931583,-0.525039498777735,0.0032162690343985213,0.051471229290467366,-0.4813105322361262,0.4537300204831645,1,0,1,1,1011,LLG Fault
0.06141122671140785,-0.5708651219869698,0.5094160381730741,0.42752419183107104,0.03837178379614376,-0.4528640035109713,0,1,1,0,0110,LL Fault
-0.6500032270285862,-0.30326362195353335,-0.06733850887560455,-0.046833801715412404,0.5836934872655682,-0.5329184204797928,1,0,1,1,1011,LLG Fault
-0.9767155931553659,0.6712702478688674,0.2896309901202527,0.0025272805617846637,0.05028527201731428,-0.03887991758963452,1,1,1,1,1111,LLLG Fault
-0.41184989001558686,0.026605819704718897,-0.061610880108902005,-0.48962393825028183,0.9584055826733469,-0.4707772022597359,1,0,0,1,1001,LG Fault
0.04248696074423971,0.8379890441116551,-0.8880542719333281,0.083925453154994,-0.02181315848806341,-0.04702728244836291,1,1,1,1,1111,LLLG Fault
0.587448189102893,0.08348983497899294,-0.05388856509269456,-0.5372966424098602,0.5233181851147736,0.020365736684769854,1,0,0,1,1001,LG Fault
-0.9435357126600175,0.7398507366435889,-0.0061139893568435775,0.007893382733267508,0.3288692532411758,-0.32813078345799285,1,0,1,1,1011,LLG Fault
-0.05935495739525784,-0.21505461823231192,0.27199623595647465,-0.8140279322104302,-0.08104390155084894,0.9136614676590649,0,1,1,0,0110,LL Fault
0.0502538912748393,-0.78125922335484,0.7313493897632944,0.10753305163475507,0.017345592111511224,-0.11059931633674971,0,1,1,0,0110,LL Fault
-0.05143600525975319,0.011023873861736809,0.03130067208497405,0.6738272161205917,-0.9434103139855258,0.30059289319134275,0,0,0,0,0000,No Fault
0.04405914284382827,0.19464594429940024,-0.24120114248394384,0.8406450000103652,0.04965525840621647,-0.878577659700756,0,1,1,0,0110,LL Fault
0.07939757388229814,-0.8877781904927036,-0.07159192574221783,-0.037964309604872314,0.3240029930509416,-0.2771929096350868,1,0,1,1,1011,LLG Fault
0.03612926441609955,0.32559766220514885,-0.3648093027322329,0.8447712121960933,0.04579425211156547,-0.878780538050556,0,1,1,0,0110,LL Fault
-0.020044344070276006,0.8705100884516681,0.052641952039733736,0.08195516008253576,-0.3871995316052039,0.3272683711453034,1,0,1,1,1011,LLG Fault
-0.00016960770116885887,-0.012780946846739683,0.02129006395651871,0.9717713493758903,-0.5686394690487364,-0.38002383598410755,0,0,0,0,0000,No Fault
-0.07320697045734752,0.04412056946242237,0.019407956304391474,0.29532848424491526,-0.9403905406173524,0.6770180101048914,0,0,0,0,0000,No Fault
-0.07529395893199473,-0.808956697413002,0.883088279524633,-0.04309494074670779,-0.008080771643669181,0.06633688440471971,0,1,1,1,0111,LLL Fault
0.8089120299405673,-0.89465777049374,0.09020474352973815,0.010968824136131072,-0.06989553273292173,0.07511757606554846,1,1,1,1,1111,LLLG Fault
-0.5645706239334319,-0.07105666584893632,0.03486566526054469,0.5879517011235132,-0.580909239568155,0.01731599192108751,1,0,0,1,1001,LG Fault
0.859214711693292,-0.8620395500065255,-0.027990768045035128,0.01909517890668295,-0.24340704614007067,0.2437738376506032,1,0,1,1,1011,LLG Fault
0.9841866327713078,0.07108249121665372,-0.015595977436781101,-0.15847679782746626,-0.22873751336140538,0.4068686785185438,1,0,0,1,1001,LG Fault
-0.010091580858173637,0.7719714361259176,-0.7667005464280021,0.6284575468122512,0.012749422135617746,-0.6282214821162226,0,1,1,0,0110,LL Fault
0.025979046997303714,-0.8610028233799274,0.8354246776551302,-0.26522546106863415,-0.012393641499830958,0.29345102386111216,0,1,1,0,0110,LL Fault
-0.8773276086515112,0.8490379702609758,0.015134697648784144,0.02202097350922471,0.04275619071928024,-0.0507533345493479,0,1,1,1,0111,LLL Fault
-0.9845874765294306,-0.059184664648118696,-0.004505591630569695,0.2003995582067666,0.1966009707820786,-0.3863690524784691,1,0,0,1,1001,LG Fault
-0.9797596687676466,0.4131345807713674,-0.032108076657548876,-0.018215331307292137,0.49999204743628956,-0.4763229610116342,1,0,1,1,1011,LLG Fault
0.483845810573791,-0.9804183867549611,0.5008349989449001,-0.01743789058941233,-0.0467619476714608,0.08002702337046949,0,1,1,1,0111,LLL Fault
-0.43814582580316475,-0.5568407724529416,-0.07242337043331962,-0.04246230179361096,0.5419157835130313,-0.49473101058303703,1,0,1,1,1011,LLG Fault
0.017039160089334177,0.08948276787709117,-0.11560532575426517,-0.8121084166234647,0.913552276993763,-0.10173329516296824,0,0,0,0,0000,No Fault
-0.6037236349115974,0.98522676393542,-0.3950993723100625,0.05056279006078397,0.023069423241799655,-0.0593104664150472,1,1,1,1,1111,LLLG Fault
0.05629427300128923,-0.007305347474520225,-0.057626224705522304,0.5144129507878894,0.4896230322893772,-0.999797548734743,0,0,0,0,0000,No Fault
-0.06599305709156252,-0.09356632212459298,0.15670592132722438,-0.7985980235111698,-0.08352557719868829,0.9007194192133695,0,1,1,0,0110,LL Fault
-0.5223163972920579,0.2271624275585688,0.28709659483099903,0.33646041509631475,-0.0605696178686291,-0.26073983708652326,0,1,1,1,0111,LLL Fault
-0.9857064792916959,0.5368812652755539,-0.023309274775206213,-0.009704472148134288,0.44919113680337824,-0.4330914501547077,1,0,1,1,1011,LLG Fault
-0.04617715292753544,0.11793457398990591,-0.08168649505961986,-0.9592907779416757,0.24930017864143605,0.722696566986352,0,0,0,0,0000,No Fault
-0.7843211534354498,-0.09444367877495168,0.8694551107501685,0.003141376481717823,0.02870859640435261,-0.01750951563531478,0,1,1,1,0111,LLL Fault
0.5178329652619106,-0.9923786158962469,0.47683869345919955,-0.014396295361494074,-0.049529659926844695,0.07979759817101567,1,1,1,1,1111,LLLG Fault
0.06246892030519416,-0.47760963572886833,0.41496423815838335,0.5955963843670666,0.04311509460845479,-0.6262151065404483,0,1,1,0,0110,LL Fault
0.8232341342391686,0.0841788955614878,-0.03951886896777125,-0.40573611964068934,0.21405569956203546,0.20358763746339553,1,0,0,1,1001,LG Fault
-0.8781239545625494,0.8481709736666507,0.014429636706506859,0.02200892341574443,0.04278052943998104,-0.05076605309406362,1,1,1,1,1111,LLLG Fault
-0.949262317787163,0.20834301988832588,0.7290612588705163,-0.029119838665645048,0.04991523931282993,-0.006771843446936637,0,1,1,1,0111,LLL Fault
-0.9863877405932338,0.35701538804886007,0.6167296936721178,-0.020914150960836063,0.052031489459498426,-0.017155693405547325,0,1,1,1,0111,LLL Fault
-0.08286351427896665,0.08457082936022858,-0.011750633155436445,-0.27663237854806044,-0.6638228476308236,0.9686792504411997,0,0,0,0,0000,No Fault
0.2201208321513823,-0.9372909841056463,0.716702741319066,-0.0321623811917542,-0.028425840021998237,0.07610648785176621,1,1,1,1,1111,LLLG Fault
-0.8879988450485082,0.1830195203180585,0.691891693561458,-0.07228262059989328,0.05441735243203644,0.031917826117447264,1,1,1,1,1111,LLLG Fault
0.32130976574311354,-0.9758995230834853,0.6551523843809798,-0.02602341691031418,-0.03591550521497182,0.07758304279059071,1,1,1,1,1111,LLLG Fault
-0.021381697419378527,-0.01077738507740372,0.02297831232675409,0.9313632595976843,-0.7389822315193797,-0.16593334120680445,0,0,0,0,0000,No Fault
0.06306343491709653,-0.46224030358858864,0.3987300738967361,0.5354325963947388,0.04422196751776183,-0.5670196915895048,0,1,1,0,0110,LL Fault
0.4076935551717523,0.584979369288279,-0.9939310095586448,0.0904252985764047,-0.046586454814652414,-0.028300952655853688,0,1,1,1,0111,LLL Fault
0.15690971637598325,-0.9315245228864091,0.7736356281314538,-0.032774436144578166,-0.02483304351659124,0.07305919016708791,1,1,1,1,1111,LLLG Fault
0.0017877861671844598,-0.020506117520077638,0.009630042742859554,0.9930765264457767,-0.4948279049313613,-0.47659774786629155,0,0,0,0,0000,No Fault
-0.08231369289840593,0.09237401267006354,-0.020254663758638908,-0.38103333755229135,-0.58099847399215,0.9889609034136823,0,0,0,0,0000,No Fault
-0.42019967240846595,-0.06858499560566138,0.011336005568850158,0.553564110725209,-0.07889173884501872,-0.4597492989161938,1,0,0,1,1001,LG Fault
-0.005335287926463049,0.10255469493529247,-0.1065464659567331,-0.9553417154514887,0.7323245249704144,0.2265465647107251,0,0,0,0,0000,No Fault
-0.7601667316535967,-0.07307547205374827,0.024466989698385476,0.4957405982642483,-0.3493955674119576,-0.1261354350732048,1,0,0,1,1001,LG Fault
0.005382850853643703,0.09708529901062592,-0.11183268572893774,-0.8992628466736097,0.8296881334639058,0.07110778977117574,0,0,0,0,0000,No Fault
0.031061155816231784,-0.8601063144352779,0.8293960097627675,-0.2027984938429124,-0.0070346597680159394,0.22539787548508955,0,1,1,0,0110,LL Fault
0.05255328047269487,0.04466876745270354,-0.10530020687281913,-0.27037452505443405,0.9689408358137904,-0.7013430571326502,0,0,0,0,0000,No Fault
0.055130576250312424,-0.20587981760159835,0.14971427361060796,0.7820269181671878,0.05337902765239465,-0.8235986080450676,0,1,1,0,0110,LL Fault
0.8074103329408305,0.022737574782494403,0.024032090585218532,0.30310045081517983,-0.8263414525619895,0.5530120935922337,1,0,0,1,1001,LG Fault
-0.03292646501833527,0.8688477344071106,-0.8413964066817023,0.4142398576172665,-0.008940891352679805,-0.39133394327217225,0,1,1,0,0110,LL Fault
0.5317712198253379,0.46694785548904916,-0.9986273241742307,0.09029618643790832,-0.05489469073698283,-0.019705600845979505,0,1,1,1,0111,LLL Fault
0.8994630206617427,0.08139830438621697,-0.031715199301695515,-0.32807888680943686,0.06211734689408743,0.2805461383665718,1,0,0,1,1001,LG Fault
0.05125410499601988,0.05882903684957478,-0.11220381412155538,0.816631550040405,0.051903578478006904,-0.8567915329925369,0,1,1,0,0110,LL Fault
-0.9156909038699528,0.1594052605182406,-0.047391128152388266,-0.0320431318089015,0.5672013176692099,-0.5309431693084666,1,0,1,1,1011,LLG Fault
-0.47081496693172437,0.993018313768786,-0.5323089305235819,0.06007537594143387,0.01374540822179577,-0.05934731935888897,0,1,1,1,0111,LLL Fault
0.9721941840010173,-0.36013780454430266,0.014851441340797366,0.06283479472074113,-0.5469182353518997,0.5091890376635331,1,0,1,1,1011,LLG Fault
-0.7108140105386428,0.964309817886469,0.022801881187455873,0.04037822110443198,0.06322858750333937,-0.09002014209031835,1,0,1,1,1011,LLG Fault
-0.9146020396800225,-0.06871027537079848,0.009990636810436646,0.35324215614011667,-0.06351413701281666,-0.274565671859767,1,0,0,1,1001,LG Fault
0.9694131055212815,-0.6858751121597019,-0.27834707395719976,0.03735570505413959,-0.08195425547315706,0.060948297711628456,1,1,1,1,1111,LLLG Fault
-0.038914111941241565,-0.48506358190350773,0.5224972660442522,-0.7822195963167536,-0.06927038362943208,0.8697718640434601,0,1,1,0,0110,LL Fault
0.156163022614943,-0.9191956898855153,-0.06982221863268857,-0.0348585201229871,0.2832840236488895,-0.23881525913346816,1,0,1,1,1011,LLG Fault
-0.02704684622221357,-0.6012103364878238,0.6271548801430439,-0.7301001116322666,-0.06105332728683343,0.8091412125220238,0,1,1,0,0110,LL Fault
0.06019013050467773,0.009613406299451378,-0.07845327554191897,0.22594781708745218,0.7322007001105831,-0.9577485921044667,0,0,0,0,0000,No Fault
-0.19105610344039667,0.9398776537459509,-0.7564407069285809,0.075261057681241,-0.005715156415373748,-0.0547434023998323,0,1,1,1,0111,LLL Fault
-0.06856825322517958,0.03489552387932679,0.024201460319402276,0.3987808227878659,-0.9594590123478705,0.5927217251434055,0,0,0,0,0000,No Fault
0.015474373310689099,-0.8605223378058775,0.8454370761486021,-0.3833952989559241,-0.024947469487471084,0.42472620457099153,0,1,1,0,0110,LL Fault
-0.03841693199295641,0.8785437092692687,-0.8455833414035745,0.35564000468580403,-0.014327998547645085,-0.32708939798709424,0,1,1,0,0110,LL Fault
0.8482055048788638,-0.8642820441081771,-0.028959521851380853,0.017538516352970678,-0.23419540674791947,0.23594818123215197,1,0,1,1,1011,LLG Fault
-0.01314929179889464,-0.016739191511765887,0.020940130493013975,0.9648582895233069,-0.6672160682447501,-0.2726452078851451,0,0,0,0,0000,No Fault
0.05644827906215343,0.03581718370986821,-0.10009297881517741,-0.14795097127630624,0.9307700171904917,-0.7851960085506382,0,0,0,0,0000,No Fault
0.9850155065869973,-0.45511475735738227,-0.022331856824177685,0.05625028945736448,-0.4889874437518955,0.4567608844822942,1,1,1,1,1111,LLLG Fault
-0.06892809446045543,-0.012060466654401115,0.027002887896393157,0.7390007494600621,-0.8208065831164613,0.11031624668031546,0,0,0,0,0000,No Fault
-0.8079444208896894,-0.07259842662300488,0.020905828701431258,0.4618575971017795,-0.2760178733563942,-0.16693275036831848,1,0,0,1,1001,LG Fault
-0.5827689749318172,0.9953860010323495,0.031906458096219746,0.051594442195264587,-0.04183044061420964,0.005786584140499394,1,0,1,1,1011,LLG Fault
-0.8662796128576186,0.008203577452708563,0.8475580112722291,-0.03792088519266359,0.044749638750231975,0.00731616352167818,0,1,1,1,0111,LLL Fault
-0.030945376291633967,0.11290782933571307,-0.09153412947340461,-0.9959716144432453,0.44911770474691276,0.5558652805275596,0,0,0,0,0000,No Fault
-0.05381532940803024,0.11008902247646137,-0.0656285469334347,-0.8991638852603453,0.09117383569659009,0.8235372991519613,0,0,0,0,0000,No Fault
-0.06852900962033294,0.10411348470528238,-0.04504107978583524,-0.7335369209811157,-0.19973406970024926,0.9538995561448035,0,0,0,0,0000,No Fault
0.016823809410560397,0.08590912213546337,-0.11168616773659183,-0.8184768869162563,0.9032601958309489,-0.08486055351213775,0,0,0,0,0000,No Fault
0.7356978089894781,0.21859379118705777,-0.9539617866747259,0.08644280435423088,-0.06844936284534511,-0.0020301100984458156,1,1,1,1,1111,LLLG Fault
0.8731918300688463,-0.8392829009865945,-0.026839268777973706,0.019700884001321115,-0.08539473592746555,0.08215569188436805,0,1,1,1,0111,LLL Fault
-0.07903301803101058,0.3126612209993814,-0.2379579943614181,-0.63385689980808,-0.0819792949030376,0.7339659149086338,0,1,1,0,0110,LL Fault
0.08343690515620918,0.06289225976109722,-0.06588099727661086,-0.6052382007984867,0.8781106332392279,-0.27303775629443394,1,0,0,1,1001,LG Fault
0.9795929249780458,-0.5767676126078299,-0.0007897932290059501,0.04748128496272977,-0.4556848207649718,0.43161854439771363,1,0,1,1,1011,LLG Fault
0.06087168189017218,-0.0002892476565210869,-0.0687799039618702,0.3187782194282405,0.6620564180462489,-0.9793497301934211,0,0,0,0,0000,No Fault
0.9654995111055535,-0.6969859094539078,-0.263321155944345,0.03629391206211659,-0.08164430898540279,0.06169707585428713,1,1,1,1,1111,LLLG Fault
-0.9100497604697123,0.10024636235166812,0.7963584470122611,-0.03415330760293274,0.04748649390945078,0.0007498062786150013,1,1,1,1,1111,LLLG Fault
-0.7784829296267096,-0.14707656604675748,0.914023376188362,-0.043055636094860475,0.03906622704992652,0.018255790633817267,1,1,1,1,1111,LLLG Fault
0.06397098659620902,-0.8808292526141591,-0.07190068095603122,-0.03854227497974361,0.3319028546923539,-0.28466318554232933,1,0,1,1,1011,LLG Fault
0.059889589067844876,0.018020304764586034,-0.08644073947501776,0.07232528355539661,0.827230270600316,-0.900551682171288,0,0,0,0,0000,No Fault
0.6145062753267049,-0.9709844541259229,0.36174409754480874,-0.00786433225541346,-0.055966723997488824,0.07980753324581305,0,1,1,1,0111,LLL Fault
-0.9826892516493126,-0.04408601301047949,-0.020260011527705526,0.024946111910415496,0.4552051052272654,-0.47396198983678445,1,0,0,1,1001,LG Fault
-0.9928173827615855,0.40009598619073583,0.5798886016644156,-0.018241967490451226,0.05234090677426936,-0.0201502502715834,0,1,1,1,0111,LLL Fault
0.2969580239073754,0.07426718691546949,-0.06278734217866216,-0.60145028918995,0.7594760217800123,-0.15594982446878858,1,0,0,1,1001,LG Fault
-0.050865666854302514,0.11327381298972132,-0.0720079856331449,-0.9258650126178023,0.15472454956676313,0.7855525301525956,0,0,0,0,0000,No Fault
-0.0004224792747198738,-0.02372341692004607,0.015467648129058192,0.9932816740656262,-0.5373722217466632,-0.4334517792401018,0,0,0,0,0000,No Fault
-0.08281721239406377,0.08975289731197057,-0.017126305270855378,-0.3371680172418401,-0.616875661095545,0.981537301745799,0,0,0,0,0000,No Fault
0.39358587199912637,-0.9870410968088875,0.5946699099754209,-0.022175590335818715,-0.0409053459068707,0.07880954385183438,1,1,1,1,1111,LLLG Fault
0.0620265681576849,-0.29099293287435835,0.22800245628563393,0.6641382568026407,0.049892978445678304,-0.7018451997230484,0,1,1,0,0110,LL Fault
0.015087512284295935,0.08625851990891664,-0.11018181186161112,-0.83514362990676,0.8885480670545252,-0.0531583069749683,0,0,0,0,0000,No Fault
-0.08135118607864651,0.07023274565631737,0.0016718663555067344,-0.1355742128693549,-0.761189645726609,0.9264615987143267,0,0,0,0,0000,No Fault
0.41322680151540836,0.07872213875860919,-0.060028497756022474,-0.5847028202763562,0.6781629338163858,-0.08988556758587202,1,0,0,1,1001,LG Fault
0.056862628341176155,0.03472052969593515,-0.09937860426758087,-0.13245078818173894,0.9249733932188096,-0.7948306615269224,0,0,0,0,0000,No Fault
0.471239722890734,-0.012973129636511486,0.040083221313509644,0.5218569186487886,-0.986642427836132,0.49701859742034205,1,0,0,1,1001,LG Fault
-0.8345687087236852,0.8907954788059064,0.010802539261021617,0.026412036125436952,0.1840970242257471,-0.19917903005856705,1,0,1,1,1011,LLG Fault
0.06239288414780769,-0.34159746169053007,0.2785022512528599,0.6300875855049993,0.0485865992303289,-0.6663730845193311,0,1,1,0,0110,LL Fault
0.4820630215193114,-0.0027962310340120707,0.029838018224046664,0.5005292037761107,-0.9600782580169773,0.4913345902475413,1,0,1,1,1011,LLG Fault
-0.4646929203542916,-0.5209808202006389,0.9802642331686525,-0.0487986659140371,0.018303958367893267,0.04517030896086547,0,1,1,1,0111,LLL Fault
-0.819291858114184,0.09197779592178523,0.7171213013958577,0.05518407409583575,0.020971877013605873,-0.061806651896670436,0,1,1,1,0111,LLL Fault
0.05371029821634984,-0.013577645507444964,-0.04863032515877544,0.6056315104553462,0.39114652608224576,-0.9909126979146359,0,0,0,0,0000,No Fault
0.7882189214212407,0.020299706206965598,0.025407295297651164,0.3205916261055223,-0.8432861249349303,0.5527407695852236,1,0,0,1,1001,LG Fault
-0.06432413943051607,-0.11887493173827136,0.18032978671199365,-0.8033442193382256,-0.08284058138183714,0.9047802050087104,0,1,1,0,0110,LL Fault
0.9699479573963263,-0.2704706115356058,-0.6932888736607647,0.0668761036614958,-0.08322231738606274,0.03264175915272467,0,1,1,1,0111,LLL Fault
0.05034413327154829,0.0726777324203782,-0.12508554170949074,0.8197348068153215,0.05175163300982333,-0.8597481881665866,0,1,1,0,0110,LL Fault
-0.9715421786533387,-0.040141608885898225,-0.02369397647150622,-0.01458532082133434,0.508265849894586,-0.48839340575759904,1,0,0,1,1001,LG Fault
-0.8134641303211608,0.2630936009089524,-0.022540935587155454,-0.000798793575625234,0.44980447741983637,-0.44264571889427445,1,0,1,1,1011,LLG Fault
0.024701665256309117,-0.8772246381424039,0.8530710539053427,-0.2765586175691344,-0.015718224979461945,0.3082018990202083,0,1,1,0,0110,LL Fault
0.98208311465447,0.07109061556440416,-0.015587815873231149,-0.15860843938370153,-0.22873756190938555,0.4070007185483073,1,0,0,1,1001,LG Fault
-0.7867830421222672,-0.10523388698365317,-0.060027435826468196,-0.0421164886154891,0.5930642378077688,-0.5471968148120517,1,0,1,1,1011,LLG Fault
-0.0042702913735516625,0.09839195377993247,-0.10302855933851164,-0.9528775527432094,0.728758768071669,0.22770929166113246,0,0,0,0,0000,No Fault
0.589481444775311,-0.9748184721844845,0.3904003540366467,-0.009843476645342818,-0.05419750290405721,0.07998913157233356,0,1,1,1,0111,LLL Fault
0.3164047230996392,-0.9810300730869357,-0.0651654511962535,-0.025953191853454884,0.19552385131152195,-0.15831864146702185,1,0,1,1,1011,LLG Fault
-0.07936632094761713,0.09147673959048203,-0.021740080557031027,-0.46269968763195746,-0.5103265514423997,0.99883073486344,0,0,0,0,0000,No Fault
-0.0797158333311362,0.5503131469755507,-0.47553650336589265,-0.44207966371401025,-0.07304246620716093,0.5325738242655428,0,1,1,0,0110,LL Fault
-0.9098268184807642,0.14394416213939587,-0.04821769194822125,-0.03274670300327095,0.569898636971684,-0.532986237877501,1,0,1,1,1011,LLG Fault
0.04128868491628162,-0.02710487092334901,-0.012422353798579236,0.9530219811804068,-0.1798871909843287,-0.7573542055826673,0,0,0,0,0000,No Fault
0.059937544867635535,-0.0039287310299532426,-0.06185538070064722,0.4717421718515341,0.5309198116595027,-0.9990940910229109,0,0,0,0,0000,No Fault
0.06297622042158237,-0.37897035832046116,0.3153007494148552,0.6033372167323804,0.04744085557160478,-0.6383843100523368,0,1,1,0,0110,LL Fault
-0.9849197388650793,0.6370294453543175,0.3344728173171264,-0.0006033294483937662,0.05100735525444608,-0.036476793665067724,0,1,1,1,0111,LLL Fault
0.03083811678220677,0.07607692076890878,-0.11571685885136267,-0.6655862234674079,0.9798368748867714,-0.3161863929622871,0,0,0,0,0000,No Fault
0.5236656732703782,0.45910292223012983,0.05126170978237782,0.0903209362477602,-0.591587579788676,0.5271470390649525,1,0,1,1,1011,LLG Fault
0.7524732713904604,0.08497964271070314,-0.04528667082862355,-0.4600578094806065,0.3317021330685425,0.13817438934225607,1,0,0,1,1001,LG Fault
-0.9985881339599201,0.4699169452867599,0.5156590121617123,-0.013596343154661336,0.052517480632768454,-0.024988115568711187,0,1,1,1,0111,LLL Fault
-0.0447547348150656,0.11208188240195822,-0.07674063266945548,-0.9558207161238657,0.24427927047879155,0.7243334929956194,0,0,0,0,0000,No Fault
0.48965702001734707,-0.9881591081366615,-0.05716012464134698,-0.01649448520202671,0.07635527356508053,-0.04637244311749797,1,0,1,1,1011,LLG Fault
-0.8437875071168632,-0.015648823392728498,-0.04126914811325576,-0.22537601408466626,0.7579342479734489,-0.5314501071183687,1,0,0,1,1001,LG Fault
0.9445490129296187,0.07783139978734634,-0.025078426998890402,-0.2596669159275182,-0.061001382566369666,0.3374078891698265,1,0,0,1,1001,LG Fault
0.9840531608044152,0.07037813324469848,-0.014712538820188682,-0.14910948078223515,-0.24374627676943406,0.4127701030543379,1,0,0,1,1001,LG Fault
-0.06434392666738348,0.0282744932040391,0.026657299202615607,0.4829388812310183,-0.9653957037152665,0.5143899000877185,0,0,0,0,0000,No Fault
-0.9791984046929686,0.6605746312619191,0.3050929463351413,0.001485944934686078,0.05052696651808204,-0.03808210222634107,0,1,1,1,0111,LLL Fault
-0.06616843709043374,0.030205853679168566,0.026658393015720254,0.44215985020340826,-0.9646848706633947,0.5545527211063822,0,0,0,0,0000,No Fault
0.0533181800032277,-0.018134280652705944,-0.03927837131374857,0.7304229314492657,0.23234633879158248,-0.9542212975645818,0,0,0,0,0000,No Fault
0.9857802971919201,0.06964976886321754,-0.013836102332203554,-0.13956853022815074,-0.25869878115983225,0.41844011042879353,1,0,0,1,1001,LG Fault
0.6450189464297289,-0.975019210014413,0.3357192786626632,-0.0048080259470828675,-0.05842781692002277,0.07925092171089919,0,1,1,1,0111,LLL Fault
0.0021518539354286477,-0.02588833677492665,0.015217681901092538,0.9959320104714837,-0.5128179965621055,-0.4611293212054393,0,0,0,0,0000,No Fault
-0.6929844874661799,-0.26725945287628855,0.952078028295205,-0.0460150828077876,0.03349280565338381,0.02690227056471512,0,1,1,1,0111,LLL Fault
-0.07882888108327495,0.2997710308537141,-0.22523101436405613,-0.6419200142013156,-0.08226515835611971,0.7423416941450981,0,1,1,0,0110,LL Fault
0.4826878490455667,0.08092742786004763,-0.05790065160108735,-0.5693626220314648,0.6216936435560807,-0.047725555782574425,1,0,0,1,1001,LG Fault
0.6380636823509569,0.002988803682412015,0.03399693887063979,0.43412784534589993,-0.9382072991129146,0.5356259963205283,1,0,0,1,1001,LG Fault
0.9496272205025378,-0.7065820594641902,-0.011946788089937245,0.03601655104597593,-0.3765964860653189,0.3625245151371638,1,0,1,1,1011,LLG Fault
-0.81711641269574,-0.007021832825259465,0.8142732769289721,0.005283220980547254,0.03188979827949342,-0.022898608563752552,0,1,1,1,0111,LLL Fault
-0.08008364823532017,0.06195307776993267,0.008723413121039681,-0.010765368825028758,-0.8305553961990584,0.8720039381350299,0,0,0,0,0000,No Fault
-0.08151519205536806,0.09252456776295585,-0.021069379951034917,-0.40890344567883924,-0.5576567022458009,0.9931201808409855,0,0,0,0,0000,No Fault
-0.7411160281480941,-0.0022474330706191824,-0.048787741934840784,-0.3213075894732741,0.8499048911490404,-0.5289801271485596,1,0,0,1,1001,LG Fault
0.06169220595195497,-0.5710518963874602,0.5092177883862111,0.4277458941446522,0.03837240844682132,-0.4530869300996738,0,1,1,0,0110,LL Fault
0.657482183307225,0.049443677703862356,0.025856426913908562,0.334384254872565,-0.8319730732771018,0.5273838401298949,1,0,1,1,1011,LLG Fault
-0.3812121915064567,0.9904628091123308,0.04226367889033201,0.065333609465274,-0.18323308864549892,0.13609697097353637,1,0,1,1,1011,LLG Fault
0.7300546267948178,-0.9374531483094716,0.21354992128394365,0.0024165798872587685,-0.06418797488556995,0.07787662796104723,0,1,1,1,0111,LLL Fault
0.00022359227687474047,-0.8017717784818614,0.8015823938175093,-0.533073892973252,-0.03885709206116006,0.5889752026659002,0,1,1,0,0110,LL Fault
-0.9421931903860336,-0.06643400004566054,0.005830398045199147,0.31027609975273956,0.01347387775071147,-0.309934684897226,1,0,0,1,1001,LG Fault
0.8814328483862232,-0.02727678897180412,-0.8494067146687249,0.07855244689009908,-0.07784762876441248,0.015457778404337121,0,1,1,1,0111,LLL Fault
-0.08330487297200935,0.08517568377916684,-0.012051349941204154,-0.26246085517388584,-0.6734958449511312,0.9643267164336305,0,0,0,0,0000,No Fault
0.037482354135951024,-0.020757732208763396,0.013945211232751473,0.6265335397819533,-0.9241871457346174,0.3284239943111087,0,0,0,0,0000,No Fault
-0.09777666015133112,0.9053249070179075,-0.8141660669499255,0.07913317850725697,-0.012153356508752714,-0.05206541411877987,0,1,1,1,0111,LLL Fault
-0.04802818271240068,-0.38224955100767705,0.42849555495922453,-0.8070970052614134,-0.07521898867115,0.9007767161501303,0,1,1,0,0110,LL Fault
-0.05179183198266337,0.11318102783382603,-0.07099636723427565,-0.9199293112275193,0.1394592214116555,0.7951561032467584,0,0,0,0,0000,No Fault
0.2209061709916153,-0.93643436034781,0.7173963560219349,-0.03215035905672747,-0.02845011724859088,0.07611917341698053,0,1,1,1,0111,LLL Fault
-0.08170894137040333,0.8993996239520278,0.051496992072041836,0.0797513448491041,-0.3561354592182042,0.29782446852154554,1,0,1,1,1011,LLG Fault
-0.3087517034474412,0.976597553344772,0.04509728526272619,0.0694044491114377,-0.22869157402608264,0.17833646667316316,1,0,1,1,1011,LLG Fault
-0.006857879342834056,0.1009532948256893,-0.10315953261514417,-0.9622783804619433,0.7084882693908062,0.2577902048972973,0,0,0,0,0000,No Fault
-0.00013851812890368223,0.09710163065619726,-0.10595931196387397,-0.9336321884248201,0.7705902613679142,0.16578759489625838,0,0,0,0,0000,No Fault
0.7953978570509028,0.12773952647616,-0.9220108952256497,0.08384731585577991,-0.0723149650154476,0.004511217352028243,1,1,1,1,1111,LLLG Fault
0.06254875414108865,-0.5026960863411878,0.4400482103398704,0.5821792343419777,0.031267945583854,-0.6006904186063625,0,1,1,0,0110,LL Fault
0.04465915182356694,-0.8207945621852842,0.7765303650310826,0.003355289899062818,0.009579986672592328,0.0017676081080609928,0,1,1,0,0110,LL Fault
0.588727514401875,-0.9756440646840393,0.3897378879374879,-0.009855493846524808,-0.05417322891399658,0.07997644765609432,1,1,1,1,1111,LLLG Fault
0.8839291605500819,-0.8278038413524648,-0.04891262563266358,0.02079499532103363,-0.07534811658867657,0.07082136115252348,0,1,1,1,0111,LLL Fault
-0.965508895370155,0.7048375409449822,0.24484782518192,0.005716649373636841,0.04938700168725836,-0.04116242558372344,1,1,1,1,1111,LLLG Fault
-0.8705382223607847,0.8561923987571229,-0.0011377061473121768,0.023098171609154065,0.042223133897548636,-0.05129021609754797,1,1,1,1,1111,LLLG Fault
0.33574141646896777,-0.9784607408492384,0.643413161480807,-0.02563825467574231,-0.036828615044284814,0.07812729525735415,1,1,1,1,1111,LLLG Fault
0.6941299020889575,0.0849096751026973,-0.048552074207233814,-0.4907306423863965,0.40256062065110076,0.09672540569533725,1,0,0,1,1001,LG Fault
-0.046370350368638735,0.11075907247801813,-0.07368418824115623,-0.9457065712227777,0.2130818740105168,0.7459819484242104,0,0,0,0,0000,No Fault
0.006135451647352204,0.09414358922694319,-0.10934666285109365,-0.8975214790634383,0.8271682958671592,0.07192946085680842,0,0,0,0,0000,No Fault
0.7597732487391332,-0.9287753833838375,-0.038415107175588804,0.006695520881658781,-0.14250537898875898,0.15338993908020743,1,0,1,1,1011,LLG Fault
-0.7850213379052886,-0.09371214995720667,0.8672578248897742,0.002899974970687908,0.02919616053217857,-0.01776429052852132,1,1,1,1,1111,LLLG Fault
-0.029118011307707293,-0.009070190615499874,0.029338806795835344,0.8828141565961914,-0.8148456452695265,-0.03995248847705898,0,0,0,0,0000,No Fault
0.6137524894187418,-0.971809903850811,0.36108177455740326,-0.007876349456595443,-0.05594245000742819,0.07979484932957381,1,1,1,1,1111,LLLG Fault
-0.040449892607645636,0.8808987931493981,-0.8459353332220219,0.3316783041687508,-0.016481944582611756,-0.3008693504577459,0,1,1,0,0110,LL Fault
-0.06582335641702737,0.032267820040121506,0.023840877413869525,0.46747603089501555,-0.9625286914213426,0.5269723268583247,0,0,0,0,0000,No Fault
0.9539657324118298,-0.26763888068670805,0.005195064612056552,0.06767977598726567,-0.5681714066445253,0.525987694162414,1,1,1,1,1111,LLLG Fault
-0.8490814677693309,-0.03631074581231995,-0.021720010136644714,-0.0249065441201817,0.5212156206437012,-0.49124033318355875,1,0,0,1,1001,LG Fault
0.9933459540058497,-0.38902923465778694,-0.5974619403774493,0.060159728240410756,-0.08453962637000344,0.040718249413964895,0,1,1,1,0111,LLL Fault
-0.9767344847854298,0.6259076153097287,-0.016273826839078246,-0.002652342013745923,0.4032017857332324,-0.3933002058803913,1,0,1,1,1011,LLG Fault
0.04910812385335985,0.04882000911411244,-0.10678292602138555,-0.3440198184780792,0.9838781139393565,-0.6427232532073782,0,0,0,0,0000,No Fault
-0.7268744682113468,-0.22311967427783008,0.9391408083908747,-0.04503382496352437,0.03569418630146098,0.0236752560340713,1,1,1,1,1111,LLLG Fault
0.024293439312522976,-0.026069391664719617,-0.0069491351655577675,0.9491829648080097,-0.19792518976185658,-0.7351247123514489,0,0,0,0,0000,No Fault
-0.005718445636979461,0.10405236206608359,-0.10781213619438407,-0.9562282714351166,0.7336074101999172,0.22612823952314035,0,0,0,0,0000,No Fault
-0.33103630375327325,0.03666047128603138,-0.06344668725367042,-0.5335057392467937,0.9643639199668131,-0.4328504672889875,1,0,0,1,1001,LG Fault
0.7714124188386813,-0.917438175408398,0.15255626895415395,0.00667076942719198,-0.06715483257367731,0.07663431817580649,0,1,1,1,0111,LLL Fault
0.02354819442261367,0.08094546959533439,-0.1135139863429459,-0.7518869668076112,0.9448462046474448,-0.19400218000935263,0,0,0,0,0000,No Fault
0.31379355195467123,-0.025895360741116008,0.04360937683939874,0.5799113251760889,-0.9961574225186028,0.4485058349555876,1,0,0,1,1001,LG Fault
0.1714145080038482,-0.9247999158487454,-0.06942365668075291,-0.034195508421644906,0.2749105457143401,-0.23094764949128332,1,0,1,1,1011,LLG Fault
-0.7200767561651643,0.9548728610710232,-0.24692859151483593,0.04036036223107285,0.03136888492585615,-0.05753794848371509,0,1,1,1,0111,LLL Fault
-0.08191090509622276,0.07026258690227474,0.0018045001767525055,-0.0757536478066583,-0.7939444856711643,0.8998588521037832,0,0,0,0,0000,No Fault
0.9079468423706601,-0.8065948450305571,-0.09390950331944263,0.02454410224065706,-0.07725766238211672,0.06900814651646117,0,1,1,1,0111,LLL Fault
-0.034505051053037784,0.11100173348582466,-0.08582191654338937,-0.9881554850286753,0.39058024302291916,0.60767673022438,0,0,0,0,0000,No Fault
0.9862365017470246,-0.5093916166141496,-0.03558565021473203,0.052413665999668214,-0.45258435903557065,0.42351378905479675,1,1,1,1,1111,LLLG Fault
0.5251458070461656,-0.008114302368425533,0.038423096778655956,0.49693621028265367,-0.9759739978766196,0.5111344951532927,1,0,0,1,1001,LG Fault
-0.6583125837318432,-0.31163077612296836,0.9622143835325099,-0.0468591781235468,0.0312052183570053,0.030079599827521612,0,1,1,1,0111,LLL Fault
-0.9277996262073678,0.14727251511605205,0.7690447921452849,-0.032067881618753374,0.04860986018587102,-0.0024858323916454664,0,1,1,1,0111,LLL Fault
-0.6388868728406845,-0.07240721066797363,0.03152654137557252,0.5597202990586511,-0.5029746670352764,-0.03379125967409449,1,0,0,1,1001,LG Fault
0.4539825309881412,-0.47048266934776856,0.018976577549839068,0.07781213006468965,-0.8691546394190653,0.822523326242628,0,1,1,1,0111,LLL Fault
0.5423004134286677,-0.9870483903823565,-0.05427761065096513,-0.012729940282198635,0.03835475154645121,-0.011425325298650521,1,0,1,1,1011,LLG Fault
0.0239178747739541,0.07950050881643046,-0.11229285710015537,-0.7510316124581458,0.9436084674211889,-0.19359857687119378,0,0,0,0,0000,No Fault
0.7887247369796828,-0.7300592531261509,-0.052562956963109274,0.05045968915177908,-0.5815134661104784,0.556848679790118,0,1,1,1,0111,LLL Fault
-0.058216666785456915,0.1167275282235443,-0.06855516023344427,-0.8822565449755048,0.05118856220851474,0.8473291896662035,0,0,0,0,0000,No Fault
0.6917202759912343,0.05952075857087585,0.027557757603564444,0.29084967319992716,-0.7957854606792151,0.5341595149704071,1,0,1,1,1011,LLG Fault
-0.9236940986721127,0.7805107300690668,-0.0020631716248276175,0.012216109955157492,0.2966480753498376,-0.29963234542530565,1,0,1,1,1011,LLG Fault
-0.9213139663649897,0.17480060781153026,-0.04655576286045129,-0.03132396308668067,0.5643584191570122,-0.5287673978216905,1,0,1,1,1011,LLG Fault
0.05370216551107725,0.038102374363347756,-0.10030602383578621,-0.23748585806941536,0.956900483629233,-0.7220500813631919,0,0,0,0,0000,No Fault
-0.07722408813008061,0.09803677682758978,-0.03057837747295007,-0.5575748396962389,-0.41503896300271625,0.9968615997406488,0,0,0,0,0000,No Fault
0.05978170225270945,0.01748670208777486,-0.08594349728470432,0.10260395653841627,0.8107861198110957,-0.9141544254583224,0,0,0,0,0000,No Fault
0.0605133640873934,0.0011113043861407223,-0.06996350217537309,0.3179491542481871,0.6632561163118139,-0.9797409280921275,0,0,0,0,0000,No Fault
0.931636372904351,-0.7487114700975912,-0.01600736869171257,0.03171736977582025,-0.34504040093724814,0.33468018429041035,1,0,1,1,1011,LLG Fault
0.22852805087375275,0.7241112652015886,-0.9582610844073821,0.08833129592544499,-0.03448901667853638,-0.03852840392496522,1,1,1,1,1111,LLLG Fault
0.040971657289940344,-0.8609168738125663,0.8206387794576968,-0.04749603880312975,0.002148460922345982,0.06032630101723478,0,1,1,0,0110,LL Fault
0.02875801604375123,0.42506442393330385,-0.45728320574745607,0.8331744321478352,0.04160125854618516,-0.8628804509407272,0,1,1,0,0110,LL Fault
0.8067127285022535,0.022735498349518272,0.024030019230304518,0.3030562238308927,-0.8263414946369058,0.5530564840011208,1,0,0,1,1001,LG Fault
0.05479162083382732,0.036646094357474186,-0.10020938601617937,-0.17799545274008222,0.9403369112819785,-0.7648203161788827,0,0,0,0,0000,No Fault
0.8887321199114122,-0.042796002147676204,-0.8410749854165159,0.07793100283072688,-0.07830954337607436,0.01655155181321298,0,1,1,1,0111,LLL Fault
0.6659177855386036,0.08455002115909666,-0.05048272673332123,-0.5070804187443829,0.4438640591858329,0.07103129381767359,1,0,0,1,1001,LG Fault
-0.06545315003276207,0.10759479247288972,-0.05171114443244959,-0.784915417837308,-0.12282747475418251,0.9270482512770678,0,0,0,0,0000,No Fault
0.6508980508021621,-0.963426106378146,0.3180823318744111,-0.004843084203220327,-0.05854610245532225,0.07940660309624285,0,1,1,1,0111,LLL Fault
0.22087558794491452,-0.9364619692593456,0.7173665438376908,-0.03215051036129963,-0.028450002351704598,0.07611920474750687,0,1,1,1,0111,LLL Fault
0.028025735980493224,0.07909056401582298,-0.1159818565427255,-0.6999360831103384,0.9694517725575128,-0.27116329047939264,0,0,0,0,0000,No Fault
-0.10119158354970782,-0.052860400211450526,0.04539085852726744,0.6494771545929575,-0.8971677528337276,0.2778874249551138,1,0,0,1,1001,LG Fault
-0.7438546310658412,0.3661169862757692,0.3655488019545849,-0.05434617733369006,0.04919560774869425,0.019254662229458458,1,1,1,1,1111,LLLG Fault
-0.0740125942620876,0.0984052076594952,-0.027912971061457712,-0.7425371172173896,-0.08473597058427393,0.8457432499661036,0,1,1,0,0110,LL Fault
-0.5854268361193882,-0.3989886716795241,0.9753311295667256,-0.048106796154786,0.026345070357468393,0.03628290058042475,1,1,1,1,1111,LLLG Fault
-0.993543262755707,0.5880975314784911,0.3921071667805902,-0.004722211585446778,0.05177392947882703,-0.03312811115785129,0,1,1,1,0111,LLL Fault
-0.06652189370917881,0.10545464305074956,-0.048377255176448766,-0.7644566993948132,-0.15439963897326944,0.938706585822487,0,0,0,0,0000,No Fault
0.046431165698063506,-0.018552974747453366,-0.03657178613704877,0.7419371962334067,0.21602059005281388,-0.9491305339078772,0,0,0,0,0000,No Fault
-0.026585321709114765,0.11172161247169289,-0.09466816317711872,-0.9981939990236792,0.5035320156479947,0.5026466515710641,0,0,0,0,0000,No Fault
-0.7377558685244808,-0.18240303193109533,-0.06310382366767528,-0.04425387949712943,0.5924575498828534,-0.5444355565879092,1,0,1,1,1011,LLG Fault
0.9383128029078955,-0.1670913891349765,-0.7679351444031539,0.07246889955282607,-0.08142215990143185,0.02519981758411176,1,1,1,1,1111,LLLG Fault
0.04293694712331599,-0.02059090502677459,-0.031065069099465676,0.7915652965435456,0.14007463988166288,-0.9215030663684936,0,0,0,0,0000,No Fault
-0.7489356378551174,0.228610643622218,0.5083964853873951,0.14130683063150645,-0.001169403516836219,-0.1255962878332584,1,1,1,1,1111,LLLG Fault
-0.7721997856214676,0.9304760681811606,-0.17078114235942315,0.035052625798299125,0.03510818952567312,-0.05602640229390296,0,1,1,1,0111,LLL Fault
0.021560364866863527,0.08282490524788703,-0.11342788601992435,-0.772119100074843,0.9344428952073748,-0.1631156797903889,0,0,0,0,0000,No Fault
-0.06702985461380503,-0.06446564170530196,0.12843226575873387,-0.7928331532059254,-0.0836734122712216,0.8950899090176605,0,1,1,0,0110,LL Fault
0.03524403665417045,0.3383355236234272,-0.3767097231475457,0.8440353358309536,0.04532224761136838,-0.8775617492457152,0,1,1,0,0110,LL Fault
0.05618249454856825,-0.013295486200891174,-0.0477714565462654,0.6393130331338405,0.3506252699475035,-0.9833933039869802,0,0,0,0,0000,No Fault
-0.05102072963827583,0.8784783811452852,-0.8330556403201159,0.19495003623296353,-0.028264817699797995,-0.15177212304302712,0,1,1,0,0110,LL Fault
0.9813342372944162,-0.41340966297899984,-0.013915356962221046,0.059036870696603544,-0.5123919265424332,0.4778155324453149,1,1,1,1,1111,LLLG Fault
0.32097093271533533,-0.9680106358949022,-0.06465023879816273,-0.02684669797971246,0.18757650974555107,-0.14932461200752323,1,0,1,1,1011,LLG Fault
0.08062350845023021,-0.9013366543353883,0.8213587955333673,-0.037095676634585226,-0.01928069032515517,0.07173416944130576,0,1,1,1,0111,LLL Fault
-0.04079714385782576,0.0037149431776614113,0.027682517129247325,0.7970130439778557,-0.882997322419497,0.11552105675081861,0,0,0,0,0000,No Fault
0.9336141943036076,-0.1509066175837675,-0.7771189760517626,0.07320912263518536,-0.08111124407234117,0.024140816112539196,0,1,1,1,0111,LLL Fault
-0.0353717778973134,0.8778756428077809,0.052377200933171844,0.0814433624995291,-0.3795769905906384,0.3200143352328541,1,0,1,1,1011,LLG Fault
0.9363220829348933,-0.2072912538832946,0.009462750056680718,0.07082506089632831,-0.582787523698929,0.5377275523863242,1,1,1,1,1111,LLLG Fault
-0.9245557623067732,0.7875272802428283,0.12357053424076261,0.014366623219202505,0.04627326046702807,-0.04666250277925462,0,1,1,1,0111,LLL Fault
0.0028935691777589954,-0.020868709192093163,0.008897844842334177,0.9933857370743562,-0.48164623828213277,-0.4903395871474143,0,0,0,0,0000,No Fault
0.02456137512951483,0.47259914938903297,-0.5007011444039331,0.8222973224293468,0.03915488698949,-0.8494817089555159,0,1,1,0,0110,LL Fault
0.3496125873935796,0.6340815188287271,-0.9856067718761186,0.09001326662335586,-0.04266992419513671,-0.03187868109825782,0,1,1,1,0111,LLL Fault
0.8179886511351899,-0.8881902887888576,0.07471830634039842,0.012053115460187688,-0.0705539566219865,0.07470133023552712,1,1,1,1,1111,LLLG Fault
-0.08039880892237335,0.4363459817398502,-0.36055274307772395,-0.5449456937506272,-0.07833327362875765,0.641103779950253,0,1,1,0,0110,LL Fault
-0.032406037478162605,0.11465633860794777,-0.09198251305338091,-0.9956867309584847,0.4365188161423901,0.5684176151521115,0,0,0,0,0000,No Fault
-0.0639587740865073,0.11150439509370373,-0.0573843856337687,-0.8146320486070608,-0.07452072145479968,0.9076202182822012,0,0,0,0,0000,No Fault
0.049849403301687356,-0.022628359457570354,-0.030099412962149564,0.8203429952784809,0.09541580122778473,-0.9048507514601595,0,0,0,0,0000,No Fault
-0.04410484506137042,0.0045368465541063534,0.030412141325820145,0.7597672674515396,-0.9080626494109095,0.17840655800749303,0,0,0,0,0000,No Fault
-0.008337082630979993,0.10293116992429434,-0.10380934920427265,-0.967048921523582,0.6987107984355436,0.27253640686104474,0,0,0,0,0000,No Fault
-0.046353506723169215,0.8828054797825359,-0.8420104310773631,0.2580136602060188,-0.022932783333482292,-0.22043615567044597,0,1,1,0,0110,LL Fault
-0.07716863448181603,0.053027285318842036,0.014398062409770242,0.17374397845937337,-0.9058600502085312,0.7637390980661908,0,0,0,0,0000,No Fault
-0.8391978921728783,-0.011768751868396238,-0.05593082103900022,-0.03904022161593834,0.5888363576638733,-0.5459731269022777,1,0,1,1,1011,LLG Fault
0.05379354916935883,-0.019023204609396563,-0.04284815894598556,0.6326293378557263,0.35888952301811006,-0.9851129722673154,0,0,0,0,0000,No Fault
-0.006027993032173863,-0.021425275207826732,0.018717956983203467,0.9843819851806366,-0.5992284994502495,-0.36149840082438917,0,0,0,0,0000,No Fault
-0.9799200603719719,-0.06056124220446377,-0.0027593547331520507,0.2192622962867825,0.1664298608126416,-0.37453814444708794,1,0,0,1,1001,LG Fault
-0.029494129031475354,0.11119838703303091,-0.09112095696576407,-0.9960443491824644,0.46165788589734086,0.5431600578814326,0,0,0,0,0000,No Fault
0.90674729083797,0.03805877190737648,0.014321775126311186,0.18308659503320004,-0.6975308430152279,0.5420891409160036,1,0,0,1,1001,LG Fault
-0.9056192299322997,0.8150842558735508,0.07724278015239769,0.01764506273022195,0.04485404765454679,-0.04850348945344762,0,1,1,1,0111,LLL Fault
-0.9839329370448421,0.45542581777557956,-0.029215335914723937,-0.015458221567325174,0.4841572984040736,-0.46295214277026003,1,0,1,1,1011,LLG Fault
0.9346519663234624,0.0788319035872526,-0.026764013154308115,-0.27722819292860135,-0.03021224062732876,0.3236423112435945,1,0,0,1,1001,LG Fault
0.25542380560906114,0.6992579115489104,0.05468191742471232,0.08887695941877592,-0.507291080893987,0.44269869056942673,1,0,1,1,1011,LLG Fault
-0.5139765679824498,0.02124343162764654,-0.05894722583578637,-0.4615312693211672,0.9468615283982392,-0.48718122769381433,1,0,0,1,1001,LG Fault
0.6442146492656692,-0.9757954473896144,0.3349022031200402,-0.0048268156724837405,-0.058389868582227965,0.07923109278568118,1,1,1,1,1111,LLLG Fault
-0.0150407014468539,-0.01314553232564094,0.018924991254139004,0.959131237138027,-0.6756094443780851,-0.25835031885525983,0,0,0,0,0000,No Fault
-0.06356859530540232,0.028988138992046324,0.024896572798277825,0.5083593814912823,-0.9629604901026692,0.4864205802286013,0,0,0,0,0000,No Fault
0.007773889919631077,-0.04670360348771935,0.04589134674317981,0.6419850768119576,-0.9390593841312149,0.32808595442173727,1,0,0,1,1001,LG Fault
0.012096034764648878,0.6030786298065268,-0.6192433392140352,0.7714445267306503,0.0305628395753706,-0.7897389991788046,0,1,1,0,0110,LL Fault
0.988903349636546,-0.5997948501200606,-0.3817157617437739,0.04439435263545695,-0.0834678536503241,0.05543330883453832,0,1,1,1,0111,LLL Fault
-0.4743564860004779,-0.04881339041347953,0.029950103931994244,0.4724593703250871,-0.06351417423293475,-0.39409891333919767,1,0,0,1,1001,LG Fault
-0.5783418154815186,0.9884853822122278,-0.4235316238304657,0.05253605001854841,0.021274097899456834,-0.05945956344293593,1,1,1,1,1111,LLLG Fault
-0.9854956740980726,0.4830574444479028,-0.02726299163648151,-0.013573678716521341,0.47298070055397184,-0.4534529893734365,1,0,1,1,1011,LLG Fault
-0.9415623371348201,0.23599873637828608,-0.04312526271495664,-0.028326787262994556,0.5515665361488474,-0.5187378911689695,1,0,1,1,1011,LLG Fault
-0.08134963696339871,0.07989000237491635,-0.008020403961995463,-0.28833007874594646,-0.6574638276747564,0.9739282711823074,0,0,0,0,0000,No Fault
-0.577395374126664,-0.3908049807225139,-0.06992461411718207,-0.048070027499137205,0.5709004682346686,-0.5186431311675909,1,0,1,1,1011,LLG Fault
-0.473383008463666,0.024881657937168344,-0.06017405843496268,-0.4800432653121618,0.9545057703599189,-0.47640945634996146,1,0,0,1,1001,LG Fault
-0.4011128350135042,0.9866541067449729,-0.5974006072972131,0.06444895301187262,0.008842767793524716,-0.05873681766970899,1,1,1,1,1111,LLLG Fault
-0.039548766816068726,-0.005923463515586366,0.03180844783826075,0.878285355836255,-0.7062940074948808,-0.14602325178686867,0,0,0,0,0000,No Fault
0.06255501638021652,-0.4960488771375593,0.4332487880440945,0.5041347094998387,0.04261629971456079,-0.5340026908453397,0,1,1,0,0110,LL Fault
0.4641671349876321,0.5335893820654357,-0.9983666391112866,0.09056217000806882,-0.05038243756299498,-0.024570169645392576,0,1,1,1,0111,LLL Fault
0.9997834205960331,-0.47277308289518016,-0.5198353965103034,0.05457489392988274,-0.08472238685943599,0.046504117074796215,0,1,1,1,0111,LLL Fault
-0.07079242476767993,0.7649955685768185,-0.6997939734677899,-0.15447050438286128,-0.05491695322240044,0.22573269162819895,0,1,1,0,0110,LL Fault
0.05536884466944804,-0.7562194834074556,0.7014080009336292,0.23718315189282385,0.02213512545569573,-0.24547356322644037,0,1,1,0,0110,LL Fault
0.894965389416433,-0.057121197388032105,-0.8329744571802141,0.07717516412975216,-0.07866193536284867,0.0176684718851479,0,1,1,1,0111,LLL Fault
-0.5252151275259647,0.9931335580612359,-0.47849284589688096,0.0563818602951584,0.017563855738806457,-0.059534919954664645,0,1,1,1,0111,LLL Fault
0.5377405782671816,-0.9795501332296691,0.4465315670224401,-0.013708854550208358,-0.05054788584271628,0.08014588479147279,0,1,1,1,0111,LLL Fault
-0.9568839260335169,0.7264125166644702,0.21465403115035836,0.007856615722233638,0.04871156496769308,-0.04261981118735798,1,1,1,1,1111,LLLG Fault
0.009934239304317517,0.6229003175365284,-0.6369864910611368,0.7603005798868608,0.028961120341219428,-0.776933391877335,0,1,1,0,0110,LL Fault
-0.03710461137908572,0.8769892152292718,-0.8454310123343908,0.36771307179182977,-0.013235484512591926,-0.34030772066296017,0,1,1,0,0110,LL Fault
0.3631953135586893,0.6215611196503429,-0.988898151349158,0.09009020499829712,-0.043603951730817964,-0.03100407131697451,1,1,1,1,1111,LLLG Fault
-0.04516471599173899,-0.4188070685540028,0.4623321258697911,-0.8006118265158123,-0.07350619813154535,0.8925290523827629,0,1,1,0,0110,LL Fault
-0.012576555526587046,-0.8422467083450702,0.8543917493457638,-0.041235141127296183,-0.012371375777881338,0.06884417903139023,0,1,1,1,0111,LLL Fault
-0.2940175620295368,0.9731029679800263,0.04562373175414162,0.07018349003962954,-0.23763479325440928,0.18666829247913377,1,0,1,1,1011,LLG Fault
0.9531856957257476,-0.7284749424179952,-0.2171270480836135,0.03317300527993511,-0.08066724528361002,0.06383065171799432,0,1,1,1,0111,LLL Fault
0.35016440751839034,-0.9808405705507943,0.6315005664802785,-0.02510228125348901,-0.03777680078923543,0.07855608154278364,1,1,1,1,1111,LLLG Fault
0.044379088424032806,-0.8206054446268436,0.7767250074379713,0.0031341368868631515,0.009579705094307622,0.0019896343563752528,0,1,1,0,0110,LL Fault
0.9646473122201713,-0.3122842268378981,0.0008185901513513005,0.06519881024840245,-0.5546064973854213,0.5146529116114001,1,1,1,1,1111,LLLG Fault
-0.02946648539368226,-0.007708111279148387,0.02818772286665093,0.8820078643988624,-0.8136789029911339,-0.04033294165420863,0,0,0,0,0000,No Fault
-0.07543843733666711,0.048274054596464465,0.01758797802557175,0.2206085254283094,-0.9217664075114262,0.7329585098670048,0,0,0,0,0000,No Fault
0.45711479338926303,-0.014179332227974968,0.040465153780572846,0.527760107646822,-0.9887122984791246,0.49320890765482633,1,0,0,1,1001,LG Fault
0.3728322370813208,0.6040474403786599,0.05393022441977305,0.09027920743352857,-0.5486314968069115,0.48341763997330883,1,0,1,1,1011,LLG Fault
0.9896146698170244,0.06153312776084558,-0.005056149994750408,-0.042374596124822916,-0.4043307512100266,0.4693840574268827,1,0,0,1,1001,LG Fault
-0.8268109505862976,0.08877278946531064,0.7257725476415915,0.03646526284546817,0.027090317454182063,-0.049272761058277555,1,1,1,1,1111,LLLG Fault
-0.0958711552400474,0.0529891536127305,0.03255711829383231,0.7065814605055544,-0.1235844931178096,-0.5676314563935885,1,0,1,1,1011,LLG Fault
-0.06407579208037013,0.8290072698031067,-0.7705284312435463,-0.012355718026039603,-0.044665142609096875,0.07279478361049688,0,1,1,0,0110,LL Fault
0.060115444330788685,0.00773020364679951,-0.07649083517215215,0.25629497019090663,0.7107426531053138,-0.9663109545190884,0,0,0,0,0000,No Fault
-0.38591779334742593,0.985646535420315,-0.6091695319939422,0.0653088596554221,0.007812013262249836,-0.05854868940191088,0,1,1,1,0111,LLL Fault
0.8733965202356933,-0.7749760049814461,-0.0915134198354627,0.03705793272229213,-0.33727875377697514,0.32141652799191717,0,1,1,1,0111,LLL Fault
-0.012483219859427186,0.10376025489552315,-0.10039670644697658,-0.9796346183877613,0.6520044309191246,0.3327481626495221,0,0,0,0,0000,No Fault
0.012823526046170024,0.09296344812881188,-0.1149449830211126,-0.847080784391617,0.8865100115211718,-0.0391127759551843,0,0,0,0,0000,No Fault
0.3987043337795686,-0.9752763623827729,0.5777590030685181,-0.02275564108240189,-0.040836087358429696,0.07932055957708478,1,1,1,1,1111,LLLG Fault
-0.07267380971004929,0.7433264325177418,-0.6760901265439168,-0.1927885303628283,-0.057577842120591485,0.26686369022054895,0,1,1,0,0110,LL Fault
0.05699594639242877,-0.2642712794233755,0.20642303452941393,0.7803219771327629,0.014541022229619258,-0.7823141294490925,0,1,1,0,0110,LL Fault
-0.5916494178923837,0.013873691392012071,-0.05617042227775872,-0.4213367755496278,0.9251808969954438,-0.5053902294845047,1,0,0,1,1001,LG Fault
0.9613576941374196,-0.7079321321325436,-0.24823406499745243,0.03524391260364716,-0.08132230965245041,0.06242174763039595,1,1,1,1,1111,LLLG Fault
-0.06502161979608592,-0.10531226320399438,0.16741598726462606,-0.8010178523351925,-0.08307365052480337,0.9026851623944415,0,1,1,0,0110,LL Fault
-0.0006020043271284093,-0.7868179188343397,0.787287226046304,-0.5430888725288262,-0.0388637933006828,0.5990235620505977,0,1,1,0,0110,LL Fault
0.04561551363826885,0.05688154618862088,-0.11087920478200848,-0.4314862747375379,0.9968966593753776,-0.5682905006108822,0,0,0,0,0000,No Fault
0.01786371792554568,-0.8515685615201045,0.833982001018243,-0.361005792735838,-0.021000708040733868,0.39825568432439457,0,1,1,0,0110,LL Fault
-0.9988081180239632,0.5237282162435475,0.4618974545699148,-0.009726931009409943,0.05235560548438409,-0.028702840859939627,0,1,1,1,0111,LLL Fault
0.04803929278550566,0.04755421858822871,-0.10390813937085623,-0.39875621277028167,0.9877481857601622,-0.5917852540623669,0,0,0,0,0000,No Fault
0.031292622262833206,0.06991876368636536,-0.1097337070077442,-0.6729104650071293,0.9704085189296248,-0.2992354602115824,0,0,0,0,0000,No Fault
-0.03589448859107078,-0.002722095810023235,0.02955678637021529,0.8345249734696685,-0.859328055708846,0.053791249565877546,0,0,0,0,0000,No Fault
0.4774565175667942,0.08044366121690745,-0.058429825083039656,-0.5721399852041067,0.6333136317268959,-0.056781322868697776,1,0,0,1,1001,LG Fault
-0.2393254167065079,-0.05972303418897951,0.04376530859287751,0.6479526656408223,-0.8277554060099578,0.20868640359611532,1,0,0,1,1001,LG Fault
0.01948638511240682,0.5292337425712113,-0.5524861406312481,0.8045035544408419,0.03579657237327074,-0.8282187228862379,0,1,1,0,0110,LL Fault
0.7694994582542506,-0.9233399212102413,-0.03749725751386154,0.007768462718188792,-0.15185253359435466,0.16183868381454874,1,0,1,1,1011,LLG Fault
0.21677292778930327,-0.9503551964609703,0.7331725156041371,-0.031693096904293505,-0.028588024259189382,0.075801219692938,1,1,1,1,1111,LLLG Fault
0.03643324803107612,-0.029163285680678656,-0.015473010346023993,0.8792496593453623,-0.018513240618866042,-0.8478225679541039,0,0,0,0,0000,No Fault
0.5886898140002697,-0.5902485511470781,0.0055629024541734625,0.06928833271999757,-0.8155930398052276,0.7764917089578824,0,1,1,1,0111,LLL Fault
-0.051614453522142806,0.11620058537049191,-0.0744813867715871,-0.9275975387781921,0.15723159153421584,0.7847350309738903,0,0,0,0,0000,No Fault
0.047339330824146375,0.05029015624914041,-0.10622026194606128,-0.40037577033217825,0.9900917585872167,-0.592549450121931,0,0,0,0,0000,No Fault
-0.8426245429912199,-0.0391308234889947,0.869328349262522,-0.0396283934709705,0.04321320198494988,0.010593791693123798,1,1,1,1,1111,LLLG Fault
-0.05964353564402196,0.11156630846771569,-0.06158932179696991,-0.8564967951952436,0.0011468869636559985,0.8724924387546731,0,0,0,0,0000,No Fault
0.6996817123589171,0.08486296912988743,-0.04859893307456795,-0.4903615118580136,0.4025606594894849,0.09635525696340068,1,0,0,1,1001,LG Fault
0.9431263175180474,-0.7321315077647936,-0.09278940887880197,0.03276004905330417,-0.20671533073579682,0.1926847429199181,1,1,1,1,1111,LLLG Fault
-0.07305158827807405,0.07104055600682611,-0.0014163611356203896,-0.7528652117173507,-0.08475992415766577,0.8561231324906956,0,1,1,0,0110,LL Fault
0.18914927811695179,0.06854689169480574,-0.06490302579576875,-0.6076377498759958,0.8285583685637056,-0.22013925111317328,1,0,0,1,1001,LG Fault
0.05211773464977043,-0.7631733338293654,0.7113681843698568,0.14631217500913718,0.020128273327432507,-0.15231673663533088,0,1,1,0,0110,LL Fault
0.023398653848296657,-0.03024219612153787,-0.0014725876041029769,0.9605343321294607,-0.23148395351016615,-0.7123105816050253,0,0,0,0,0000,No Fault
-0.21485165930978017,-0.7224210684212564,0.934728656338173,-0.0463463263423798,0.001432321576247026,0.059903271303775034,0,1,1,1,0111,LLL Fault
-0.05203866348531479,-0.31681203783354056,0.36660874038394475,-0.81358660966575,-0.07740855435913166,0.909514641642516,0,1,1,0,0110,LL Fault
0.9702198839194016,-0.6850357635779558,-0.2775915894770026,0.03736984709779142,-0.08198282110466042,0.06096322423396305,0,1,1,1,0111,LLL Fault
0.17290555672261604,-0.9360391162770852,0.7646801284274944,-0.03216799097322837,-0.02590807866053474,0.07354657278163357,0,1,1,1,0111,LLL Fault
-0.05051230518938937,0.1118926312520103,-0.07084075777922394,-0.9250474136929343,0.15354144500080366,0.7859383194130721,0,0,0,0,0000,No Fault
0.9947887820036357,-0.55053925211006,-0.43927551804417986,0.04845248269755955,-0.08407648025791248,0.05198459785059426,1,1,1,1,1111,LLLG Fault
0.05009067715655591,-0.02101501556561844,-0.0373101246973057,0.7015056345111376,0.27217007858540027,-0.9658067919342295,0,0,0,0,0000,No Fault
-0.8354497872518476,-0.014451204910254516,-0.04199466516041349,-0.23444495029053153,0.7672940428548021,-0.5318945372302882,1,0,0,1,1001,LG Fault
-0.5899525466823231,-0.07158388275561546,0.03379515746225606,0.579087728340627,-0.5554548037526025,0.0002659920461210441,1,0,0,1,1001,LG Fault
-0.07545346515966139,0.1539858065352138,-0.08234612233486775,-0.7195068114649996,-0.08431866185674747,0.8222266607867406,0,1,1,0,0110,LL Fault
0.793582710782589,0.10153483139330298,0.039281387576061165,0.08340955225777508,-0.6248545944504468,0.5679750516799714,1,0,1,1,1011,LLG Fault
0.6123397242563058,0.35859202992524836,0.04859955550422954,0.089358851324173,-0.6101167595185489,0.5469924738213646,1,0,1,1,1011,LLG Fault
0.06264835089888716,-0.48483890473910035,0.4219135205374095,0.5146175244371337,0.04316591301577975,-0.5450733389206489,0,1,1,0,0110,LL Fault
-0.8621789366718933,0.09400345992452418,0.7555652746267429,-0.03994896016553622,0.04615762241491119,0.007914912965533512,1,1,1,1,1111,LLLG Fault
0.3554669857963071,-0.027111566887643553,0.03687760826595228,0.5679412931944715,-0.9956740140978754,0.46001501970591596,1,0,1,1,1011,LLG Fault
-0.03203451140519391,0.10924661438330799,-0.08638396377007418,-0.9909295326576493,0.4176995687043566,0.5828241760716945,0,0,0,0,0000,No Fault
-0.05143850425244111,0.11179997874919738,-0.06982925148269362,-0.9191117895995525,0.13827623012431633,0.7955418545808084,0,0,0,0,0000,No Fault
-0.9019344587650051,-0.06949162509569656,0.011622510423982033,0.36987197752578466,-0.09425398980590644,-0.25991639335269023,1,0,0,1,1001,LG Fault
-0.016538951871180305,0.8085774562821352,-0.7971497060687235,0.5732639906891246,0.006777391075225295,-0.56679624062673,0,1,1,0,0110,LL Fault
-0.7500311698387739,-0.07311228175358521,0.025154539287045766,0.5021727661373028,-0.36383879378128753,-0.11786734545164387,1,0,0,1,1001,LG Fault
-0.6632740668199765,-0.0008217479978361898,-0.05108920577752107,-0.3334726333130215,0.8639243713286798,-0.5310683528998887,1,0,0,1,1001,LG Fault
0.057641584192658316,0.03253657560957113,-0.09790951363895435,-0.10136152726723294,0.9127114259780625,-0.8135076886138105,0,0,0,0,0000,No Fault
-0.061831728478754344,-0.018657477715182197,0.019985006943673278,0.6840789264808379,-0.860697968047514,0.20603206491551831,0,0,0,0,0000,No Fault
-0.007890505058297106,-0.018037460269140132,0.016890282586876134,0.980165723749867,-0.6086896398583719,-0.34763028138342267,0,0,0,0,0000,No Fault
0.04124276275627425,0.060485007436547805,-0.11053869134427793,-0.5124923267304712,0.9972658343988798,-0.48744586840486526,0,0,0,0,0000,No Fault
-0.6615618917651754,-0.2883842149377469,-0.06685734822137215,-0.046569040094133554,0.5853105379518416,-0.5348316190702558,1,0,1,1,1011,LLG Fault
-0.06033443106308371,0.8502060856656585,-0.7954898862038874,0.05286060654889728,-0.03968565558309185,0.002331577369737674,0,1,1,0,0110,LL Fault
-0.5846671046320224,-0.39815734450923895,0.9759993453514784,-0.0480947773089891,0.026320797985673758,0.03629558449666399,0,1,1,1,0111,LLL Fault
0.9677095712651861,-0.32703647100464467,-0.0008813374558820815,0.06434966103101025,-0.5495586337659476,0.5103606591854687,1,1,1,1,1111,LLLG Fault
0.4488908635965058,-0.9864160312170619,-0.05920056915371705,-0.01922198200583891,0.10462454554205465,-0.07244343649230943,1,0,1,1,1011,LLG Fault
0.05843026972591376,-0.13230609330876747,0.07240210444143241,0.7497749391771862,0.05223234378112218,-0.790092677947741,0,1,1,0,0110,LL Fault
-0.07569407639503946,0.10425011338066688,-0.038608687316717044,-0.6224337335332961,-0.3420682628471696,0.987537018387572,0,0,0,0,0000,No Fault
-0.715214965783416,-0.23731249389679845,0.9441650829210183,-0.04536904188775058,0.034956546673232315,0.02476299749214072,0,1,1,1,0111,LLL Fault
-0.06544795274607541,0.11078890570267574,-0.05518956771706887,-0.7961273267478342,-0.10514839281195723,0.9202753153841471,0,0,0,0,0000,No Fault
-0.27571269770058704,-0.679216418644499,0.9516388383846057,-0.047364282123850465,0.00555998412477815,0.05671793626700318,0,1,1,1,0111,LLL Fault
0.060168046402440105,0.015976320817051276,-0.08466709745347799,0.10349803827989401,0.8094923436513858,-0.9137325500274115,0,0,0,0,0000,No Fault
0.9761230112721923,-0.30094312048843974,-0.671151512859316,0.06519882176070685,-0.08358849861745747,0.03469661789351027,1,1,1,1,1111,LLLG Fault
-0.7621736213598543,0.9405492151704079,0.01832131466755095,0.035077461128126576,0.11038194436406495,-0.13275349428061603,1,0,1,1,1011,LLG Fault
-0.08306908786687536,0.07636088892324168,-0.003442247103377762,-0.124277543795353,-0.7644360103189346,0.9184429495516206,0,0,0,0,0000,No Fault
-0.7152494740406644,-0.2373347305484166,0.9441332226809468,-0.04536973755985951,0.03495709202887568,0.024763137655021677,0,1,1,1,0111,LLL Fault
-0.0805328075100002,0.09043961227873538,-0.019673680760271997,-0.4214219221976085,-0.5476062670357744,0.995430691729715,0,0,0,0,0000,No Fault
-0.06905878321749385,0.7847969464428995,-0.72136866211376,-0.1159791442139555,-0.05221458169346177,0.1843856327793384,0,1,1,0,0110,LL Fault
-0.05177939121073211,0.8844480804268778,-0.8412040459939188,0.08083593713769012,-0.015341460288400766,-0.05052408414125152,1,1,1,1,1111,LLLG Fault
-0.5520270795134603,-0.44951057775681774,0.9953349044793478,-0.038169347035522466,0.02142629096233902,0.031331227970883536,0,1,1,1,0111,LLL Fault
-0.4175194613496642,-0.5545916637953676,-0.07348435840864039,-0.04869958444388382,0.5298437003686666,-0.47617602249211227,1,0,1,1,1011,LLG Fault
-0.014691277347790473,-0.018301769748327777,0.024300836504520883,0.958355113756694,-0.6913392520964711,-0.24154383302274618,0,0,0,0,0000,No Fault
-0.43751475935799056,0.9971874425152694,0.03976368053900294,0.06187835904938604,-0.14611053095510682,0.10173436699676404,1,0,1,1,1011,LLG Fault
-0.05765024289694367,0.8604841316178643,-0.8085621223535191,0.09211577193342477,-0.03659952521742253,-0.0401723545680314,0,1,1,0,0110,LL Fault
0.37051267265845816,-0.9705095058181934,0.6031680529812647,-0.02442854172905798,-0.03884143695583695,0.07896539343263519,0,1,1,1,0111,LLL Fault
-0.24149670326015377,0.04338269259029454,-0.06478294485890435,-0.5591012298232156,0.9586816653267006,-0.4013970346001462,1,0,0,1,1001,LG Fault
0.5162334893276633,-0.9880931697012502,-0.05574140217748665,-0.0146298306793868,0.05739132239923157,-0.028918218440771228,1,0,1,1,1011,LLG Fault
0.04295892983972998,-0.023928375115499365,-0.027454823393535083,0.8026757968538141,0.12222862247325858,-0.9144583480534934,0,0,0,0,0000,No Fault
0.0019161885580335053,0.10084483212881874,-0.11209454136085163,-0.9196764927997513,0.8041984906531693,0.1175489036309808,0,0,0,0,0000,No Fault
0.05186698668588885,0.0451437954483593,-0.09908399050102429,0.8131084872177375,0.05203669542123343,-0.8533947729681766,0,1,1,0,0110,LL Fault
0.9212550601727881,-0.768668715558916,-0.018029836662181355,0.029550627451796607,-0.3287674529816595,0.32027092070068763,1,0,1,1,1011,LLG Fault
0.16704093427907574,0.7651995918998413,-0.9385200233377121,0.08711427431007956,-0.030308380192362924,-0.04156812786714653,1,1,1,1,1111,LLLG Fault
-0.971109710634532,-0.06250262385247024,-0.00015402051786674378,0.24718356016025333,0.12084483674013782,-0.3560833629221984,1,0,0,1,1001,LG Fault
-0.16016544611436076,0.9293239532585558,-0.7764785248437013,0.07660067876004045,-0.007848700970827457,-0.05391254157613394,0,1,1,1,0111,LLL Fault
-0.039152384475043225,0.8797795786266626,-0.8462049574462835,0.3439161781353824,-0.015387996763879017,-0.31425437626832403,0,1,1,0,0110,LL Fault
-0.08140831093696109,0.0669563626807006,0.004346293245378698,0.016319713619652593,-0.8397459657678368,0.8542120215026715,0,0,0,0,0000,No Fault
-0.02434060769635832,-0.010112464775235135,0.025384240901949982,0.914771578476504,-0.7687889354952284,-0.11892534104842367,0,0,0,0,0000,No Fault
-0.06621141548948282,0.0338016515806458,0.022545086018518172,0.46656787124986765,-0.961214615732878,0.5265438835597099,0,0,0,0,0000,No Fault
0.6084199480069984,-0.9823712503796511,0.3793795812759431,-0.00808009915376736,-0.05578199246006336,0.07983563672793285,0,1,1,1,0111,LLL Fault
-0.03607001655966342,0.875273284711724,-0.844732922727599,0.37948249035691767,-0.012160133806777645,-0.3532040990951139,0,1,1,0,0110,LL Fault
-0.06395686383018538,0.030521551961487748,0.023601113417711393,0.5074514866291358,-0.9616467930884495,0.4859922556561914,0,0,0,0,0000,No Fault
-0.08084851583197501,0.06480500437473502,0.005949710493241354,0.04760945144765018,-0.8542012919120789,0.837568967238331,0,0,0,0,0000,No Fault
0.2520435935447887,0.07231449562583483,-0.06360939742754301,-0.6052095137805289,0.7868780811880801,-0.18010269046665245,1,0,0,1,1001,LG Fault
-0.9593470670935533,0.2377456703365158,0.7073001949028714,-0.027581689542027978,0.05049379530153118,-0.008903605438066713,1,1,1,1,1111,LLLG Fault
-0.5260827200100667,0.9923654744824564,-0.47923414785663604,0.05635979943069211,0.01759602201216881,-0.059545577280542744,1,1,1,1,1111,LLLG Fault
0.05368045671386033,-0.017579378777376028,-0.04033406227144249,0.719585678973236,0.24735206147778954,-0.9586457928442106,0,0,0,0,0000,No Fault
-0.49224187414259435,-0.49451296346647833,0.9810257199373348,-0.04876229525519768,0.02015053419458411,0.04325222610624479,0,1,1,1,0111,LLL Fault
-0.6760165484480231,0.969393610638884,-0.3075448386511974,0.044502018995465145,0.028196070523414295,-0.05845756044363662,1,1,1,1,1111,LLLG Fault
0.5769789958085972,-0.0032000710646939243,0.03657157060648966,0.470136861588644,-0.961517258986156,0.5232738159389607,1,0,0,1,1001,LG Fault
0.2958544154220715,-0.957281348932683,0.6616733201703172,-0.02845351964370931,-0.03367594481706128,0.07773752866900854,1,1,1,1,1111,LLLG Fault
-0.9708163707789134,0.2835331304806024,0.6750044946798491,-0.025158851072711236,0.05118052428127268,-0.012032626327219416,0,1,1,1,0111,LLL Fault
-0.13768491140234818,-0.7724213819976591,0.9082936059901758,-0.04470212915983063,-0.0038216702937577205,0.06360840945394589,0,1,1,1,0111,LLL Fault
0.05715418465862237,-0.09161719993350556,0.032854476668128275,0.7672169569277271,0.05244062918023648,-0.8077931754022128,0,1,1,0,0110,LL Fault
-0.8426180383146118,-0.03914036504847437,0.8693315038848742,-0.03962746097431384,0.04321247700178007,0.010593595465090455,1,1,1,1,1111,LLLG Fault
-0.9540458894976978,0.22349554769169458,0.7186037379967715,-0.02835153707284644,0.05020110438417803,-0.007833470086820806,0,1,1,1,0111,LLL Fault
0.04797962522182837,-0.7973977190447157,0.7498906452638304,0.06832773617290819,0.014488462568073956,-0.06837871294450111,0,1,1,0,0110,LL Fault
0.3933153016202435,0.5974770066321745,-0.9922135168899817,0.09034820560766146,-0.04561806663690733,-0.029210420121143936,0,1,1,1,0111,LLL Fault
-0.5369831953045923,-0.45512297639668786,-0.06971049579204408,-0.04413047581700209,0.5682901210203158,-0.5199332430911389,1,0,1,1,1011,LLG Fault
0.04214561865188503,-0.02735531888158904,-0.022947717858028717,0.8224063159935913,0.08920118076552429,-0.9005869900254891,0,0,0,0,0000,No Fault
-0.9636689161879055,0.25280184635439357,0.6964813093434217,-0.026790718577244625,0.05074802327250026,-0.009955724087696658,1,1,1,1,1111,LLLG Fault
0.6139100898325693,0.0005079160988055746,0.03505930634464195,0.4488391708058493,-0.9482223525550285,0.531080774629092,1,0,0,1,1001,LG Fault
-0.07977804950087858,0.09506069173034026,-0.02519552931732468,-0.4781666215467935,-0.4948420566675666,0.9985603392293944,0,0,0,0,0000,No Fault
0.9499189091788433,-0.2526308637481271,0.006439533588712021,0.06848392196213099,-0.5721994519743795,0.5292858998937595,1,1,1,1,1111,LLLG Fault
-0.06004899558268398,0.8502604717536798,-0.795936167710914,0.05307149551941407,-0.03965681484636781,0.002090741262798729,0,1,1,0,0110,LL Fault
-0.9814003805511747,0.42735058395750586,-0.03114876288124356,-0.01730690030068332,0.49484024259137616,-0.4719842322233518,1,0,1,1,1011,LLG Fault
-0.0017191564753822831,-0.7811821039202331,0.7827386689927436,-0.5526812107205364,-0.03987615138402372,0.6096729002934455,0,1,1,0,0110,LL Fault
-0.7918035349474949,0.9191423953869062,-0.1400661651325956,0.03289740235713831,0.0365214406461955,-0.055305533054305814,0,1,1,1,0111,LLL Fault
0.3285347803196458,-0.024754416562061777,0.04335338058594028,0.5752969879944371,-0.996500546695972,0.45348204101622186,1,0,0,1,1001,LG Fault
0.12666926343994703,-0.9195213323116562,0.793949981212489,-0.03498115576794925,-0.022550817535484123,0.07294622548093531,0,1,1,1,0111,LLL Fault
0.00867006708939031,0.09120326736272238,-0.10877787302117738,-0.8826020933706255,0.8428635649342208,0.04097740893188284,0,0,0,0,0000,No Fault
-0.17849064458033784,-0.05682892595957455,0.04462102771578258,0.6501741177245995,-0.8606948965786384,0.24002362971381627,1,0,0,1,1001,LG Fault
-0.0801120100292914,0.4369527583213911,-0.36155501553944874,-0.5447667267556054,-0.07823947569463133,0.6408287605901107,0,1,1,0,0110,LL Fault
-0.24149917635531443,0.0433825982115477,-0.06478303378543233,-0.5591013646816386,0.9586816766545625,-0.4013969109270159,1,0,0,1,1001,LG Fault
-0.867041312263151,0.007370304926199026,0.8468878449314338,-0.03793290403846048,0.04477391274029262,0.007303479605438935,1,1,1,1,1111,LLLG Fault
0.0009742064668588533,0.09641060560377086,-0.10636959920632673,-0.928044252370563,0.7803019659927726,0.15028884523284203,0,0,0,0,0000,No Fault
0.004760081334133574,-0.024205116380399808,0.010679601255458977,0.9952193083751075,-0.4709027175435009,-0.5031254149929181,0,0,0,0,0000,No Fault
0.6499053244280137,0.0042304943606825945,0.03344938784473965,0.4266182935314309,-0.9328578845697153,0.5377045293963955,1,0,0,1,1001,LG Fault
-0.06314677442585781,0.11518602956052669,-0.062126278742788886,-0.834133088049325,-0.04120110991136554,0.8932210563137578,0,0,0,0,0000,No Fault
0.05822882413150392,-0.27701694462787946,0.21798561639678593,0.741568350223404,0.055167216441659644,-0.7848548982696861,0,1,1,0,0110,LL Fault
0.42725558653172113,-0.9782471490540465,0.5524332746788878,-0.021027807008363743,-0.042830410871289616,0.07962031356327857,1,1,1,1,1111,LLLG Fault
0.054944573415838346,-0.036849137763664455,-0.019782837457007613,0.7876474504890553,0.05248007441408502,-0.8283180274629097,0,1,1,0,0110,LL Fault
-0.9751759544130343,0.2975462325436614,0.6630042992604698,-0.02434381445788053,0.051408342151055775,-0.013081966453856234,1,1,1,1,1111,LLLG Fault
-0.012787689249164682,-0.018152581505020908,0.0221345783929308,0.9656949561134963,-0.6684267626278124,-0.2722504234656612,0,0,0,0,0000,No Fault
-0.12895803207430928,0.9176977517062919,-0.7956649175936868,0.07790412324456042,-0.010005132662376338,-0.05302209009135214,0,1,1,1,0111,LLL Fault
0.05867682827021046,-0.00647913281033591,-0.060531506879305585,0.4477638557899974,0.5530726903023958,-0.9976254676541738,0,0,0,0,0000,No Fault
0.06019406643144345,0.011532575677015955,-0.08038165349888542,0.1953748698685087,0.7529541977908745,-0.9482419177323486,0,0,0,0,0000,No Fault
-0.640580721353762,0.35815609429247985,-0.00509424781942582,0.030573487474943033,0.2981014885960483,-0.31951938712068656,1,0,1,1,1011,LLG Fault
-0.09089777044645168,-0.8000924284426629,0.8897540373479882,-0.043520424005144276,-0.007012588237986802,0.06567504022775696,0,1,1,1,0111,LLL Fault
0.39901394544381197,0.07822675904974465,-0.060417475288581025,-0.5873254547885899,0.6889538470932122,-0.09825166898764981,1,0,0,1,1001,LG Fault
-0.9064152758344453,0.8142175090790339,0.07653806610763113,0.01763301428135658,0.04487838152044958,-0.04851620470021319,1,1,1,1,1111,LLLG Fault
-0.9460454012188686,0.25116218633194365,-0.042246751840598666,-0.027546343478280437,0.5480161592502043,-0.5159026533272817,1,0,1,1,1011,LLG Fault
0.05943879025700019,0.021172154972568996,-0.08875215814660298,-0.03467104389039651,0.8793151733566767,-0.8463449824058606,0,0,0,0,0000,No Fault
-0.8747484546952269,0.022864478358101906,0.8389858643606484,-0.0373375189024123,0.04526353206594371,0.006207605402323761,1,1,1,1,1111,LLLG Fault
-0.010931841819988882,0.7784538829172507,-0.7724804479897526,0.6198073410759826,0.01177791394101687,-0.6185583991607547,0,1,1,0,0110,LL Fault
-0.9500155162248113,0.20749495479028585,0.7283947260217067,-0.02913049905952237,0.049938456575189916,-0.006784812635863013,1,1,1,1,1111,LLLG Fault
0.09705998569383066,-0.892446374792447,0.7959656369648799,-0.03739637802559584,-0.01990391207383401,0.07267071637519727,0,1,1,1,0111,LLL Fault
0.05950331550046262,0.019530395883224742,-0.08771689483954193,0.07143137449848493,0.8285237975470612,-0.9009734751534453,0,0,0,0,0000,No Fault
-0.038728812940742645,0.0019191400182668912,0.027434132919343976,0.8153176441604124,-0.870363843379138,0.0842947093658066,0,0,0,0,0000,No Fault
-0.8117853405815054,-0.024197495173703076,-0.032453716275352026,-0.13338646058979547,0.6653941742111529,-0.5293873778195735,1,0,0,1,1001,LG Fault
0.9655746085086631,-0.3289004983995215,0.016723558996855854,0.06438644284357836,-0.5559436171817835,0.5168299280743542,1,0,1,1,1011,LLG Fault
-0.056128740766063695,0.019392483721679156,0.027149738755246254,0.6238566033744649,-0.9512154455715934,0.3586492307923343,0,0,0,0,0000,No Fault
-0.5773920877067167,-0.3908110273078528,-0.06992471000317746,-0.048069483131600435,0.5709001073613497,-0.5186433092568984,1,0,1,1,1011,LLG Fault
-0.04671052312716126,0.11208870729915019,-0.07480785247392309,-0.9464936576071324,0.21422082257028996,0.7456105580140461,0,0,0,0,0000,No Fault
-0.8092170913945765,-0.0108295484722034,-0.04412342642367501,-0.26126510500782757,0.7942049018913327,-0.5324248129843575,1,0,0,1,1001,LG Fault
-0.7092857853599494,-0.0072484678682795955,-0.048151767849662984,-0.29310271669160154,0.8272778605669628,-0.5342033628664961,1,0,0,1,1001,LG Fault
0.05550620769742072,-0.014560483143171432,-0.045611780813260165,0.663015118029683,0.32147116572137097,-0.9774508809840181,0,0,0,0,0000,No Fault
-0.07022971739475646,0.7717843174128116,-0.7071593871703443,-0.1416776797824752,-0.05402546019036945,0.21199754223893558,0,1,1,0,0110,LL Fault
0.06272524113207975,-0.5073198252670116,0.44427679002161136,0.4937529873967379,0.04205293277057347,-0.5230193873305187,0,1,1,0,0110,LL Fault
-0.05105043704108578,0.014799981727859006,0.026580879588413958,0.6931401428642934,-0.9313057198771398,0.2688944656804356,0,0,0,0,0000,No Fault
-0.9522471504602595,-0.03495764518151542,-0.02790958305599952,-0.06378559923062803,0.5716579704598309,-0.5036577701045507,1,0,0,1,1001,LG Fault
-0.024735630388942796,-0.012150665387998139,0.028085534070494654,0.9101405073380946,-0.7802988896690989,-0.10255361738699355,0,0,0,0,0000,No Fault
-0.8343099831570937,-0.07208079940360386,0.018674706952736982,0.440204564242047,-0.23119251836723215,-0.19089829939411873,1,0,0,1,1001,LG Fault
0.06016162834859566,0.008667191647142608,-0.07747619248584142,0.24115149584827128,0.7215584358940902,-0.9621483626518943,0,0,0,0,0000,No Fault
-0.015704599547205232,0.8030478150004495,-0.7923195471104237,0.582638012829363,0.00777963014124294,-0.5772163713348331,0,1,1,0,0110,LL Fault
0.21910997151702008,0.07001300045173629,-0.06451464034466288,-0.6068612383655428,0.8124974830400847,-0.20455215596140097,1,0,0,1,1001,LG Fault
-0.8437951497699308,-0.01564905822242294,-0.041269377876542085,-0.22537650253529595,0.7579342285542569,-0.5314495975850719,1,0,0,1,1001,LG Fault
0.049611864014940686,0.04557796940037868,-0.1036139579093806,-0.35610636649256106,0.9826970046953801,-0.6294011390936748,0,0,0,0,0000,No Fault
0.04119376926935698,0.05872254699025902,-0.10845022335765972,-0.5241866258647134,0.9944862958555383,-0.4728882811565617,0,0,0,0,0000,No Fault
-0.8485504582463111,-0.05651015303933021,-0.01499891618370521,0.09788103036778897,0.31489221370575843,-0.40411472855191166,1,0,0,1,1001,LG Fault
-0.045181387420347864,-0.02075958339738656,0.017220233122042954,0.6571690728214771,-0.8821599749496953,0.2548825424215555,0,0,0,0,0000,No Fault
-0.0791687641195698,0.5820238911223338,-0.5078830897352973,-0.4089026348836863,-0.07117481732056545,0.4974057487342265,0,1,1,0,0110,LL Fault
-0.9827877524590263,0.4414419300011776,-0.0301845337709523,-0.01638715927730585,0.48956114817911667,-0.4675271383555622,1,0,1,1,1011,LLG Fault
-0.024381150925259366,0.11102812331620344,-0.0961584197090601,-0.997830369732186,0.5300317072764843,0.4752794978321475,0,0,0,0,0000,No Fault
-0.0779699114244747,0.05561238155550708,0.012457474588355492,0.15743607728634593,-0.8992404149855772,0.7733449813744269,0,0,0,0,0000,No Fault
0.5110154365770848,-0.9804994259015847,0.4738920779326187,-0.015591451821568056,-0.04867095620058761,0.08012092425583661,0,1,1,1,0111,LLL Fault
0.9754614641948074,-0.3870174331367641,0.012968354757208648,0.060884626800994525,-0.5371383693629511,0.5011789219468148,1,0,1,1,1011,LLG Fault
-0.023630350885757302,-0.012888638325803538,0.027730367883186786,0.9164149549962107,-0.7711669741516368,-0.11814990722375676,0,0,0,0,0000,No Fault
0.537034409558166,0.44456318597765443,0.05092293477701975,0.09027961858725726,-0.5946952266191351,0.530355085435365,1,0,1,1,1011,LLG Fault
-0.0482902379481489,0.11069622562804143,-0.07171713384535958,-0.9354455803005677,0.18282619993277252,0.7665235755082955,0,0,0,0,0000,No Fault
0.4350757250411561,-0.9853454369424999,-0.059856686784119865,-0.020111621642431937,0.11399115170501894,-0.08109579172138207,1,0,1,1,1011,LLG Fault
0.46856099277258956,-0.005998128600047562,0.030570766494047753,0.5095731911737194,-0.9658932638721994,0.48819198015483584,1,0,1,1,1011,LLG Fault
-0.01732988895195928,0.10711492927573232,-0.09908805434809523,-0.9899952302138166,0.6051555168234736,0.3908741859369763,0,0,0,0,0000,No Fault
0.9705236136459181,-0.34171566459135205,-0.0027441594342541755,0.06348977741206957,-0.5441892223097364,0.5057515182733899,1,1,1,1,1111,LLLG Fault
-0.030577467190987917,0.11146979121778114,-0.09031885076684759,-0.9951203568295324,0.4478858968472957,0.5562669510669362,0,0,0,0,0000,No Fault
-0.08266688235776246,0.09063747508715075,-0.018162650156479103,-0.35187699254707633,-0.6050695901351908,0.9842551622440465,0,0,0,0,0000,No Fault
0.19788273017184493,0.7450202436868012,-0.9488539100013954,0.08775580076217564,-0.03240679542940088,-0.040073117599337425,1,1,1,1,1111,LLLG Fault
0.9874459955111191,0.05973853706000836,-0.0033080130316099025,-0.022671241089592474,-0.4324210704774757,0.4782518413550142,1,0,0,1,1001,LG Fault
0.4638164826946648,0.5340355916649122,-0.9985565345114044,0.09051590699051724,-0.05034574499961932,-0.024561172837410078,0,1,1,1,0111,LLL Fault
0.8454702384579064,0.0068379014515742974,0.03510881077338222,0.08034808679245695,-0.6197956570367074,0.5658896967942393,1,0,1,1,1011,LLG Fault
-0.6196195364631643,0.9898813186169179,0.029537268291714137,0.04860599598754589,-0.013117860848088097,-0.02047449153756825,1,0,1,1,1011,LLG Fault
0.11018959750847186,-0.9010172466264633,-0.07092900598888725,-0.036764576181490614,0.30795325738008855,-0.26204152151711324,1,0,1,1,1011,LLG Fault
0.05522671515128093,-0.03702733338407886,-0.019991288481628594,0.7878695195517623,0.052481786539517294,-0.8285424298842999,0,1,1,0,0110,LL Fault
-0.8079596320414035,-0.03598777098224331,-0.004903327787344036,0.09259407364446295,0.4002845392260109,-0.48582652871472043,1,0,0,1,1001,LG Fault
-0.7807647092068807,0.2609386716946199,0.5075336610405068,0.07398173147444567,0.014356486502380278,-0.07391321579257086,1,1,1,1,1111,LLLG Fault
-0.9921029072878801,-0.04962674767150865,-0.015036838174802936,0.0841667411875948,0.3721941924480398,-0.44875345164801467,1,0,0,1,1001,LG Fault
-0.06958727572920564,0.1082499209242145,-0.04853675541084971,-0.7359855124753822,-0.1961908455373441,0.9527441770273086,0,0,0,0,0000,No Fault
-0.4296641245037466,0.989624947263969,-0.5720748968385776,0.06272111564860464,0.010837094542916648,-0.05903657000692772,1,1,1,1,1111,LLLG Fault
0.010894910095652341,0.8546677753447243,0.053120935848767536,0.08297734581356714,-0.4021962874794826,0.34152481761937925,1,0,1,1,1011,LLG Fault
0.4569622195373931,0.5266236352069549,0.05270509946769229,0.09058756121773745,-0.5741394470609517,0.5091004695635428,1,0,1,1,1011,LLG Fault
-0.03875795601258219,0.11582147186543035,-0.08685180405972148,-0.9835384144970352,0.35119762312261127,0.6431773842396356,0,0,0,0,0000,No Fault
0.8573409139125188,0.02993396960172782,0.01970201474803499,0.2488498395872627,-0.7707805726865217,0.5507913017880937,1,0,0,1,1001,LG Fault
0.3020494339063021,-0.9780616883368944,-0.06569251470441144,-0.026359201226685967,0.204276686399271,-0.16683048917934593,1,0,1,1,1011,LLG Fault
0.8654085096816616,0.004856369955198353,-0.8658450407904019,0.07963813120298849,-0.07679142861849003,0.013292970952802144,0,1,1,1,0111,LLL Fault
0.044171714217565994,0.05908233658096478,-0.11168531534192022,-0.4595462289867685,0.9988629933594315,-0.5421598027957074,0,0,0,0,0000,No Fault
0.7596447833260694,0.016622442894930842,0.02740940245751207,0.3463739811177865,-0.8671674200939632,0.5512245436041625,1,0,0,1,1001,LG Fault
0.9655745172851602,-0.32890031685896326,0.016723553964970404,0.06438642804204414,-0.5559436026173895,0.5168299297233293,1,0,1,1,1011,LLG Fault
0.3264469677926898,-0.9627666546585222,0.6391762275243895,-0.026871319509600998,-0.035771676969064525,0.0782866340694033,0,1,1,1,0111,LLL Fault
0.021691639364700647,-0.8733818300575871,0.852191129889274,-0.3130866841466591,-0.018484508305964265,0.3476455855210486,0,1,1,0,0110,LL Fault
-0.9987109205686331,0.4553052055801855,0.5280817872266038,-0.014555058262288256,0.05253998585808668,-0.02404979103969411,1,1,1,1,1111,LLLG Fault
0.025117662764293728,0.08053170618683639,-0.11479914900656839,-0.7318036202071009,0.9556200808197804,-0.2251170979040023,0,0,0,0,0000,No Fault
-0.07618152121301003,0.1036190784895075,-0.03749204980379635,-0.6101008567414998,-0.3563543944258911,0.9897286761001735,0,0,0,0,0000,No Fault
0.2665405076218923,-0.9491359895104592,0.6848951531487366,-0.02996276301558496,-0.03161152125743824,0.07714717250826006,0,1,1,1,0111,LLL Fault
-0.08295456478494649,0.07534173302076244,-0.002533347023117513,-0.10872374460995032,-0.7736059308135015,0.9121918499583602,0,0,0,0,0000,No Fault
-0.07695094628838875,0.6601847914022501,-0.5884707651659717,-0.31603446067215124,-0.0656136672351314,0.39862468372070725,0,1,1,0,0110,LL Fault
0.14302178553483444,-0.9114854682113417,0.767252440598633,-0.03554455149929089,-0.023099008380885532,0.07406970682467418,1,1,1,1,1111,LLLG Fault
-0.0180240919181959,-0.012788738031257584,0.02166831916876171,0.946752485457799,-0.7087556376817281,-0.21216355445309323,0,0,0,0,0000,No Fault
-0.3519719755665939,0.17868695926505615,0.16519640611720107,0.4701160243176742,-0.09373623207097705,-0.3609537872320854,1,1,1,1,1111,LLLG Fault
-0.05029680902778024,0.11478457653458785,-0.07422501986204963,-0.9324221745136065,0.1711850448426243,0.7753542179219479,0,0,0,0,0000,No Fault
-0.08259025975872758,0.08120812491047029,-0.008505777528142425,-0.24552250731944292,-0.686908598367471,0.9610107413469295,0,0,0,0,0000,No Fault
-0.5391296128844544,-0.4333060476663989,-0.07101966810270904,-0.04845878815114252,0.5625411209988666,-0.5097353612429845,1,0,1,1,1011,LLG Fault
0.05015762720437305,-0.8722137369963576,0.8222571595604874,-0.03913052084244692,-0.016676201233737017,0.07112049512409091,0,1,1,1,0111,LLL Fault
0.008750687294487159,-0.02791030237755395,0.010705800658016393,0.9955726966495267,-0.4326505988544251,-0.5424577511541994,0,0,0,0,0000,No Fault
0.03144271250679682,-0.024074754686177733,-0.016179862689953473,0.903604069234831,-0.07505305329336148,-0.8146288036783239,0,0,0,0,0000,No Fault
-0.7250930806302106,-0.009634689897771036,-0.04483754911924086,-0.25871408689667114,0.8027781677102094,-0.5437185508969012,1,0,0,1,1001,LG Fault
0.9847419283194074,-0.34480169075123307,-0.6356998070198355,0.06261938470382372,-0.08404900857422785,0.03775214231481333,1,1,1,1,1111,LLLG Fault
-0.0165252864208977,-0.014900089892488654,0.022441188824405933,0.9522852709955054,-0.6995769251479611,-0.22706390425536915,0,0,0,0,0000,No Fault
-0.888736551316316,0.05471950730978376,0.8232488638300048,-0.0360938068315956,0.046174570514771536,0.004032267595991095,0,1,1,1,0111,LLL Fault
-0.31418364965198614,-0.06297708277154154,0.042395343317164234,0.641687462363142,-0.7820928637593283,0.1684391583518124,1,0,0,1,1001,LG Fault
0.6268226122959499,-0.9686771239031299,0.34730639707936384,-0.006863931093542684,-0.0568367151291241,0.07969098203888299,0,1,1,1,0111,LLL Fault
-0.05270783740143259,0.11307082689448886,-0.06997735066379332,-0.9137668289527985,0.12416326433588942,0.8045635043727313,0,0,0,0,0000,No Fault
-0.897442960293795,0.11295146117332547,-0.04984195119838905,-0.03411651263344532,0.5748605819942052,-0.5366689021464414,1,0,1,1,1011,LLG Fault
-0.07665236967241906,0.052287722119261415,0.014487456174665462,0.20359963346171372,-0.9146145828573186,0.7427249555267922,0,0,0,0,0000,No Fault
0.9293564376893247,0.07930524343446413,-0.02760072285621079,-0.28589956156959284,-0.014810525013400461,0.3166426825029111,1,0,0,1,1001,LG Fault
0.012245978677975066,0.09078570347804625,-0.11217623123067019,-0.8534855546248067,0.8765897204997226,-0.022582481904087688,0,0,0,0,0000,No Fault
0.032663144861897433,0.07403152712821684,-0.11545303982033114,-0.6418643242510728,0.9855768854405682,-0.3458201190002152,0,0,0,0,0000,No Fault
0.7455003646636351,0.17888030532203844,0.04242099961229887,0.08562566263230931,-0.6249993758550305,0.5659005965194526,1,0,1,1,1011,LLG Fault
0.6020681913801663,-0.9730223062143293,0.3761197565436489,-0.008857569474715634,-0.055086932646933054,0.07990691862226335,0,1,1,1,0111,LLL Fault
-0.05662314672858124,-0.25219294569246237,0.30643443119522484,-0.8154317541216565,-0.07961491926650127,0.9136129119391505,0,1,1,0,0110,LL Fault
-0.9829698500571695,0.6480444409588532,0.3191303661403725,0.00042535251155082984,0.050800791690360086,-0.03729771941396869,1,1,1,1,1111,LLLG Fault
0.11190636107155254,-0.8995698655376648,0.7861473467587851,-0.0368011672187286,-0.0209541650921916,0.07314411073422324,1,1,1,1,1111,LLLG Fault
0.8791392957743357,-0.841812740947105,-0.03241696513227524,0.020173128595628333,-0.07515979573725413,0.07125302984637552,1,1,1,1,1111,LLLG Fault
-0.07941515438080746,0.059280677639826855,0.010485930080910841,0.06586725904665278,-0.864912050855459,0.8301767653537326,0,0,0,0,0000,No Fault
0.04494190451909383,0.05329319977296893,-0.10672134984168544,-0.45608016029397147,0.9937974938770457,-0.5404734339179379,0,0,0,0,0000,No Fault
0.7565551698907201,0.18818100740213442,-0.9441313200903158,0.08566856241236025,-0.06981386532076171,0.00013658048261921962,1,1,1,1,1111,LLLG Fault
0.152554618066978,0.7755912172220725,-0.9322003240786498,0.08680958801713055,-0.02930057752782338,-0.042289559407242584,0,1,1,1,0111,LLL Fault
-0.005734246940323807,0.10034721370647658,-0.10366584489665884,-0.9580911744428724,0.7192821068743018,0.24259323251248574,0,0,0,0,0000,No Fault
0.037238849939914734,0.06583080632623409,-0.1119300446435058,-0.5780460374767067,0.9931179710358202,-0.4174917881639261,0,0,0,0,0000,No Fault
0.9902136484233423,0.06063965237568227,-0.00418430280819449,-0.032430394216719484,-0.4184256005105383,0.47377581230649457,1,0,0,1,1001,LG Fault
-0.9492230877245414,0.20835844837799863,0.7290955141311671,-0.029118468701421076,0.049914161547671226,-0.006772117176798275,0,1,1,1,0111,LLL Fault
-0.32904359506269354,-0.06357901846517194,0.04208072023008656,0.6399669846516175,-0.7723840331748931,0.16027112688853037,1,0,0,1,1001,LG Fault
0.0598521000063398,0.01933416938644189,-0.08744767581093826,0.011478126838312072,0.8578487906632207,-0.8707427624260118,0,0,0,0,0000,No Fault
-0.007154201477885038,-0.017019423941248377,0.014994743196271528,0.9817738824857896,-0.5954544717167838,-0.36272902762125825,0,0,0,0,0000,No Fault
-0.23429432059034114,0.9565728592540257,0.047589284866180664,0.07319227684461371,-0.2728495188950595,0.21953450764493837,1,0,1,1,1011,LLG Fault
-0.04073243969421431,0.00037537785617888005,0.03137461428567456,0.7900813128121454,-0.8926245470858803,0.132281081061757,0,0,0,0,0000,No Fault
-0.5392983600868686,0.9916847152637209,-0.46544888681418956,0.05542388033039836,0.018522741458575798,-0.05955148390924385,1,1,1,1,1111,LLLG Fault
0.021981839368393992,-0.858000336599097,0.8363633181709996,-0.3137644085730285,-0.01669846695568664,0.34650517250128987,0,1,1,0,0110,LL Fault
-0.850644542812987,0.8761240572777207,0.008866514048508745,0.024228221053983423,0.20207602749783163,-0.21530960760574505,1,0,1,1,1011,LLG Fault
-0.31867341114631353,-0.661374342334032,-0.07424132165798968,-0.04413917418528614,0.5043060015306741,-0.4547262075473913,1,0,1,1,1011,LLG Fault
0.97030637058249,-0.27298190620642204,-0.6934294253162705,0.06703264304292526,-0.08332688164391394,0.032591353282781704,1,1,1,1,1111,LLLG Fault
0.019488746953327744,-0.8756641992914979,0.8538504602379484,-0.03725669923627226,-0.015586522400722943,0.06813134689628478,1,1,1,1,1111,LLLG Fault
0.23195704117364865,-0.9449074434888519,-0.06768394232058658,-0.03140925117154405,0.24071962738900937,-0.1989015537255704,1,0,1,1,1011,LLG Fault
0.05199575433473885,0.04578084275054566,-0.10588538842261505,-0.28542270383044976,0.9726692656660603,-0.6900541672068125,0,0,0,0,0000,No Fault
0.959368591544688,0.048969392393423385,0.006141807012641977,0.08601854304467604,-0.5788511806487259,0.5184827469053473,1,0,0,1,1001,LG Fault
-0.8309726460261059,-0.027369069333230175,-0.056642740508391194,-0.03959162645993662,0.5899160971070906,-0.5465204893360234,1,0,1,1,1011,LLG Fault
-0.7642186395512428,-0.0172747481906007,-0.04482709698539833,-0.23066394113079197,0.7672940023981519,-0.5356855309164592,1,0,0,1,1001,LG Fault
-0.0031275139397210295,-0.7843007501813616,0.7873709690598699,-0.5617774705585951,-0.04203360581968715,0.6209916712965284,0,1,1,0,0110,LL Fault
0.04919646342743809,-0.023358392962045036,-0.03394429173245202,0.7241757728864299,0.24117286647662362,-0.9569516028776835,0,0,0,0,0000,No Fault
-0.06112126274711503,-0.1729614922499382,0.2313057906892013,-0.810406342152836,-0.0817441106864041,0.9107437728189965,0,1,1,0,0110,LL Fault
-0.034164485954324954,0.10967056527817783,-0.0846969564039981,-0.9873674908168877,0.38943998043115075,0.6080485477190875,0,0,0,0,0000,No Fault
0.9841045922083592,-0.6239626204907133,-0.3527140043415855,0.04232342722098083,-0.08305138642111974,0.05708535429622365,0,1,1,1,0111,LLL Fault
-0.9916693985072512,0.3849747872604469,0.5916524493119982,-0.019152858840972488,0.05227747883824092,-0.01917231076548212,1,1,1,1,1111,LLLG Fault
-0.9715793849558971,0.28269855814715633,0.6743330252039972,-0.025170869918508143,0.05120479827133331,-0.012045310243458663,1,1,1,1,1111,LLLG Fault
0.05501394241252391,-0.013745711935557264,-0.049614080001861315,0.581391050999475,0.4181765768830382,-0.9941509584552579,0,0,0,0,0000,No Fault
-0.9766946894083873,0.6712396249371954,0.28964108459798754,0.0025302934963084625,0.05028292391334242,-0.03888054420016116,1,1,1,1,1111,LLLG Fault
0.002084148211104922,0.09570600289279961,-0.10676350717973447,-0.9222273546724908,0.7898246668579548,0.13475311730347855,0,0,0,0,0000,No Fault
-0.005309719477537117,0.7435976519891634,-0.7430793074857155,0.6626227507371697,0.016606910319975958,-0.6664079537461636,0,1,1,0,0110,LL Fault
-0.07503687526410985,0.10701102258774237,-0.04214772090558062,-0.6475528169950616,-0.3119094614089593,0.9819915844837626,0,0,0,0,0000,No Fault
-0.2716224763839183,0.04117587741982227,-0.06439110313007707,-0.5511312549064464,0.9615411672480997,-0.4123019046157576,1,0,0,1,1001,LG Fault
0.8318060229142343,0.08398677343419178,-0.038768097795281474,-0.39841340759283883,0.19905594180431932,0.21152991269675472,1,0,0,1,1001,LG Fault
-0.6739969772053501,-0.07282276579799378,0.029716021393994298,0.5437916559526516,-0.4623418217499593,-0.059224302520709024,1,0,0,1,1001,LG Fault
0.9900510161346641,-0.3727646795503139,-0.6106017234815425,0.06085989343729179,-0.08429639937132985,0.03976838535740722,0,1,1,1,0111,LLL Fault
-0.6642133216392776,0.34883704935437665,0.30440303550341324,0.030093620090506003,0.014156420276300503,-0.02970488838156584,1,1,1,1,1111,LLLG Fault
0.05203130663197728,-0.017442944791672074,-0.04295026673887223,0.654879063320364,0.3322596062877431,-0.9802864238860938,0,0,0,0,0000,No Fault
-0.010143816807065992,-0.016976323956027203,0.018059037735704244,0.9744169936953959,-0.6320804305002493,-0.3180316438860114,0,0,0,0,0000,No Fault
0.05920639438194458,-0.004872871688073812,-0.062667152882554,0.4196014042054355,0.578565425619466,-0.9953648514531155,0,0,0,0,0000,No Fault
-0.442904594103276,0.9914995966248393,-0.5584554688096676,0.06186511167624782,0.011791110900279834,-0.05915041689474283,0,1,1,1,0111,LLL Fault
0.5616663313266588,-0.9968111755214746,-0.05352630956154073,-0.010804660319956756,0.028195288900934333,-0.0030034588579519236,1,0,1,1,1011,LLG Fault
0.01710623605271488,0.08796853895198775,-0.11431388532604113,-0.8111718528341244,0.9122159970774568,-0.10131070407687713,0,0,0,0,0000,No Fault
-0.9662863107652746,0.6734502379473184,-0.012214733751177115,0.0015137093236766777,0.37460838154871257,-0.3683412944846591,1,0,1,1,1011,LLG Fault
0.050941501969557934,-0.8044155536318915,0.7541200826074728,0.13514253928037945,0.014919160828517866,-0.1358095249372656,0,1,1,0,0110,LL Fault
0.9792381294198382,-0.3156431302417202,-0.6594936026504833,0.06434967254331467,-0.08375873372801873,0.03572148393215659,1,1,1,1,1111,LLLG Fault
-0.9548086113525276,0.22266126437081726,0.7179325583306252,-0.02836355591864334,0.050225378374238655,-0.007846155652035124,1,1,1,1,1111,LLLG Fault
0.42924397911847856,-0.01657165413194142,0.04119643260553919,0.5392345382131132,-0.9921317398571144,0.48518838690541555,1,0,0,1,1001,LG Fault
0.05526121286187147,-0.017151556354146464,-0.0461797949259219,0.5956463576358659,0.40172614560345615,-0.9916814550392439,0,0,0,0,0000,No Fault
-0.07248767551147035,0.10233158707450114,-0.03945376300447741,-0.6676626665649231,-0.28775145732762936,0.9775383112912103,0,0,0,0,0000,No Fault
0.2086344185767905,-0.033646431532194494,0.045027539486390405,0.6082901801249767,-0.9869968410371454,0.41071732532009075,1,0,0,1,1001,LG Fault
0.04332874847324016,-0.8513196070764868,0.8086841314550961,-0.009004438520446436,0.006344373839597597,0.01745711780348736,0,1,1,0,0110,LL Fault
-0.07467167074250187,0.10546847170447735,-0.04084522112157752,-0.6466375772827059,-0.3132332288925222,0.9824228063053706,0,0,0,0,0000,No Fault
-0.9990127622964581,0.48354965407878125,0.5024046211983382,-0.012641149167566874,0.052502364410024704,-0.02593043886227328,0,1,1,1,0111,LLL Fault
-0.0011920921879950046,-0.024654604501813004,0.01729431860259985,0.9927950177108211,-0.5511922959527525,-0.4188815014796587,0,0,0,0,0000,No Fault
0.07939870869362997,-0.8877803214995644,-0.07159195835421486,-0.037964118829542204,0.32400286358966135,-0.27719296899818935,1,0,1,1,1011,LLG Fault
-0.6664822142888516,0.9789325357136828,0.026240259147471155,0.0445464383996973,0.025131700980701333,-0.05537957698187873,1,0,1,1,1011,LLG Fault
0.8494207958004781,0.02874730097542486,0.020442754122824078,0.2580379758375332,-0.7805200143906893,0.5515030686853037,1,0,0,1,1001,LG Fault
0.03860808416243203,-0.027136845566916756,-0.019790405138160584,0.8553494953845738,0.028838091668262095,-0.8721089382715936,0,0,0,0,0000,No Fault
0.05673069713585499,0.031182490861364886,-0.09665283413664515,-0.10050023585792524,0.9113581688331078,-0.8129923261902753,0,0,0,0,0000,No Fault
-0.06474452567070041,-0.10550161560330107,0.16722565580512538,-0.8007989113300531,-0.0830736311056113,0.9024656211515578,0,1,1,0,0110,LL Fault
-0.06834480067852054,0.03711028819136025,0.02134033246978055,0.42464124602551784,-0.9586065680745168,0.5659241224467778,0,0,0,0,0000,No Fault
-0.08155753687497358,0.08934893378678785,-0.017699173403586572,-0.3792414523057838,-0.5835910283717882,0.9898060196268618,0,0,0,0,0000,No Fault
-0.0060297165764805144,-0.01751125254921732,0.014373643084321035,0.9840421156408166,-0.5833745626380235,-0.377312419680434,0,0,0,0,0000,No Fault
0.060516427998861165,-0.3582225452867104,0.29716368487625283,0.702434190670458,0.03619682943191261,-0.7262866083256044,0,1,1,0,0110,LL Fault
-0.08154619794052562,0.06883706303974182,0.003009202734223287,-0.07490979753852141,-0.7951655741767706,0.9002570251670361,0,0,0,0,0000,No Fault
-0.37940810645524053,-0.5971590241004198,0.9721289801037701,-0.048495510757573704,0.012568441738789644,0.050710708543785926,0,1,1,1,0111,LLL Fault
0.03895438925419711,-0.028490447741218075,-0.018646485479725826,0.856150769861798,0.027678612167695647,-0.8717308530226446,0,0,0,0,0000,No Fault
-0.9758996961372929,0.6721054648109418,0.29034461446864185,0.0025423337220992596,0.05025860623009967,-0.038867838847246004,0,1,1,1,0111,LLL Fault
0.021176293018851083,0.0843261732831312,-0.114696597522419,-0.7730077874794004,0.9357288664701472,-0.16353501085276642,0,0,0,0,0000,No Fault
0.01031514705891749,-0.015887078126306877,0.016436099820553045,0.9882783690104896,-0.5182426005986503,-0.4479278444588896,0,0,0,0,0000,No Fault
0.9443909246339595,-0.18151127409836088,-0.7571016863241223,0.07173964276271824,-0.08176883455441386,0.026284262741016036,0,1,1,1,0111,LLL Fault
-0.02508397060131877,-0.010789109245949714,0.026934892308438402,0.9093345243283696,-0.7791325972686554,-0.10293392380536197,0,0,0,0,0000,No Fault
-0.6229399980374127,-0.3561272651608298,0.969525629380403,-0.04756494158959759,0.0288370527414875,0.03320033956387225,1,1,1,1,1111,LLLG Fault
-0.06922316506443747,0.03600696227703187,0.023735475271352578,0.38438917593042826,-0.9576260930679876,0.6052838266472976,0,0,0,0,0000,No Fault
0.004286879544605985,0.09784201674282039,-0.11150486751406771,-0.9059804259528124,0.8209441098345488,0.08675313331832443,0,0,0,0,0000,No Fault
-0.08102384963128538,0.09416943120701818,-0.02320726068297494,-0.43728570498060054,-0.5324259528669232,0.995868146677088,0,0,0,0,0000,No Fault
0.05022109084138644,0.04446964136778061,-0.1031064607813414,-0.34144458670153305,0.9801516357158877,-0.6415081185312929,0,0,0,0,0000,No Fault
-0.017701782247568944,-0.6889795386002652,0.7061687837518469,-0.6711142396218617,-0.05404676142578066,0.7428594343906845,0,1,1,0,0110,LL Fault
-0.015468211553062659,-0.7056139463429526,0.7206454243986438,-0.6560200116282333,-0.05234370313792433,0.7259898142496616,0,1,1,0,0110,LL Fault
-0.08020033411685182,0.5061765298640205,-0.43078868333235915,-0.48472617800191364,-0.07533303273125289,0.5776674369224349,0,1,1,0,0110,LL Fault
0.9907553326787557,0.06577584931829344,-0.009444276362255321,-0.09131751203533915,-0.3324902108115851,0.445252905132742,1,0,0,1,1001,LG Fault
-0.07631108779661948,0.6695411713571213,-0.5985976321052392,-0.3038299329175308,-0.06480629490652254,0.3855651062258652,0,1,1,0,0110,LL Fault
0.011754604523486884,0.09380590860619159,-0.1147365773092365,-0.855308751694676,0.8792102530803046,-0.02342471076191934,0,0,0,0,0000,No Fault
-0.08153637120237128,0.07322013293248167,-0.0011422542489184662,-0.18192745892898848,-0.7319654252710533,0.9431589405359253,0,0,0,0,0000,No Fault
-0.0801781965126515,0.3876442969297133,-0.31192327449378343,-0.5823635841616154,-0.0800260915293404,0.6803458132897702,0,1,1,0,0110,LL Fault
0.19540839088989623,0.7422932534729453,0.05467092093948425,0.08782339279055644,-0.48370330034970344,0.4197196557200923,1,0,1,1,1011,LLG Fault
0.08331842062302022,0.06393058069363568,-0.06559506975468832,-0.6070698215859491,0.8716804435625689,-0.2646490688811209,1,0,0,1,1001,LG Fault
0.05703825488088955,-0.012400519725370228,-0.05283497963725313,0.5303145021523985,0.47231490384499264,-0.9981046812462222,0,0,0,0,0000,No Fault
0.3705430087121556,-0.9704816001855977,0.6031977281054662,-0.024428423316784117,-0.03884152919699918,0.07896536869800913,0,1,1,1,0111,LLL Fault
-0.04746208174604419,-0.37922231829370284,0.4246819434397842,-0.8068504034780231,-0.07482387769840099,0.9001268517770519,0,1,1,0,0110,LL Fault
0.052829510868634674,0.040660062868930875,-0.10214489537638179,-0.2535183586072805,0.9623394481582979,-0.7115172531028976,0,0,0,0,0000,No Fault
0.7365025873659932,0.21946077739167708,-0.9532395550004941,0.08645535276603032,-0.06847470489096844,-0.0020168671796578046,0,1,1,1,0111,LLL Fault
-0.04144378894865168,0.0031558210362351057,0.029024878927051842,0.7884354101639296,-0.8902428511483027,0.13150445502811442,0,0,0,0,0000,No Fault
-0.7415522232178443,0.9458456173880893,-0.2166717115362146,0.03824329878977869,0.032906185845184406,-0.056981744245643534,0,1,1,1,0111,LLL Fault
-0.006089037078250076,0.10173397843638513,-0.10483779107896578,-0.9589120806883337,0.7204699934163031,0.2422058833215929,0,0,0,0,0000,No Fault
0.9303899037789821,-0.1952162074329519,0.02475836934104101,0.07176640393661085,-0.5904600642782214,0.5446018507768042,1,0,1,1,1011,LLG Fault
0.14732239707427278,-0.03786665391361935,0.04554002981376104,0.6213398327242929,-0.9764840882672219,0.38692082756950263,1,0,0,1,1001,LG Fault
0.947856384892055,-0.25442327132599857,0.021267291413644127,0.06852070048546925,-0.5764459955800996,0.5335761504639558,1,0,1,1,1011,LLG Fault
0.6267926279105515,-0.9687054186469654,0.3472769236788553,-0.006864006745828762,-0.056836658489813965,0.07969100017760876,0,1,1,1,0111,LLL Fault
0.4506412112221454,-0.9910188118719495,0.5444797938251437,-0.01889169892635692,-0.044807880143717435,0.07949353706193878,0,1,1,1,0111,LLL Fault
-0.8771313205423067,0.2579482773024464,0.606128176486672,-0.0675190099455052,0.05241790387074172,0.02917897581553234,1,1,1,1,1111,LLLG Fault
-0.8163396112223599,-0.08553243964281051,0.8898169222437672,-0.0411896132526115,0.041521031390768744,0.0138834342969302,1,1,1,1,1111,LLLG Fault
-0.03610478337393526,0.8772770890639326,-0.8495503832914936,0.08138463330092383,-0.01641809266089025,-0.049977171877700004,1,1,1,1,1111,LLLG Fault
0.060376164108714964,0.013960503148549913,-0.08285197539239529,0.13456674150796577,0.7909722877052436,-0.9260121194407422,0,0,0,0,0000,No Fault
0.013307349539767305,0.08994425327108035,-0.11238473415095256,-0.845257161366485,0.8838892345824231,-0.038270723537685146,0,0,0,0,0000,No Fault
-0.984854799713342,-0.04504137935917106,-0.01939422506114369,0.0348336091408737,0.4416409338974594,-0.47005412998944507,1,0,0,1,1001,LG Fault
-0.3880609421416238,0.2501296250836316,0.13095919312480417,0.17861766483461972,-0.021684828375676833,-0.14210130474550536,0,1,1,1,0111,LLL Fault
0.7503365393275356,-0.9287455755413428,0.1824718319959549,0.004523574996044909,-0.06567162219553417,0.07727584862888061,1,1,1,1,1111,LLLG Fault
-0.7471222788666091,0.2194077262132747,-0.02106023521086043,0.14390606391811828,0.3560878773428874,-0.4922391948853495,1,0,1,1,1011,LLG Fault
0.45492250926520944,-0.009118850087605665,0.03130233928646916,0.5182665137792075,-0.9712508312395269,0.4849348454455615,1,0,1,1,1011,LLG Fault
0.02439115058112408,-0.030278543591184134,-0.002419774427759875,0.9562279688259725,-0.21654379972591084,-0.723216469038255,0,0,0,0,0000,No Fault
0.4773592805473675,-0.49206543343649933,0.017451091241292852,0.07652428804186581,-0.8631743390193922,0.8177207968322775,0,1,1,1,0111,LLL Fault
0.9830566345813855,-0.4712154278151239,0.007169982219819855,0.05534041612347544,-0.5051000781857937,0.47409156464881846,1,0,1,1,1011,LLG Fault
-0.2832485055513688,0.9651334331021216,-0.6926635418676308,0.07091360038487812,0.000640358376528663,-0.05686053963106562,1,1,1,1,1111,LLLG Fault
-0.8873393524781417,0.2751419627964236,0.6008466083171384,-0.09800317591750639,0.06214083440687011,0.04983652254909564,0,1,1,1,0111,LLL Fault
0.01599473892739851,0.09036911541017888,-0.11546633867892919,-0.8211563280722598,0.9071186128999933,-0.08610564346934671,0,0,0,0,0000,No Fault
-0.41765189786762763,0.0296655721531481,-0.06163655819019549,-0.5029895197301042,0.9613438002897147,-0.4603701578177891,1,0,0,1,1001,LG Fault
0.05158468238722519,0.04531987658489657,-0.09887319523752222,0.8128864214442603,0.05203472437324051,-0.8531701100087252,0,1,1,0,0110,LL Fault
0.0622681987902729,-0.5670864904445523,0.5049033126266878,0.5065311732797679,0.037466129318311385,-0.5311576036755581,0,1,1,0,0110,LL Fault
0.05361575052682794,0.004050741757949505,-0.05959823365935633,0.8013617594046283,0.052335148983826976,-0.8419210197451795,0,1,1,0,0110,LL Fault
-0.13439762624481483,0.05080127317834402,-0.06572734178449072,-0.5824426835605545,0.9411251071584393,-0.36010397968483154,1,0,0,1,1001,LG Fault
-0.0820607874591186,0.07129530998421921,0.0009167751266835385,-0.09135545330142215,-0.7851681177591845,0.906559106122539,0,0,0,0,0000,No Fault
0.9572195680473409,-0.684452579113629,-0.009912680134539057,0.03814484391790793,-0.3918485557670554,0.3759320840859254,1,0,1,1,1011,LLG Fault
-0.09724446222458463,0.9063507990805538,0.05117501322015413,0.07913836726731296,-0.34813847410602733,0.2902903294588129,1,0,1,1,1011,LLG Fault
-0.8125757007838432,-0.056513290953915184,0.8572812516276282,-0.02753973870478285,0.03739867189993287,0.0043979591483131655,1,1,1,1,1111,LLLG Fault
0.05246498580951833,0.03145007984560122,-0.08594095641789484,0.8093885475436271,0.052153014763338,-0.8497834977769463,0,1,1,0,0110,LL Fault
-0.9865369543228963,-0.05847167679660982,-0.005380367327390405,0.19090181826495203,0.2116096419489451,-0.39213961435269973,1,0,0,1,1001,LG Fault
-0.165219235065956,0.048733120518438616,-0.06552581620657719,-0.5765066154211457,0.9473328936833647,-0.3723813724510696,1,0,0,1,1001,LG Fault
-0.8169215814496139,-0.07244494023661222,0.020169787919726866,0.4547472475994094,-0.26113527805737075,-0.1749685670104795,1,0,0,1,1001,LG Fault
-0.9415536796061537,0.23598308568297,-0.043125491301521414,-0.028325363026478388,0.5515656024093631,-0.5187383693717398,1,0,1,1,1011,LLG Fault
0.630794791304294,0.08407766687043959,-0.052261596166606875,-0.5225525627992689,0.48414650942462456,0.04549758598995438,1,0,0,1,1001,LG Fault
0.05395315004564867,-0.01706317581906376,-0.04510136849768542,0.6196541271059107,0.37441526577512013,-0.9879237294251124,0,0,0,0,0000,No Fault
0.04308399575865831,-0.026911261392365132,-0.015393775026567354,0.9359156622262621,-0.13455977705874245,-0.7863901056027792,0,0,0,0,0000,No Fault
0.962043961879746,0.05000666170898764,0.0052987105705160405,0.07610058261215215,-0.5661695727591405,0.51550474080209,1,0,0,1,1001,LG Fault
-0.6625151530659682,-0.07270471319041057,0.030328472591400812,0.5492282956578276,-0.4760007215168439,-0.050757257461039686,1,0,0,1,1001,LG Fault
0.056376178695884356,0.03226898918366019,-0.09739091321299165,-0.11606283044389193,0.9176006558359581,-0.803749420221396,0,0,0,0,0000,No Fault
0.36542937194285885,-0.982362197259233,0.6202768014086897,-0.024292476158702087,-0.03882180577094191,0.07880896341260969,0,1,1,1,0111,LLL Fault
0.03380882423630581,-0.029681400188453243,-0.012352350778586717,0.9003973415125538,-0.06463391883003794,-0.8220304294554478,0,0,0,0,0000,No Fault
-0.07680448741807896,0.0516039504891183,0.015600914959252574,0.17458653277095745,-0.9070792631438389,0.764136661008668,0,0,0,0,0000,No Fault
-0.46544898538030166,-0.5218159275480748,0.9795981370516383,-0.048810253870726336,0.018327900613423077,0.0451575327020223,1,1,1,1,1111,LLLG Fault
0.3850634454533546,-0.9725719038658364,0.5908987473968348,-0.02359150510051284,-0.0398538872803401,0.07915780079074024,0,1,1,1,0111,LLL Fault
-0.06858450104665777,-0.011174054314127036,0.02788786320821681,0.7508631117924415,-0.8122433521650758,0.08969670552416793,0,0,0,0,0000,No Fault
0.00393949060232634,0.09564473056363527,-0.1086747631546389,-0.9107340899761961,0.8094826178727015,0.1031983913740308,0,0,0,0,0000,No Fault
-0.08155863152309534,0.0681777908162503,0.0035473034309677944,-0.044498925474810394,-0.8108953382019745,0.8857937889742937,0,0,0,0,0000,No Fault
-0.002559240834374165,-0.7755407358759544,0.7778036763605005,-0.5619132417428813,-0.040882539684075736,0.6199548930619757,0,1,1,0,0110,LL Fault
0.5927987889248251,-0.9820188888700033,-0.05122053688957123,-0.008832739078732922,0.0001394791560214402,0.02360760683182025,1,0,1,1,1011,LLG Fault
0.027605680439636644,0.8470920461777366,-0.8800528890990333,0.08346441167748597,-0.020763882902372265,-0.04763420586164076,0,1,1,1,0111,LLL Fault
0.03962878546151064,-0.8416770012283544,0.8025530957367996,-0.07496619302856267,0.0034833960596027218,0.08650901739997105,0,1,1,0,0110,LL Fault
-0.03275864034891836,-0.001677565257552899,0.024981292972619404,0.8644172984507628,-0.8259514666376754,-0.010190285844493854,0,0,0,0,0000,No Fault
-0.5596886320109002,-0.4270747874296707,0.977988629429278,-0.04838253229139089,0.024630779685278006,0.038306191342468265,1,1,1,1,1111,LLLG Fault
-0.5386327739673782,-0.07045344970785448,0.035891849970388814,0.5962560607893617,-0.6058062474759551,0.03435908259051024,1,0,0,1,1001,LG Fault
-0.08203925454126727,0.08258551047311793,-0.010298358495150378,-0.2899257022269889,-0.6551548857401885,0.9731753706019736,0,0,0,0,0000,No Fault
0.5096602374013369,0.08168078205346545,-0.056966106490840024,-0.5622015213574408,0.5979846338506363,-0.030746715777783262,1,0,0,1,1001,LG Fault
-0.8675682556143988,0.07733774472495705,0.7775863733225595,-0.05612363272893568,0.048465255172281785,0.021781043742565454,1,1,1,1,1111,LLLG Fault
0.9031644530614132,-0.11505217109351583,0.013474500291677297,0.07516949045663317,-0.5981993340561905,0.5490758746716387,1,1,1,1,1111,LLLG Fault
0.5105112386249938,0.4729460196598744,0.0515816288560501,0.09039921005001222,-0.5883726532500111,0.5237926230714174,1,0,1,1,1011,LLG Fault
0.0554384742578821,-0.721890515301844,0.6666818042180482,0.2229118003933247,0.02544670454971823,-0.23453879729280797,0,1,1,0,0110,LL Fault
0.005858394492919388,-0.024534146576792443,0.00992113692407575,0.9950366245503786,-0.45747724617463537,-0.5166224870105348,0,0,0,0,0000,No Fault
0.05903545596160216,-0.007880896063673154,-0.059346885052543194,0.4485936396667685,0.5518719547283223,-0.9972339300666029,0,0,0,0,0000,No Fault
-0.8287843935965398,0.2564520154408087,0.5597018233537158,-0.0011088807839542518,0.038906246891032885,-0.023639158320811406,1,1,1,1,1111,LLLG Fault
0.920752383968894,-0.16137137436933888,0.011792739489891055,0.07305523437299846,-0.5913932114771965,0.5442604585211153,1,1,1,1,1111,LLLG Fault
-0.0086907503535711,-0.010107469929759496,0.025092240208078084,0.9545007169456142,-0.6050243110523977,-0.3256321162688891,0,0,0,0,0000,No Fault
0.9580011540634473,-0.22792687786840313,-0.7264270368014483,0.06942195274797525,-0.08260544894971576,0.029460584480054695,1,1,1,1,1111,LLLG Fault
0.060229600190076595,-0.0037762404655803158,-0.0646466917447795,0.3774174099038486,0.6145552861116587,-0.989741843166108,0,0,0,0,0000,No Fault
0.956721905518813,-0.2862184682522043,0.019464854410789198,0.06707286867912482,-0.5687621319935768,0.5271981473982754,1,0,1,1,1011,LLG Fault
0.048117773687551546,-0.019142134063462067,-0.037507427615567523,0.7216799283164329,0.24478446723299757,-0.9581292777871013,0,0,0,0,0000,No Fault
-0.9092578606588138,0.10110935682014881,0.7970586863212078,-0.03414127888944635,0.04746220211846411,0.0007625000887046679,0,1,1,1,0111,LLL Fault
-0.042111518356993186,0.11332295613056124,-0.08073922110589653,-0.968858331786621,0.29011604333874624,0.6906990797077556,0,0,0,0,0000,No Fault
-0.6066130120800188,-0.37484338407362794,-0.06712205732457842,-0.04789814550516816,0.583082519027072,-0.5312286942887805,1,0,1,1,1011,LLG Fault
0.03604816023358216,-0.02620331926237511,-0.004989272210450836,0.9835583702544106,-0.283699356473625,-0.6821893921527731,0,0,0,0,0000,No Fault
0.050150715865371724,-0.015581702005524452,-0.0432378100787825,0.6763504517519936,0.30550684213021123,-0.9745542979717723,0,0,0,0,0000,No Fault
0.1390087647356122,-0.9288764071854186,-0.07053145949160838,-0.033685278156651996,0.2983094843255479,-0.2553022049279218,1,0,1,1,1011,LLG Fault
0.9999745557642511,-0.4997977397150912,-0.4929147536385388,0.05265991748008169,-0.08465214116873251,0.04835259174478256,0,1,1,1,0111,LLL Fault
-0.042157856075663594,0.11771248118102742,-0.08544222187570065,-0.9751081612040783,0.30870829174959463,0.6780204121561577,0,0,0,0,0000,No Fault
0.28434656895896865,-0.02815108072598331,0.04408390317119534,0.5887416853193478,-0.9947458285024687,0.43821368285165035,1,0,0,1,1001,LG Fault
0.059308803932237496,-0.007083654177758905,-0.060417305000163526,0.43456598227149046,0.5646863025051553,-0.9962266025268021,0,0,0,0,0000,No Fault
0.016454377544354908,0.08735311174499678,-0.1129064761992962,-0.8193316672951165,0.9044971028867447,-0.08526388456941005,0,0,0,0,0000,No Fault
-0.2844465274230426,-0.06172539422685011,0.0429826466976249,0.6446554857428495,-0.8009410797771002,0.18466915590391714,1,0,0,1,1001,LG Fault
0.5236734192422581,-0.9809865397727806,0.4595921386115931,-0.014666597690420669,-0.04958925742724157,0.08012934557151964,1,1,1,1,1111,LLLG Fault
-0.62644041407921,-0.3668388111976744,0.9839181622299559,-0.050140385521467754,0.02912445678380545,0.03548975346555477,1,1,1,1,1111,LLLG Fault
-0.9613031196485984,0.7156954279988764,0.22978615478240616,0.006786583209487796,0.049055991849195485,-0.04189790474244171,1,1,1,1,1111,LLLG Fault
-0.0824049888600413,0.07435173764859156,-0.0018090667203870987,-0.13801247947118678,-0.7576613630137191,0.9253110923181639,0,0,0,0,0000,No Fault
0.42247132278861593,0.07863445894773792,-0.06011646512147767,-0.5840616309703177,0.6781629904556961,-0.09052851450853137,1,0,0,1,1001,LG Fault
0.9205842680964218,-0.7881780800187383,-0.12491347789935271,0.026645686566373714,-0.0781848511256649,0.0678457740956939,0,1,1,1,0111,LLL Fault
0.2591784725181199,0.7021539334504058,-0.9666206593740347,0.08887404516114701,-0.036579185232017725,-0.03694275939140286,1,1,1,1,1111,LLLG Fault
0.7192655395797236,-0.9418704403178906,0.22867768152044327,0.001363768137285143,-0.06341609436696174,0.07814570276606173,0,1,1,1,0111,LLL Fault
0.060930541441955845,-0.0034023671683927337,-0.06558714694457726,0.349067774828151,0.6374590806370775,-0.9846554773259154,0,0,0,0,0000,No Fault
-0.8740080043747166,-0.07083162927891051,0.014819154399080887,0.4020785651441396,-0.15547192306500607,-0.22982873086156344,1,0,0,1,1001,LG Fault
0.4633636950079862,0.5327201500086055,-0.9990837755812397,0.09054984033005303,-0.05035753406745877,-0.024583181707670772,1,1,1,1,1111,LLLG Fault
-0.9181614765368613,0.790204087395668,-0.0010547678588679194,0.013302805706219455,0.2883948717995066,-0.2923121031637917,1,0,1,1,1011,LLG Fault
0.6912449658208233,-0.9616412899885416,0.27646962919306356,-0.0011193191548180895,-0.0616137117665753,0.07879878758745208,0,1,1,1,0111,LLL Fault
-0.5846337130996618,-0.398133527058298,0.9760306335928114,-0.04809424116452689,0.026320375618246704,0.03629547731328443,0,1,1,1,0111,LLL Fault
-0.8252991021176052,-0.07009176507949842,0.8832101889971194,-0.04068345505414748,0.04209877662820199,0.012787223702900724,1,1,1,1,1111,LLLG Fault
0.5612137932329098,0.01894306617206329,0.026588906342261256,0.43868803358148417,-0.915268067798539,0.5076791783752177,1,0,1,1,1011,LLG Fault
0.024899142730082622,0.07854696961480627,-0.11230949105656968,-0.7406365952880741,0.9484671476534601,-0.20897203411083343,0,0,0,0,0000,No Fault
0.048260322811223555,0.04952894863351545,-0.10650893979122783,-0.37236364312928305,0.9874393024731725,-0.6179330517490186,0,0,0,0,0000,No Fault
0.02666723414091036,-0.8784517826047089,0.852359508655816,-0.25219113463570836,-0.013187247239543428,0.28119080681920433,0,1,1,0,0110,LL Fault
-0.7959281480899275,-0.07748742495993445,0.8639529837222888,-0.007327396733435038,0.031604875038959666,-0.00996422785213319,0,1,1,1,0111,LLL Fault
0.9840367339045316,-0.4413169458622715,-0.01942446414651501,0.05718819360786031,-0.49711035423317695,0.4640975472375562,1,1,1,1,1111,LLLG Fault
-0.2368902987830795,0.9538452334806399,-0.7249231021703659,0.07316730501174833,-0.0025471304620378523,-0.05587224456152408,0,1,1,1,0111,LLL Fault
0.2361466876303687,-0.9409299946480363,0.7067085620612703,-0.031434150641353166,-0.02950721876867758,0.07647822619567035,0,1,1,1,0111,LLL Fault
-0.9472933995530927,0.7472433842243346,0.1842495336956093,0.01001263186778336,0.047969750213173984,-0.0440256514792761,1,1,1,1,1111,LLLG Fault
0.04970229927660975,0.04771138241657378,-0.10626024610355882,-0.3292740860294986,0.9810948274919498,-0.6546719739116181,0,0,0,0,0000,No Fault
0.7689460637044744,0.017849762983481936,0.02674958431802999,0.3378312789246495,-0.8594143788722997,0.5518897236576921,1,0,0,1,1001,LG Fault
0.013920123570077306,-0.8419227153126537,0.8280974008253549,-0.40654263550564684,-0.025283256446777896,0.44827706934616185,0,1,1,0,0110,LL Fault
-0.05325882826277783,0.01306499021248796,0.031059650823485593,0.6504232982641762,-0.949612365375733,0.3303786019635322,0,0,0,0,0000,No Fault
-0.9098343319287963,0.1439577791335903,-0.04821748983228775,-0.03274794304291666,0.569899450959484,-0.5329858239847584,1,0,1,1,1011,LLG Fault
-0.8355663230724126,-0.012153287839114905,0.8355954332871192,-0.04616069865695337,0.04445571147765174,0.015877328780398953,1,1,1,1,1111,LLLG Fault
-0.41535665846874015,0.9881393212212658,-0.5847687190642473,0.06360233814606403,0.009833771238676296,-0.05889776423245151,1,1,1,1,1111,LLLG Fault
0.16781321606309613,0.7660433252725852,-0.9378393681493622,0.08712629315587647,-0.03033265418242356,-0.04155544230193222,0,1,1,1,0111,LLL Fault
-0.8491119503232263,0.13320551852094495,0.7053281444163704,0.003960276296983246,0.033546239178571295,-0.02326003091961812,0,1,1,1,0111,LLL Fault
0.22011977714648542,-0.9372894207342171,0.7167022139236775,-0.03216252756248161,-0.028425728361643962,0.07610652083126762,1,1,1,1,1111,LLLG Fault
0.06111152846460253,0.012797246295394745,-0.08201178695420007,0.09040758771838789,0.8148645061598037,-0.9060815019301588,0,0,0,0,0000,No Fault
-0.07791662804777513,0.10318255348112718,-0.035454108099699,-0.5731296782782677,-0.3973220282003904,0.9944045378415388,0,0,0,0,0000,No Fault
0.0628932044001792,-0.3666661425544201,0.3030422951082149,0.6124760951213395,0.047838897224087115,-0.6479530122706921,0,1,1,0,0110,LL Fault
0.06253429775929815,-0.5313677511633265,0.4688166435842827,0.5509794125452137,0.033147428849737044,-0.5713230300748325,0,1,1,0,0110,LL Fault
-0.03130187748065557,0.11034051551621549,-0.0883352343179263,-0.9931319483237884,0.43282192953107107,0.5696231016750618,0,0,0,0,0000,No Fault
-0.009830682267486596,0.10494822719529727,-0.10448936663196023,-0.9716130617688062,0.6888110270270253,0.2872002820954421,0,0,0,0,0000,No Fault
0.9695595979193371,-0.6381711758218377,-0.005846872485241182,0.042348152361608986,-0.42122536737893024,0.40165191337878237,1,0,1,1,1011,LLG Fault
0.5422998805568061,-0.9870473740903819,-0.054277598457888585,-0.01273003073601895,0.03835481465882536,-0.011425300564024472,1,0,1,1,1011,LLG Fault
-0.07590995468930196,0.04938586228676611,0.016939803893165385,0.20531741071554827,-0.9171002863692421,0.7435354960307016,0,0,0,0,0000,No Fault
0.4273382881542044,0.07919960541930639,-0.05962715188264104,-0.5819307511191248,0.6672006963359777,-0.0814947233131673,1,0,0,1,1001,LG Fault
-0.8187735338579087,0.40686024291521483,0.4007416705201491,-0.1774242483771254,0.08009969350373629,0.11116849800862322,0,1,1,1,0111,LLL Fault
0.03233960376441465,-0.023937196958832244,-0.017206676658926903,0.8969970130117436,-0.05971349365838245,-0.8236348821986598,0,0,0,0,0000,No Fault
0.18787171862012303,-0.9408329968015924,0.7546513265477893,-0.03195742928107961,-0.026825517351408548,0.07427029969502721,0,1,1,1,0111,LLL Fault
-0.08033706277409901,0.4833605790846194,-0.4077692149679337,-0.5053196117859193,-0.07639241762467129,0.5993949557587123,0,1,1,0,0110,LL Fault
-0.03024442575914805,0.11413106885502383,-0.09359935174060571,-0.9977803717941631,0.4641699914191202,0.5423409080786822,0,0,0,0,0000,No Fault
-0.8707068712181587,0.1945128671382652,-0.03306962489358086,-0.07301211585916374,0.5375459506935272,-0.4596474466730387,1,0,1,1,1011,LLG Fault
-0.07375647553991165,0.10456829398713528,-0.04070773883775003,-0.6576222102797048,-0.29996536044979033,0.9799169149564847,0,0,0,0,0000,No Fault
-0.05002962530165741,-0.00616597554841785,0.03213692147582307,0.8458302932181219,-0.7372377100199679,-0.08195123876337568,0,0,0,0,0000,No Fault
0.04584341888661986,-0.025560449781323394,-0.028412666357567288,0.7756808212156963,0.16565603837482856,-0.9316433231338481,0,0,0,0,0000,No Fault
0.014520714096820434,0.5825250522109179,-0.6011347786815278,0.7820631523229894,0.032123929004958286,-0.8019764900462963,0,1,1,0,0110,LL Fault
-0.9205822635532057,-0.06829156375878366,0.009167535702655737,0.34480423071858274,-0.04812474287624314,-0.28178680742161755,1,0,0,1,1001,LG Fault
-0.08211091995116195,0.09322554618705015,-0.021309817536224573,-0.39547351370663303,-0.568739367845698,0.9909476215576459,0,0,0,0,0000,No Fault
-0.03658635395222167,-0.507542736404868,0.5426361571674722,-0.7742936658320161,-0.06788766433360796,0.8604159620579017,0,1,1,0,0110,LL Fault
0.8742507529417233,-0.8383168570925693,-0.03035616126394926,0.019688865155524215,-0.08039118043118242,0.07706923535054662,1,1,1,1,1111,LLLG Fault
0.01542955268295627,0.08492158570501782,-0.10905197872779569,-0.8343522231190243,0.8874028638966464,-0.05278487843161729,0,0,0,0,0000,No Fault
0.057413236018593446,-0.011679598730212737,-0.05392959806770632,0.5170023213188577,0.48587609594708514,-0.9985757456034741,0,0,0,0,0000,No Fault
0.06014101085350831,0.0025667117070001843,-0.07119346006851808,0.3170876145020272,0.6645028025490721,-0.9801474499161604,0,0,0,0,0000,No Fault
0.07270703057420107,0.820486778434517,0.05389147636903183,0.08483692998842492,-0.4310321629324521,0.369043383547183,1,0,1,1,1011,LLG Fault
-0.988284459437753,-0.05774380409399102,-0.006257296937908554,0.18135967207582465,0.22656220297865337,-0.39780847898743177,1,0,0,1,1001,LG Fault
-0.6041085073221493,0.012636611611549537,-0.05566726859703584,-0.4142462568138996,0.9207488774499364,-0.5079834225205272,1,0,0,1,1001,LG Fault
0.8325470260016948,0.02727165652417115,0.03629470361630667,0.09860857840300039,-0.6345052645546967,0.5625695382577854,1,0,1,1,1011,LLG Fault
0.03171375812960854,-0.8590544177210446,0.8278035000511912,-0.19040438474861057,-0.005968707951153136,0.21188472925848945,0,1,1,0,0110,LL Fault
0.5830175655333332,0.41036755488754,-0.9949731172945747,0.08980000118428727,-0.058338309009073164,-0.015699133938422916,1,1,1,1,1111,LLLG Fault
0.5747394119026914,0.05757693251556043,-0.0037298068232519115,0.4038327262137329,-0.8651751145588102,0.4915833529776422,1,1,1,1,1111,LLLG Fault
0.5576606852750498,0.43789483461646894,-0.9974464421926678,0.09012991093618361,-0.056666785870837615,-0.017733159528172813,1,1,1,1,1111,LLLG Fault
-0.2923276958123464,-0.6818919905395215,-0.07444064996057727,-0.04733651609024496,0.49594227850359707,-0.44299795151207433,1,0,1,1,1011,LLG Fault
0.23195614510337995,-0.9449057528714562,-0.06768391755339984,-0.03140940083150129,0.24071973095803362,-0.19890150755426841,1,0,1,1,1011,LLG Fault
-0.8524243084922418,0.05647746751645145,0.783480011409306,-0.03088787206204413,0.04136018384129694,0.003718279656992161,1,1,1,1,1111,LLLG Fault
-0.9887329647066115,0.3714781706551523,0.6046354164516319,-0.02003166704373706,0.05215006142788063,-0.018161340639751573,0,1,1,1,0111,LLL Fault
-0.03202375840371311,0.11316212009980357,-0.09071975626620037,-0.9948022175865807,0.4352388842483448,0.5688349773382554,0,0,0,0,0000,No Fault
0.025871631989672694,0.07758462280262897,-0.11230858647149594,-0.7300590719116843,0.9530956408745184,-0.22429392625105585,0,0,0,0,0000,No Fault
-0.974686457801012,-0.04114529157828288,-0.022839915887184325,-0.004709339184509127,0.4951865693171673,-0.4849680887829746,1,0,0,1,1001,LG Fault
-0.966980448936825,0.26861703607304255,0.6861643434872442,-0.025974553756582412,0.05096039964807278,-0.010990460891112625,0,1,1,1,0111,LLL Fault
0.02362608528833036,0.07771667667828863,-0.10995299685595823,-0.759626504860987,0.9361837432429575,-0.17741527994204945,0,0,0,0,0000,No Fault
-0.6590727520068357,-0.31246253508048905,0.9615457347142295,-0.04687119696934369,0.031229492347065936,0.03006691591128237,1,1,1,1,1111,LLLG Fault
0.6227238337173397,0.038534595296455434,0.025647543946188588,0.3760357853601268,-0.8658766895108728,0.5201688750327568,1,0,1,1,1011,LLG Fault
0.016845874171606778,-0.02404566008022841,-0.001743021960801866,0.9750878896806394,-0.30027653196490967,-0.6568047022021393,0,0,0,0,0000,No Fault
0.026465315461640968,0.07805908390018698,-0.11351162548091183,-0.7201572533745485,0.9587309010698735,-0.23996419405638914,0,0,0,0,0000,No Fault
0.9813405257249761,-0.6358146364891588,-0.33808417091199267,0.041279892743741234,-0.08281831889641952,0.057894165025284564,0,1,1,1,0111,LLL Fault
0.20205072613752248,-0.23002587393400617,0.027524339316929554,0.08741786200026554,-0.8800153404173159,0.8239589272366113,0,1,1,1,0111,LLL Fault
0.44215824839324586,-0.45948007715275985,0.019662101541243034,0.0784350509882553,-0.8717620203518326,0.8245556138126541,0,1,1,1,0111,LLL Fault
-0.7925707277713252,0.9183036924192438,-0.14074177622000214,0.03288538186672649,0.03654571463625614,-0.05531821697054505,1,1,1,1,1111,LLLG Fault
-0.00461174088808073,0.09972657859801079,-0.10415644075076987,-0.953667592855951,0.7299019920902249,0.22733650786703388,0,0,0,0,0000,No Fault
0.03620503642096881,-0.024733386725044597,-0.020093929628597473,0.8692647022350567,0.0004983555346739325,-0.8571835075585014,0,0,0,0,0000,No Fault
0.206568051033655,0.07021452007909666,-0.06431248079400978,-0.6075785092021521,0.8124974409651686,-0.20383294064379917,1,0,0,1,1001,LG Fault
0.03685415849554089,0.06733452799663342,-0.11320082770263816,-0.5789361770762339,0.9944060428078658,-0.41791180355095775,0,0,0,0,0000,No Fault
0.06015139445067081,-0.003139382927460221,-0.06293860314330524,0.4579752648617579,0.5439986633964304,-0.998617728508759,0,0,0,0,0000,No Fault
-0.07988096867064827,0.06154524774366722,0.008260946347126364,0.09444027887698934,-0.8742644874812919,0.8110579102375856,0,0,0,0,0000,No Fault
0.027533385451924193,0.07388433072557181,-0.10998356717387482,-0.7176859793513778,0.9551548552358743,-0.2387981130906892,0,0,0,0,0000,No Fault
0.8483302845006847,0.0835447746931007,-0.03724551700274042,-0.38345954090372364,0.16890085590485426,0.22726372375641454,1,0,0,1,1001,LG Fault
0.9242867943868444,-0.17834093838059292,0.025617963845053417,0.07236126115127141,-0.5934934068068389,0.5470963213243546,1,0,1,1,1011,LLG Fault
0.023309347915506044,-0.026050118235396595,-0.005993192500351358,0.953724922487264,-0.21292177733647086,-0.7243975424852923,0,0,0,0,0000,No Fault
0.9588073289395335,-0.22706706357714937,-0.7256943903570846,0.06943496329656573,-0.08263172635308941,0.029474315495463456,0,1,1,1,0111,LLL Fault
-0.9826753449823848,-0.04408563750640292,-0.02025964066317871,0.024946990134779967,0.4552051246464575,-0.4739628901771728,1,0,0,1,1001,LG Fault
0.5176555771477505,0.4797605042439935,-0.9997841545278093,0.09036244139436343,-0.05397892209662519,-0.020705176553975625,1,1,1,1,1111,LLLG Fault
-0.0815154884017559,0.06754969425677905,0.0039937459695357416,-0.01407832551387872,-0.8257613980589685,0.8704407048216454,0,0,0,0,0000,No Fault
-0.1059579223492784,-0.7903398376158416,-0.07427527762792138,-0.04390575563505236,0.412723444435108,-0.36163976910612433,1,0,1,1,1011,LLG Fault
0.5865562870813337,0.026694159652918634,0.025869522748816487,0.41513266807141513,-0.8966744875547693,0.5123505730431183,1,0,1,1,1011,LLG Fault
0.5233779259693796,-0.9996388105919434,-0.05573491754523793,-0.013288143964254442,0.05657783140686143,-0.029434535620872018,1,0,1,1,1011,LLG Fault
-0.0825055722898898,0.0722430226723481,0.00013024813711125932,-0.06192164695855672,-0.7999336201849535,0.8920929677336731,0,0,0,0,0000,No Fault
-0.8893797691390106,-0.022712356855070823,-0.03676066156614029,-0.16976600857282984,0.6978488436128844,-0.5259819276965936,1,0,0,1,1001,LG Fault
-0.08254598941105884,0.08215260211015353,-0.009497463453131447,-0.2606704138992734,-0.6760863991539886,0.9651712423137349,0,0,0,0,0000,No Fault
-0.06399053534070188,0.10834280289429306,-0.05391219831211904,-0.8038141943639505,-0.09225652200220066,0.9148460484760762,0,0,0,0,0000,No Fault
0.007147146277045935,-0.8206856291363777,0.8135976388330045,-0.4722234355140337,-0.03163378536112185,0.5206030386258899,0,1,1,0,0110,LL Fault
0.3355504587739832,-0.9710268556324497,-0.0640967339310845,-0.026043780532188456,0.17853049340584962,-0.1409119798272172,1,0,1,1,1011,LLG Fault
-0.8518452770860859,0.34577056455533917,-0.023412213994707297,-0.11376307824402399,0.4634950838725383,-0.3433323515363248,1,0,1,1,1011,LLG Fault
0.9833248752001779,-0.6248137011729313,-0.35340203185850194,0.04231140837518392,-0.0830271108127931,0.057072670379984404,1,1,1,1,1111,LLLG Fault
-0.08085750713466475,0.0661451770946174,0.005284096103612898,-0.07331631863532782,-0.7974714122771428,0.9010089165746272,0,0,0,0,0000,No Fault
0.5837919962130025,0.41121341234067427,-0.994290331791958,0.08981202003008418,-0.05836258299913381,-0.01568645002218367,0,1,1,1,0111,LLL Fault
-0.9916819040399568,0.3849931148131886,0.5916464019718884,-0.019154658049689216,0.052278878638334414,-0.01917193644814121,1,1,1,1,1111,LLLG Fault
0.061358024497626534,-0.2521088679479037,0.18966447921750726,0.687836024584332,0.050701488415288015,-0.7264296470190855,0,1,1,0,0110,LL Fault
-0.4746112632963054,-0.5212081497563904,-0.07156025148018447,-0.03863360866903356,0.5505353705780075,-0.5073530111063508,1,0,1,1,1011,LLG Fault
-0.037153016140940985,-0.5115578785397259,0.5474415494993647,-0.7744959534665288,-0.06837087370761705,0.8611111650005328,0,1,1,0,0110,LL Fault
0.06133311178855988,-0.0007386793093246934,-0.06865737703557326,0.30471026238909166,0.6723851674984488,-0.975769228174949,0,0,0,0,0000,No Fault
-0.07501639620944864,0.7038955284404634,-0.6342250549709376,-0.2552442339449552,-0.06173653815628213,0.333722588189749,0,1,1,0,0110,LL Fault
0.7511192914671305,-0.9278925385780689,0.183162678601481,0.004535649758748914,-0.06569593826051091,0.07728851935331929,0,1,1,1,0111,LLL Fault
-0.07075032573154673,0.03798117611034472,0.023398874096544578,0.3414685602531453,-0.9518615431285055,0.6424442894988687,0,0,0,0,0000,No Fault
-0.05607283312544224,-0.2677925292418849,0.3216477241827221,-0.8155799569500829,-0.07952768825581936,0.913672621326439,0,1,1,0,0110,LL Fault
-0.3162979148469942,0.037801309825238286,-0.06370278370776997,-0.5381202096422537,0.964020828154764,-0.42787416064087397,1,0,0,1,1001,LG Fault
0.06261173910905288,-0.3664818672691842,0.3032437189053185,0.6122541757185896,0.047837944065410726,-0.6477295332753411,0,1,1,0,0110,LL Fault
0.04627784108919978,0.15427802874104368,-0.20290722971517727,0.8354915629935071,0.0505023284181705,-0.8742737061477269,0,1,1,0,0110,LL Fault
-0.008279781229753393,-0.01651194119707155,0.015601226005980299,0.9792626541878803,-0.6073828738774475,-0.348056381488463,0,0,0,0,0000,No Fault
0.875746774302237,-0.8368391027601898,-0.03405612879353424,0.01968890462628217,-0.07477737035171081,0.07134885673462452,1,1,1,1,1111,LLLG Fault
0.0607374476813938,-0.0011770874563492616,-0.06775651893033363,0.3335651971742678,0.6504135427393385,-0.9823120924701885,0,0,0,0,0000,No Fault
-0.24617473717770683,-0.7020138032430769,0.9429732620239278,-0.04690059610555955,0.0035299438629430024,0.058321582661405864,1,1,1,1,1111,LLLG Fault
-0.42248661555540934,-0.5596733669880277,0.977322487139952,-0.04872392967846667,0.015470843891956,0.04798225338071294,0,1,1,1,0111,LLL Fault
0.8950061351230766,-0.05916666141060202,-0.8332655104003138,0.07728156578089093,-0.07872993975513654,0.017631083024408346,1,1,1,1,1111,LLLG Fault
0.4429111239878656,0.540365735982414,0.05295168988327631,0.0905330636133078,-0.5701969562181992,0.5051378060297484,1,0,1,1,1011,LLG Fault
-0.5384996315128905,0.9925534831353084,-0.46474084741037835,0.05543596660540677,0.018498333152436826,-0.059538729087076595,0,1,1,1,0111,LLL Fault
0.9859632110538972,-0.5226212492847522,-0.03912641992735248,0.05143444254405452,-0.44254008780075355,0.41426073199538577,1,1,1,1,1111,LLLG Fault
0.9620440814763581,0.05000667193111755,0.005298715120506005,0.07610060070291622,-0.5661695614312785,0.5155047111205388,1,0,0,1,1001,LG Fault
-0.00905878801944478,-0.021217358202910323,0.021643111910567676,0.9769275032965875,-0.6357132531970003,-0.3168470482282243,0,0,0,0,0000,No Fault
-0.11650118626794376,-0.8032660468605933,0.9184131447559517,-0.04038837166768562,-0.006552740152012078,0.06206611152805138,0,1,1,1,0111,LLL Fault
-0.06686128315510806,0.10678121638307872,-0.049498332067508664,-0.7652419734135318,-0.15326331200442286,0.938336051230384,0,0,0,0,0000,No Fault
-0.01131294124907223,-0.020095960646582922,0.022752328266581183,0.9702154811711817,-0.6584638788451366,-0.2869348779089334,0,0,0,0,0000,No Fault
-0.9342743985755525,0.16176768198844185,0.7586599805594427,-0.031362030988112105,0.04898461013575717,-0.003575417403843262,1,1,1,1,1111,LLLG Fault
0.041065892276146446,-0.023135008388756,-0.026514277843936576,0.8199080735750488,0.09281625270247693,-0.90176579778078,0,0,0,0,0000,No Fault
-0.9285533748120398,0.14642597238920432,0.768378142857077,-0.03207866206951949,0.04863317130765925,-0.0024987768459457903,1,1,1,1,1111,LLLG Fault
0.04799244186398173,0.049185756586647325,-0.1057602252814431,-0.3859882892843196,0.9882648673481991,-0.6051135155551318,0,0,0,0,0000,No Fault
-0.08113736091231087,0.08170990196337567,-0.010057100115305612,-0.31814443417854793,-0.6346487497282111,0.980573642363805,0,0,0,0,0000,No Fault
0.05382391854732969,-0.7751553335378331,0.7219254335150126,0.19888321503230402,0.02020251937169798,-0.20510280645143644,0,1,1,0,0110,LL Fault
-0.017412632139352027,-0.6824782937030635,0.6992503587099318,-0.6712544923817905,-0.053320980450829614,0.7422605052085464,0,1,1,0,0110,LL Fault
0.29660986426553654,-0.9564542552882166,0.6623372912402945,-0.02844150079791241,-0.033700218807121915,0.07775021093627273,0,1,1,1,0111,LLL Fault
-0.06438907654752853,0.10665008501274824,-0.05169187690598201,-0.7936773241739707,-0.1086936608448255,0.9214313606875704,0,0,0,0,0000,No Fault
0.006832394522234801,0.091419451244278,-0.10704451248665174,-0.8959089078256994,0.8248348307295661,0.07269036061520742,0,0,0,0,0000,No Fault
0.05818315240092422,0.025742165623980864,-0.09221926216567165,-0.08233409416042539,0.9011627434621832,-0.820817731964516,0,0,0,0,0000,No Fault
-0.9990574491523281,0.5360287912555866,0.4474477357430474,-0.008754468565710737,0.05229904385101079,-0.029620244842242287,1,1,1,1,1111,LLLG Fault
0.9454789235005759,-0.717384983410381,-0.012963262361371878,0.03494671917624969,-0.3688361043890611,0.35568953820620547,1,0,1,1,1011,LLG Fault
-0.4716140637909221,0.99214931899943,-0.5330174795038554,0.0600632830879658,0.013769832710594784,-0.05936008242593159,1,1,1,1,1111,LLLG Fault
0.7353214444422672,0.19423660005730295,0.04301068949611638,0.08602138000540396,-0.6245774340319344,0.5650738812190805,1,0,1,1,1011,LLG Fault
-0.652404704957127,0.0076756272852812335,-0.053542633726396976,-0.38482692637151367,0.9007212497492264,-0.5170730661504908,1,0,0,1,1001,LG Fault
0.12587430023756604,-0.9201556126787848,0.7930020051482454,-0.03500557007635853,-0.022501508970340946,0.07292046024546492,1,1,1,1,1111,LLLG Fault
0.05975605725743015,-0.6294322555238456,0.5697916541591557,0.3578554753051364,0.03420834300452927,-0.37876813652129754,0,1,1,0,0110,LL Fault
-0.9156519921287487,0.1165310430901175,0.7879278859263189,-0.033463080813981465,0.04786022111522238,-0.00032307131817249125,0,1,1,1,0111,LLL Fault
0.003346733210559269,0.6786659848789043,-0.6864046141124572,0.7225028788182334,0.023895881399660188,-0.7338741247113563,0,1,1,0,0110,LL Fault
0.5321619253402174,0.46644242344936193,-0.9984176858521424,0.09034883878440365,-0.05493613129281435,-0.019716165829253667,0,1,1,1,0111,LLL Fault
-0.9311337792198584,0.7770726167771448,0.13830585380837673,0.013269837755638628,0.04673594537330787,-0.04603427460807102,1,1,1,1,1111,LLLG Fault
-0.040165057823273134,0.8808533232164262,-0.8462806216500824,0.33189457431926866,-0.0164646291363685,-0.3011038380106649,0,1,1,0,0110,LL Fault
0.03053521171841663,-0.024194952857381664,-0.015159944301374066,0.9099874380941352,-0.09036953483685686,-0.8054219607942276,0,0,0,0,0000,No Fault
0.46902171339976484,0.08052299435149593,-0.05835023640082793,-0.572725070116944,0.6333135912702459,-0.05619464557133069,1,0,0,1,1001,LG Fault
-0.1586010453343465,0.9310357904554543,0.049729184605736367,0.07662542856989234,-0.3154035194141297,0.25945378329062296,1,0,1,1,1011,LLG Fault
-0.4269377329879065,-0.5672317030054917,-0.07265929389053495,-0.04638441562380512,0.54010985529183,-0.4889583000942901,1,0,1,1,1011,LLG Fault
-0.21991876033645089,-0.7378964611360831,0.9553682663483485,-0.0408550097697485,9.091822977213074e-05,0.05576425483315821,0,1,1,1,0111,LLL Fault
-0.5118010893301645,0.9934701363788895,-0.4921290026475135,0.057318933915122286,0.016621102512831408,-0.0595138361594183,0,1,1,1,0111,LLL Fault
-0.8705056504834662,0.8561446877757826,-0.001121984741816101,0.023102871918580386,0.04221947014331548,-0.05129119558873961,1,1,1,1,1111,LLLG Fault
0.36975758565691697,-0.9713362417439722,0.6025044404191174,-0.02444055893023997,-0.038817164584042316,0.07895270951639595,1,1,1,1,1111,LLLG Fault
0.5714113828471589,0.42476161327666045,-0.9955171804393749,0.09001404946005527,-0.05755489025385615,-0.01671203666293563,0,1,1,1,0111,LLL Fault
0.1739948795169464,-0.9224959353564749,0.7475906586213402,-0.03423228201113844,-0.025236842959515955,0.0749323631856743,1,1,1,1,1111,LLLG Fault
0.9556526870506286,-0.2844325715566318,0.019471416415281054,0.06690083866981344,-0.5686530187899883,0.5272594463975314,1,0,1,1,1011,LLG Fault
-0.3866874158589509,0.9848054307548548,-0.609847551326037,0.06529684080962521,0.00783628887057648,-0.05856137331815013,1,1,1,1,1111,LLLG Fault
-0.5129502524815382,-0.4611040559810799,-0.07167463313996446,-0.0486324693538283,0.5562532707633911,-0.5031540477960353,1,0,1,1,1011,LLG Fault
0.1368052342344887,0.7854729822556021,-0.9265891144034403,0.08641937023631079,-0.028220114719702327,-0.04299927333049048,0,1,1,1,0111,LLL Fault
-0.6778075901209,0.9756159902466536,0.025393356201672164,0.04351421229461144,0.034675939348131346,-0.06406997076786854,1,0,1,1,1011,LLG Fault
-0.5903682988703005,0.9878630130283493,-0.4087029743307762,0.051560716077208066,0.02215571789059717,-0.05937999379990311,0,1,1,1,0111,LLL Fault
0.022050988151317664,-0.028832432247322973,-0.001680633369186793,0.9638011343453434,-0.24520215463476894,-0.7016075214033687,0,0,0,0,0000,No Fault
-0.04272275173877207,-0.845130483352929,-0.07374220437870864,-0.04144169653751264,0.3908915278166587,-0.34186415030520545,1,0,1,1,1011,LLG Fault
-0.5253869384589823,-0.0701222678592501,0.036389258224129084,0.6002005907208439,-0.6180379693250865,0.04286793246615687,1,0,0,1,1001,LG Fault
0.9344082175760927,-0.20893650032766214,0.023902601658760278,0.07086182626274726,-0.5870962378479925,0.5420811664725645,1,0,1,1,1011,LLG Fault
-0.7677370985167109,-0.13621053033543554,-0.061296074596364644,-0.043018849348447616,0.5932725280616812,-0.5465043046457102,1,0,1,1,1011,LLG Fault
0.6676683771051591,-0.9695927458846227,0.30542684084867794,-0.0029635656509810204,-0.060010806343443156,0.07901460049770219,1,1,1,1,1111,LLLG Fault
0.02292062738787495,-0.0245288232713812,-0.007278746949489004,0.9528243708307117,-0.21161864598099156,-0.7248224635731575,0,0,0,0,0000,No Fault
-0.9289991140983824,0.7706262542160626,-0.0030735451587702318,0.01113155220348469,0.3048241215953618,-0.30687611316999336,1,0,1,1,1011,LLG Fault
-0.08337631301350554,0.08327699304126633,-0.0100758425314659,-0.23210447742537466,-0.6949672216134759,0.955768685876518,0,0,0,0,0000,No Fault
-0.366893411383255,0.9881731609399129,0.04285678933557038,0.0661705309707751,-0.19241631128661912,0.1446153189455868,1,0,1,1,1011,LLG Fault
0.060370384958511075,-0.005968865658520887,-0.062458180551238036,0.3926514186529253,0.6011474570787692,-0.9913539751862215,0,0,0,0,0000,No Fault
-0.27911715656496355,0.9692065604084623,0.04613489759736467,0.07096550607620214,-0.2465330958915277,0.19495136468818164,1,0,1,1,1011,LLG Fault
0.8715393862872222,0.08273833728076843,-0.034911808882904724,-0.3602852869416915,0.12333528662625107,0.25045827799843656,1,0,0,1,1001,LG Fault
0.059198669051219045,-0.15926106369068932,0.09867709858211698,0.7372382945974538,0.052009228592346815,-0.7772954474396274,0,1,1,0,0110,LL Fault
-0.5391265514146565,-0.43331168804775627,-0.07101975780251119,-0.048458278320518966,0.5625407827812716,-0.5097355277894665,1,0,1,1,1011,LLG Fault
0.8156618004752502,0.023947340998359063,0.02332868599618442,0.2941829902214216,-0.8175682532148457,0.5530135133597691,1,0,0,1,1001,LG Fault
-0.05270923540443929,0.05474691032639702,-0.06602147691675818,-0.5909607000838213,0.925882751907525,-0.33603177660047195,1,0,0,1,1001,LG Fault
-0.4437038378017923,0.9906305163917744,-0.5591642265739633,0.06185301553354993,0.011815543480408863,-0.05916318490871064,1,1,1,1,1111,LLLG Fault
0.9661118855497914,-0.2555546595675609,-0.7044488699505932,0.06769180470075206,-0.08300219275286284,0.031599593716617885,0,1,1,1,0111,LLL Fault
-0.03531332074630461,0.8734059152948159,-0.8434989615269047,0.39094487740818823,-0.01110114377026423,-0.36577596088244607,0,1,1,0,0110,LL Fault
-0.34276170685353,0.9776756156951734,-0.6462430642734391,0.06778724499348411,0.004772097337123967,-0.05793604074718964,1,1,1,1,1111,LLLG Fault
0.022702883589935843,-0.8749214298398804,0.8527361009027613,-0.3009306643089489,-0.017674705341817334,0.334632167785344,0,1,1,0,0110,LL Fault
0.6543560186377172,0.08441018090276158,-0.051087597714688626,-0.5123800225564034,0.4574095427798242,0.06254241797705115,1,0,0,1,1001,LG Fault
-0.03163072265397385,-0.006093121948263256,0.02871262537612706,0.8670311803224202,-0.8297338413871901,-0.008956946483634463,0,0,0,0,0000,No Fault
-0.039027427447812874,-7.695418577760831e-05,0.030008339186304717,0.8079751260151438,-0.8792654019674565,0.10072717302394403,0,0,0,0,0000,No Fault
-0.9759504558559162,0.6721069189228843,0.29030456391042875,0.0025392994075815675,0.05026099640898764,-0.03886723202442021,0,1,1,1,0111,LLL Fault
-0.8155783496218169,-0.08469959986542215,0.890486654654485,-0.04117759605142952,0.04149675740070811,0.013896118213169445,0,1,1,1,0111,LLL Fault
-0.9389940907738983,0.17789232764190488,0.7494273376047029,-0.030619260397249874,0.04929477994421998,-0.0046362113113170254,0,1,1,1,0111,LLL Fault
0.34319466614537675,-0.02360589018798032,0.04308420861499145,0.5705458879257054,-0.9966017384874709,0.4583488491237801,1,0,0,1,1001,LG Fault
-0.7273953255871695,-0.19771266884369193,-0.06368041972261493,-0.0446335421394264,0.5918854766677643,-0.5434719582179927,1,0,1,1,1011,LLG Fault
-0.07048938274429124,0.03823418332124378,0.02275591594487482,0.35532448860364146,-0.953240807426411,0.6299570646549597,0,0,0,0,0000,No Fault
-0.2041183225414995,0.9469751606189933,0.04848796777363186,0.07461264522649694,-0.29008066318909986,0.23566850516641177,1,0,1,1,1011,LLG Fault
0.06279259053988835,-0.3542687965937057,0.2907078289606116,0.6214676028570189,0.04822117534742407,-0.6573578921137827,0,1,1,0,0110,LL Fault
0.7807809327473076,0.06334073389191162,0.033441473002714474,0.16024619789885963,-0.6874893762353957,0.5547580729187875,1,0,1,1,1011,LLG Fault
0.4896564343556765,-0.988157993421775,-0.05716011056551596,-0.01649458387892159,0.0763553431505187,-0.04637241343594671,1,0,1,1,1011,LLG Fault
0.23539094929075657,-0.9417573745121398,0.7060443039833056,-0.031446167842535164,-0.029482946396882946,0.07646554227943111,1,1,1,1,1111,LLLG Fault
-0.7208743726489061,0.9540048646071618,-0.24763518220632527,0.04034829733605834,0.03139325601187703,-0.057550681869206435,1,1,1,1,1111,LLLG Fault
-0.03398068580006305,0.8712020421873886,-0.8427153708845627,0.40274875394496973,-0.010012573449462924,-0.37872035746864124,0,1,1,0,0110,LL Fault
-0.06617054183255068,0.03189136367438798,0.024703491049153745,0.4544858755294698,-0.9631657040329078,0.5406460222446755,0,0,0,0,0000,No Fault
0.304856808606348,0.6696282099443973,-0.9769846897212308,0.08948959985450954,-0.03963455236095019,-0.034446598644405683,0,1,1,1,0111,LLL Fault
0.18662339936455513,-0.9301745018314329,-0.06901044432147613,-0.03351890726726223,0.26646527502678735,-0.22302051184906768,1,0,1,1,1011,LLG Fault
-0.04042047383057267,0.002242664064949514,0.028926733805597224,0.7978845698257777,-0.8842584613904374,0.11593228969662683,0,0,0,0,0000,No Fault
0.013978896996474607,0.09059178881369204,-0.11384383214989545,-0.8377087407231208,0.8922598983523915,-0.0543686662192507,0,0,0,0,0000,No Fault
0.05895447300347687,0.022644312806133417,-0.09029538528067384,0.024544728838939572,0.8536257313337513,-0.8795408079004783,0,0,0,0,0000,No Fault
-0.8045120833541778,0.16369625783249858,0.6305263531118368,0.08208469653168014,0.015605148642429498,-0.08331002225371822,0,1,1,1,0111,LLL Fault
0.007945685551516882,0.09403464521857284,-0.11117065463571604,-0.884278148388688,0.8452888925597994,0.04018655554133537,0,0,0,0,0000,No Fault
-0.08219237910275436,0.08583364416265504,-0.01354204770786196,-0.32058551142726915,-0.6311164003128532,0.9794218101916857,0,0,0,0,0000,No Fault
0.041613153995303055,0.059037268260394654,-0.10931521400408033,-0.511635326121476,0.996025716703332,-0.48704149024842347,0,0,0,0,0000,No Fault
-0.07418156950065084,0.11329977020615684,-0.04279561106706161,-0.736952139825364,-0.08452694887412777,0.8399304776280285,0,1,1,0,0110,LL Fault
-0.08300506853516865,0.08077436550771218,-0.007800443469915821,-0.21592749088879015,-0.7067597913805583,0.9515651647991087,0,0,0,0,0000,No Fault
-0.0812541580254742,0.06922154033655206,0.0025903682459678026,-0.12005067788761323,-0.7705522612456073,0.9204371936178041,0,0,0,0,0000,No Fault
-0.7096637073760845,0.31857908804966784,-0.008826481453790481,0.07021088439026432,0.3364526807664236,-0.39834083245008933,1,0,1,1,1011,LLG Fault
0.9827127552096014,-0.5381759112095474,0.0022190433968869317,0.050484437317016045,-0.475072399987093,0.4483629182862616,1,0,1,1,1011,LLG Fault
0.9820833237789808,0.071090629875386,-0.015587807227129529,-0.15860841471447779,-0.22873754896325746,0.4070006822708558,1,0,0,1,1001,LG Fault
0.017689227531039374,0.550861132792399,-0.5725095665694918,0.7962372560979651,0.03436751564868688,-0.8184743339169883,0,1,1,0,0110,LL Fault
0.6137530395857657,-0.9718107283242386,0.36108205853953557,-0.007876275448924282,-0.055942505028472325,0.07979483119084804,1,1,1,1,1111,LLLG Fault
-0.8702302195987912,0.275251101963687,0.5819294812835846,-0.07307283504181585,0.056450548312579465,0.030638355030026623,1,1,1,1,1111,LLLG Fault
-0.014731520126941658,0.10477618042620757,-0.09918620168851049,-0.9848908241014116,0.6282895986925977,0.3621831608079014,0,0,0,0,0000,No Fault
-0.03770445625825556,-0.021783119264677655,0.015889068546954776,0.6499197040203643,-0.8888757885760679,0.2689943853248087,0,0,0,0,0000,No Fault
0.8323358797655586,0.06500027166706662,-0.8956919970438721,0.0819538937290514,-0.07473297969695392,0.008873559463314565,1,1,1,1,1111,LLLG Fault
-0.026923900577136124,-0.007152499261841442,0.024834801439697886,0.9011274419901129,-0.7855968352620395,-0.08811817631803287,0,0,0,0,0000,No Fault
0.002835970143746212,0.09637582791812485,-0.10831378646204368,-0.9170044672123983,0.8003448134852508,0.11879660226675069,0,0,0,0,0000,No Fault
-0.06390086691035385,-0.13440258701931534,0.19559632444411915,-0.8055636995287202,-0.08285184774975729,0.9070170495851579,0,1,1,0,0110,LL Fault
-0.9367691975822753,0.7673424277200617,0.1536535120339904,0.012179341299508708,0.0471648085201032,-0.045377888538590316,1,1,1,1,1111,LLLG Fault
-0.04683968223448742,0.11640406002767478,-0.07942105127973234,-0.9538258936199541,0.23296850543082667,0.7338587859452543,0,0,0,0,0000,No Fault
0.4639035006470509,0.08003439333356188,-0.05885387856668027,-0.5753210355537202,0.6447732157531245,-0.06526888612516442,1,0,0,1,1001,LG Fault
-0.08259047771168394,0.07734031197657237,-0.0046241905169099266,-0.184366427781389,-0.728436127905379,0.9420081026957733,0,0,0,0,0000,No Fault
-0.9244988647272377,0.787516784852498,0.12361366332666829,0.014370545625774153,0.046270167960694344,-0.04666328439343785,0,1,1,1,0111,LLL Fault
0.3265392411005523,0.07548497128065093,-0.062174127815697575,-0.5981758608947075,0.7402474452841183,-0.1396394674145924,1,0,0,1,1001,LG Fault
0.005039408306789744,0.0949005895032767,-0.10901908335380053,-0.9042392260933623,0.8184245149777026,0.0875747269021288,0,0,0,0,0000,No Fault
-0.2865859159324558,0.04005934426788999,-0.0641749998101794,-0.5469339772656377,0.962609271358748,-0.41759868462182076,1,0,0,1,1001,LG Fault
0.05873669943072903,0.023694158771190105,-0.09113226632443998,0.00889719976031619,0.8615835090971821,-0.8719605832824864,0,0,0,0,0000,No Fault
-0.03448865380361861,-0.004944704530914766,0.030523228456659918,0.8437723947983854,-0.8534159247645932,0.038494989094144845,0,0,0,0,0000,No Fault
0.04893871420101554,-0.7923418642111865,0.7437644565176017,0.0815611054151199,0.015448898586675183,-0.08262582786865527,0,1,1,0,0110,LL Fault
-0.033737956924672526,-0.5398214057779641,0.5723026621637871,-0.7614953547962745,-0.06571820236419454,0.8453730880423665,0,1,1,0,0110,LL Fault
-0.04644219000751097,0.007866524786892449,0.029253070359942207,0.7383148348514174,-0.9167826693006287,0.20880136024415258,0,0,0,0,0000,No Fault
0.30016015525971596,0.6645306410006829,0.054517655726675704,0.08955063151399545,-0.5237527057195189,0.4587972417227932,1,0,1,1,1011,LLG Fault
-0.979898020796299,-0.06056070981582966,-0.0027588265028516386,0.21926367776331088,0.16642988185009966,-0.37453955102282277,1,0,0,1,1001,LG Fault
0.06116877905761622,0.002435559788512842,-0.07180684228800899,0.273959649065524,0.6960151944950338,-0.9690155308741712,0,0,0,0,0000,No Fault
-0.2845595707512371,-0.061726982377169004,0.04298105938991909,0.6446484632371635,-0.8009410603579081,0.18467617723976565,1,0,0,1,1001,LG Fault
-0.9470533743524181,-0.06592544861411116,0.004985019469313753,0.3014580051475148,0.028864763928540718,-0.3167761637368857,1,0,0,1,1001,LG Fault
-0.2907277021536346,-0.6679530411473369,0.9553143042518542,-0.0475764358032367,0.006578907513297472,0.05589239173893085,0,1,1,1,0111,LLL Fault
-0.8020055639925076,0.9122245368050679,-0.12528956785430262,0.031811902241119364,0.03722615341603992,-0.054935242510513224,1,1,1,1,1111,LLLG Fault
-0.04609053622291342,0.11347588172979062,-0.07694646206718651,-0.9520925369290324,0.23046025947346693,0.7346766775800263,0,0,0,0,0000,No Fault
0.01801369965084423,-0.858514236249008,0.8380482348166871,-0.04022498739898102,-0.014498770922519683,0.06999911292561628,1,1,1,1,1111,LLLG Fault
0.06040941163906787,0.015541605918855173,-0.08433102715939558,0.08878304532868475,0.8172152932167042,-0.9068480494281728,0,0,0,0,0000,No Fault
0.870742748958352,-0.8406694457675484,-0.026021089717094978,0.020819829006246165,-0.2607547848814362,0.2597216296092102,1,0,1,1,1011,LLG Fault
0.040048878237834165,0.06118965973881371,-0.10992286688965656,-0.5382578704890769,0.9950915791255623,-0.459396500699945,0,0,0,0,0000,No Fault
-0.07244041477372942,0.10772623699789027,-0.0453236170273046,-0.6931148453976748,-0.2546120753055974,0.9692897142039533,0,0,0,0,0000,No Fault
-0.07972081217879332,0.06036275923115785,0.009703141200593499,0.05023954757775197,-0.8580070085304359,0.8388098341703852,0,0,0,0,0000,No Fault
-0.039720672307277265,0.1117591468367515,-0.08140929769085523,-0.9749936614690995,0.3183674933522178,0.6680631091748312,0,0,0,0,0000,No Fault
-0.9966441680103172,0.4275014570089107,0.5539239469857742,-0.016423927932954635,0.05248716403744873,-0.022122144129666822,1,1,1,1,1111,LLLG Fault
-0.062135299067170066,0.10769717808560765,-0.054977604002695746,-0.8211339300617361,-0.06271759573857286,0.9021122293042836,0,0,0,0,0000,No Fault
-0.829235838251698,0.8928275737684116,-0.07883536016468105,0.028558911501290564,0.0392015658723766,-0.05368652480815003,1,1,1,1,1111,LLLG Fault
0.062029106465780845,-0.5891694712758123,0.5272877963830633,0.4888295119495628,0.029192224909256735,-0.5049780994962584,0,1,1,0,0110,LL Fault
-0.0236080214748165,-0.009367460442042152,0.023770425335643344,0.9199499626570038,-0.7582043899723017,-0.1349028574316444,0,0,0,0,0000,No Fault
-0.06748621888351566,-0.016354436832154352,0.022547277847304398,0.7048116887511904,-0.8453399067773107,0.16959482933789477,0,0,0,0,0000,No Fault
0.3064399934020833,-0.3305938275085755,0.024920218356468196,0.0843183204104414,-0.8854275566276,0.8325816091592976,0,1,1,1,0111,LLL Fault
0.044404440407612406,-0.02632794242044935,-0.026216782611321782,0.7949613802932609,0.13516035602949272,-0.9199006138320416,0,0,0,0,0000,No Fault
-0.9378465629761991,-0.031724083054357435,-0.030387719277101103,-0.0930743686287777,0.6079781400809066,-0.5113007530647357,1,0,0,1,1001,LG Fault
0.008644817216222516,0.0947398827293965,-0.11271491610802274,-0.8777896639671082,0.8547101961137004,0.024080783526136962,0,0,0,0,0000,No Fault
0.03664895184767246,0.061332507736774705,-0.06585089799472427,-0.6043205451468211,0.8903078051091731,-0.2863864766208936,1,0,0,1,1001,LG Fault
0.74429225439948,-0.9463487330819704,-0.04023349821394395,0.005341542314653676,-0.12420400580080716,0.13609883761331573,1,0,1,1,1011,LLG Fault
-0.6778538774009993,0.9756972900296602,0.025394260506574118,0.04350676218904768,0.034680768253887405,-0.0640674198034351,1,0,1,1,1011,LLG Fault
0.001067866879515121,-0.02165137401913879,0.011637048650536094,0.9934239102311422,-0.5091886612285932,-0.46231277907042806,0,0,0,0,0000,No Fault
0.7721594282081724,-0.7208826733979663,-0.04533643754299221,0.052425684845465115,-0.6132204950000762,0.5871861900369417,0,1,1,1,0111,LLL Fault
-0.9978075200901881,0.44146738980765515,0.5410674320241244,-0.015494990222973959,0.05252281605578378,-0.02308987153315894,1,1,1,1,1111,LLLG Fault
0.0008036242680777256,0.10156308045594813,-0.11171710286060031,-0.9257201631591867,0.7948666626448979,0.13311751047426712,0,0,0,0,0000,No Fault
0.9294622857778645,-0.19366326916760981,0.024764574361837495,0.07161779653291517,-0.5903656675856737,0.5446546641503496,1,0,1,1,1011,LLG Fault
0.8562789895942307,0.08329502997271063,-0.03647406586810534,-0.37583206362140825,0.15375296045886203,0.23505137624642503,1,0,0,1,1001,LG Fault
-0.7099065222977332,0.9581865952847552,-0.2627036472201627,0.04139643015659954,0.03060956215143932,-0.05780303112008485,1,1,1,1,1111,LLLG Fault
0.9410968627118734,-0.7280090904652661,-0.013979018217408348,0.03387338592136997,-0.36098865676525377,0.34876935213747456,1,0,1,1,1011,LLG Fault
0.86812922612348,-0.8448139259983445,-0.018504140576796113,0.01859506960187533,-0.07421639844140948,0.07187397449467445,1,1,1,1,1111,LLLG Fault
0.9058924168544535,0.08101653528352563,-0.03090218823372821,-0.31980696881739645,0.046755210830086005,0.28790594448694273,1,0,0,1,1001,LG Fault
0.049567980717177336,-0.016115766532687578,-0.04212470200204253,0.6877166929707337,0.29074822866282146,-0.9709119923676728,0,0,0,0,0000,No Fault
-0.03484249609317771,0.11665421944255856,-0.09162029535662639,-0.9935327886723424,0.40978464100644674,0.5934994576393201,0,0,0,0,0000,No Fault
0.9668322394569753,-0.6499873750411684,-0.0068623950646370105,0.041304644198208035,-0.41402666317695147,0.3953628758160842,1,0,1,1,1011,LLG Fault
0.4657166202162544,-0.4813458950346831,0.01824061217917524,0.07717515590667759,-0.8662939917653352,0.8202470546722542,0,1,1,1,0111,LLL Fault
-0.9476800852427135,-0.03388953318641578,-0.028740308960755696,-0.07357259568826154,0.5839137591609745,-0.5063331876334688,1,0,0,1,1001,LG Fault
-0.771450364650726,-0.005943805766342647,-0.04684298970709413,-0.29604014858928,0.8272777958363228,-0.5312580773755547,1,0,0,1,1001,LG Fault
-0.3443021745202064,-0.6405088564978892,-0.07391257954860575,-0.040022925076711624,0.511741723444669,-0.4664301939676265,1,0,1,1,1011,LLG Fault
-0.719683719985872,-0.23619431689231812,0.9453483681041771,-0.04283402423509959,0.034498205192907354,0.02268829828331162,1,1,1,1,1111,LLLG Fault
0.9140429549088276,-0.10430120560797074,-0.8068655531387058,0.07516949867970774,-0.07987867396943614,0.020919282775028407,1,1,1,1,1111,LLLG Fault
-0.07238884049818045,0.05480287839794408,-0.06596532680181408,-0.5925231500374185,0.9258827082143429,-0.3344651398025427,1,0,0,1,1001,LG Fault
0.0577392928726371,-0.11859396337129499,0.059440730511929746,0.7555500965487222,0.05231715710239404,-0.7959695690324421,0,1,1,0,0110,LL Fault
-0.9863460019408048,0.35702716114956884,0.61676521407653,-0.020912422470560674,0.052030126879523034,-0.017156038041336977,0,1,1,1,0111,LLL Fault
0.0458598449047893,-0.8119302544490534,0.7665608944601671,0.029225319332431696,0.011563883697588206,-0.026192551694541787,0,1,1,0,0110,LL Fault
-0.442688302952013,-0.5602883152407532,0.9980600021755597,-0.042569958285929674,0.015015996247933764,0.04227544582961779,0,1,1,1,0111,LLL Fault
-0.8155425525923806,-0.0846792065487033,0.8905191713931085,-0.04117671618245013,0.04149606640112438,0.013895940123861873,0,1,1,1,0111,LLL Fault
0.3434852865910731,-0.023603503963023836,0.04308659645196604,0.5705641184820353,-0.9966017109769487,0.4583305422025518,1,0,0,1,1001,LG Fault
-0.013332630794046138,-0.8428282311267731,-0.07321397915500961,-0.04121038802821446,0.37007675773065635,-0.32088630995197515,1,0,1,1,1011,LLG Fault
0.3577695100757883,-0.022450081825510514,0.04280192747295723,0.5656591317957316,-0.9964610351132174,0.4631051874444669,1,0,0,1,1001,LG Fault
0.4065976900584019,0.5845384782127147,-0.99478838232273,0.09037042928900432,-0.04652855163876177,-0.028304939877573196,1,1,1,1,1111,LLLG Fault
-0.8731535853783116,0.8524615166267854,0.005927470657812479,0.02095156266091664,0.2286324264036349,-0.23908462086014484,1,0,1,1,1011,LLG Fault
0.0326360314734315,-0.857977450535008,0.8258119612628475,-0.17773873493035133,-0.004905049217218058,0.1981016557067636,0,1,1,0,0110,LL Fault
-0.02143347777865488,0.11135999000282397,-0.09955768735620216,-0.9963274466154277,0.5701043784566399,0.43293947731429694,0,0,0,0,0000,No Fault
-0.053412700755251785,0.87332225637829,-0.8256284466072766,0.15676704136057104,-0.031406019275850884,-0.11028708455620043,0,1,1,0,0110,LL Fault
-0.07954093874981866,0.35087240433843936,-0.27578146797816616,-0.6087150121159068,-0.08102439011763819,0.7077843462125464,0,1,1,0,0110,LL Fault
0.79824622625924,0.021521682963668232,0.024725102235107148,0.31190309919712533,-0.8349148688796044,0.5529222195039878,1,0,0,1,1001,LG Fault
-0.06916933522843517,0.10363455222467323,-0.0439255076317716,-0.7228644967456858,-0.21474555988649474,0.9584951919510581,0,0,0,0,0000,No Fault
0.030159023502732384,-0.030129561968961882,-0.00828561783055389,0.9254785050882303,-0.12584046920606515,-0.7848100477967543,0,0,0,0,0000,No Fault
-0.8232178407268108,-0.012352777496710338,-0.04840876074144043,-0.05545265122371666,0.5826608830562507,-0.5232245214782147,1,0,1,1,1011,LLG Fault
-0.020318087489709244,0.11093963911866904,-0.10024218199642826,-0.9950407360876652,0.5827667403086391,0.4187467076615283,0,0,0,0,0000,No Fault
0.9966482973716034,-0.5246500879123699,-0.4670896602641393,0.05044768839674624,-0.0842922922122116,0.05020400818629398,1,1,1,1,1111,LLLG Fault
-0.8884090433416401,-0.07019920450206531,0.013232318401714321,0.3861555022165458,-0.12491666587499742,-0.24499853968004515,1,0,0,1,1001,LG Fault
0.04614821200562168,-0.02051030501838256,-0.034183385770605104,0.7531386388146154,0.1996142144469259,-0.9436439601691952,0,0,0,0,0000,No Fault
0.3557969676574258,0.07663413596250698,-0.061509469977407555,-0.5942904844724788,0.7202724775774457,-0.12318112309272969,1,0,0,1,1001,LG Fault
-0.07567107883693867,0.09669645089864796,-0.030515989422626906,-0.5816630094556205,-0.3894582555091343,0.9949474925649221,0,0,0,0,0000,No Fault
0.9113340997831811,-0.7930356483226033,-0.11096048598203878,0.025168983545201067,-0.07738632100250212,0.06851270865869805,0,1,1,1,0111,LLL Fault
0.9968685643754577,-0.43223871564773964,-0.5600042151263924,0.05740909828320786,-0.0846837183932694,0.04362299650178278,1,1,1,1,1111,LLLG Fault
-0.5730178276013878,0.009312645041322792,-0.057244673910893114,-0.40545464708726187,0.9160858229218299,-0.5120467972067282,1,0,0,1,1001,LG Fault
0.005485543566437057,0.05953189495019522,-0.0659525377886432,-0.6017158352925431,0.9016104335156696,-0.30051520502886464,1,0,0,1,1001,LG Fault
0.05956495319789605,-0.006274365696095456,-0.06148275860011732,0.42043102855455994,0.5773649214574311,-0.9949733897183979,0,0,0,0,0000,No Fault
-0.6315323659932204,0.9874383349211042,0.02872642091207788,0.04760705853294925,-0.0035525623668814753,-0.02921972034053933,1,0,1,1,1011,LLG Fault
0.8809350699914122,-0.8374752655632611,-0.02503985333828177,0.022449489437563974,-0.2698220733277608,0.2673269268931431,1,0,1,1,1011,LLG Fault
0.041832072937344505,-0.02280958775490458,-0.027599961797544613,0.8109598488146954,0.1081593498669408,-0.9084281039362475,0,0,0,0,0000,No Fault
0.9739026626387896,-0.6737610061131462,-0.2925531732093442,0.038441821900751565,-0.08228015482717917,0.060191383525973884,0,1,1,1,0111,LLL Fault
0.060619137987599915,0.015168730994192515,-0.08403088974984997,0.07401329327927439,0.8247876437111542,-0.8997551876370257,0,0,0,0,0000,No Fault
0.8562786164482793,0.08329500864588442,-0.0364740815577259,-0.3758320718444828,0.15375296855019208,0.23505137624642503,1,0,0,1,1001,LG Fault
0.049255057447613174,0.046972615023770224,-0.10479256444768664,-0.3569319368659207,0.9838916426431504,-0.6297906880173111,0,0,0,0,0000,No Fault
-0.065473119671419,0.03270475442525365,0.022913741816589554,0.480316164488039,-0.96160058512097,0.5131524333422586,0,0,0,0,0000,No Fault
0.8276154913521523,-0.8806782324311141,0.059871902981592326,0.013151594877113744,-0.0712231937644903,0.07428187550001934,0,1,1,1,0111,LLL Fault
-0.08168904674527362,0.07155334395821698,0.0005558390881365838,-0.13635594932139197,-0.7600584357148671,0.9260927328849946,0,0,0,0,0000,No Fault
0.9925503488477406,0.0657718921809923,-0.00944825753959482,-0.09120196961450429,-0.33249024803170324,0.44513709596459355,1,0,0,1,1001,LG Fault
0.7849278971174544,0.11609061811016136,0.03992928261253141,0.08397677994186804,-0.6252432210313177,0.567802323190353,1,0,1,1,1011,LLG Fault
-0.06392507870188448,0.11486982808129519,-0.061038238779722274,-0.8253831347738626,-0.05656945040722647,0.9001078836168205,0,0,0,0,0000,No Fault
0.057845358258499596,0.026825432043954787,-0.09297071810044416,-0.09792104220404949,0.9076259587114528,-0.8117753232254354,0,0,0,0,0000,No Fault
-0.05677451760583287,0.11087940316824373,-0.06361368664480652,-0.8787907739580073,0.04617399926687211,0.8489639522201791,0,0,0,0,0000,No Fault
0.05946795074834628,0.002314868538629417,-0.07041872730405224,0.3456834155381628,0.6423564002067274,-0.9862523991999823,0,0,0,0,0000,No Fault
0.01760531515676682,-0.85866809427406,-0.07273495726502531,-0.040188422675581655,0.35508015235511603,-0.3066297958699214,1,0,1,1,1011,LLG Fault
0.660011387026303,0.08461069536518721,-0.05042185572361748,-0.507437186702452,0.443864093169419,0.07138897300013002,1,0,0,1,1001,LG Fault
-0.9100577857641144,0.10025813027986745,0.7963545593484221,-0.03415446212260288,0.04748739042881703,0.0007500486779503067,1,1,1,1,1111,LLLG Fault
0.8321299527120105,-0.8789540110400583,-0.030895549787163582,0.015354748975349674,-0.2162164390776871,0.21981759214214847,1,0,1,1,1011,LLG Fault
-0.07494765797750375,0.10133260313214866,-0.03614311334894167,-0.620706692163647,-0.34456737207467053,0.9883519303243923,0,0,0,0,0000,No Fault
0.02600360262344217,-0.02894337067702403,-0.005486667563960931,0.9461065053885139,-0.18533581170663962,-0.7448683790696178,0,0,0,0,0000,No Fault
0.9874461465329281,0.059738548745634446,-0.003308007011278353,-0.022671221354213504,-0.4324210575313477,0.47825180837551273,1,0,0,1,1001,LG Fault
-0.8730870966704692,0.16086073217148805,0.7013552490672241,-0.04265891057282309,0.0461413313310485,0.010648648146780975,0,1,1,1,0111,LLL Fault
-0.9897196961027569,0.6128627091504019,0.36347382935026923,-0.0026743897212928927,0.05142392605267471,-0.03482471852183113,0,1,1,1,0111,LLL Fault
0.7037045707142481,0.2400116020504018,0.04470064693672004,0.08711173173542139,-0.6224113574750014,0.5617734592652408,1,0,1,1,1011,LLG Fault
-0.08211877021400064,0.07014539119964172,0.0018512157418165195,-0.03064149394628221,-0.8164788284495943,0.8775890645177519,0,0,0,0,0000,No Fault
-0.06993760713474122,0.7782345046145166,-0.7138080046435744,-0.12905153196985306,-0.05316491164086774,0.1984610432273927,0,1,1,0,0110,LL Fault
0.9950135125158323,-0.41527281361676827,-0.5728790422286859,0.05812916332055721,-0.08450468638871016,0.042718591389957754,0,1,1,1,0111,LLL Fault
0.5490683513443653,-0.9980281114833898,-0.05427321821841204,-0.011564150066042202,0.037632260506286395,-0.0118580064631956,1,0,1,1,1011,LLG Fault
0.027412674093120114,0.8473041735829976,-0.8801640066901508,0.08344077033808663,-0.02074519840308959,-0.04762954091116743,0,1,1,1,0111,LLL Fault
0.055657013429811955,-0.7141788699028246,0.6588391587663888,0.23529586911357206,0.02629810665976507,-0.24782325706078562,0,1,1,0,0110,LL Fault
-0.028021807672642104,-0.0063882141259858395,0.025156224542811398,0.8944053827798826,-0.7943343761177842,-0.07247494675692405,0,0,0,0,0000,No Fault
-0.08100483496818503,0.08260441884392881,-0.011086127900947804,-0.33293536393421536,-0.6230001554692424,0.9835341412987431,0,0,0,0,0000,No Fault
-0.062008573389171685,0.11394225771470222,-0.06190681355185815,-0.8417611261453264,-0.027144124798816446,0.8865455797944055,0,0,0,0,0000,No Fault
0.039947085017038676,0.059526174713335656,-0.10789164352591314,-0.5497540839799137,0.9919208231574779,-0.44463888288178716,0,0,0,0,0000,No Fault
0.04483591061990194,-0.8447465695356682,0.8006024113755855,0.01758319231712952,0.007359372933057117,-0.010235261639530962,0,1,1,0,0110,LL Fault
-0.7771272087700876,-0.09026532083046603,-0.05229079396772321,0.0036384843643060445,0.5605898935279603,-0.5599824975477494,1,0,1,1,1011,LLG Fault
-0.05910452554850838,0.02407591118332181,0.0252580330001514,0.585729186618501,-0.9559846211294472,0.4017374077892421,0,0,0,0,0000,No Fault
0.267690980457905,-0.006198317819994876,0.007818072558445528,0.5836666355831707,-0.966914687481695,0.41494290803496287,1,1,1,1,1111,LLLG Fault
0.4761851851196553,-0.9878236237544827,-0.05785212926414643,-0.017413139134945535,0.08580424784938458,-0.05507963501252694,1,0,1,1,1011,LLG Fault
-0.7809557150570229,-0.11366752818730885,0.8854024548513448,-0.016177380421856506,0.03341516448704186,-0.0029354221465594,0,1,1,1,0111,LLL Fault
-0.021410074937252162,-0.014324729345838911,0.026970421756796065,0.9282842559589155,-0.7523244770859233,-0.1492507395733576,0,0,0,0,0000,No Fault
-0.6389489880202444,-0.07240831323919314,0.03152544116334406,0.5597164654612848,-0.5029746492343503,-0.03378743570090692,1,0,0,1,1001,LG Fault
-0.6920619711988035,-0.2766517634501691,0.9607666558464188,-0.04168772435029772,0.031636298528226164,0.024455175070928904,0,1,1,1,0111,LLL Fault
0.5369562600676016,-0.9804041850325931,0.4458392743942415,-0.013720962205210657,-0.050523545503749476,0.08013322066293439,1,1,1,1,1111,LLLG Fault
-0.752297964686904,0.9458215644371503,0.019232944616272746,0.0361407178274237,0.10100760450786736,-0.12426733595090914,1,0,1,1,1011,LLG Fault
-0.031084801490755622,0.8635782706856476,-0.8378230174858575,0.43670609005696986,-0.006817083903772423,-0.41602384911984297,0,1,1,0,0110,LL Fault
-0.12212836037694352,-0.7818492538532655,0.9023280754844145,-0.04432435782468558,-0.004882586066815945,0.06431068485065253,0,1,1,1,0111,LLL Fault
-0.42327511794080946,-0.5605330891125365,0.9766257062716528,-0.04873595181349341,0.015495124355080651,0.04796956616652355,1,1,1,1,1111,LLLG Fault
-0.058338548755448284,0.021068372983392057,0.02779931036215645,0.5875096697498047,-0.958561000940375,0.40257747484075684,0,0,0,0,0000,No Fault
0.03712790957910485,0.06404584141969556,-0.10975771758495703,-0.5890623112200503,0.9891325314133204,-0.40238523732708376,0,0,0,0,0000,No Fault
-0.8050537130111378,-0.0741475766116943,-0.058709472285193846,-0.041151953215678924,0.5922548151361329,-0.547339126307527,1,0,1,1,1011,LLG Fault
-0.8627061720061744,0.8639573625622465,-0.016691833309849722,0.024191452398334635,0.04164779502166341,-0.051800138552326895,1,1,1,1,1111,LLLG Fault
-0.04146427800737732,0.11467774046346282,-0.08287761326343264,-0.9733055366221776,0.3061002877844157,0.6788705033271236,0,0,0,0,0000,No Fault
0.929462359706205,-0.19366341730470535,0.024764580166997105,0.07161780804521957,-0.5903656789135356,0.5446546641503496,1,0,1,1,1011,LLG Fault
-0.8176408405617236,0.011791999436154003,0.7959206486589371,0.022056217606847537,0.02717780900569062,-0.03491466846293028,0,1,1,1,0111,LLL Fault
0.060928050995112795,0.009539798313930654,-0.07882656487718406,0.18176845098057215,0.760520303396815,-0.9423091115519953,0,0,0,0,0000,No Fault
-0.3892755834207714,-0.5801107734847427,-0.07386148694923053,-0.048563783656529205,0.5210708230564575,-0.46737282726850177,1,0,1,1,1011,LLG Fault
0.06503355828485434,-0.8800252980733907,0.8130112351178007,-0.038579048569237134,-0.017728389698235442,0.07163971614929016,1,1,1,1,1111,LLLG Fault
0.8356751134862991,-0.8847818721807499,-0.030901780953592056,0.015892542986313585,-0.21656061189142684,0.21962907801418396,1,0,1,1,1011,LLG Fault
0.9976751676741902,-0.43138530353788435,-0.5592639366902419,0.057422592348583275,-0.08471097322930948,0.043637238699463274,0,1,1,1,0111,LLL Fault
0.8138294153387494,-0.8998601347022396,0.09296047432476275,0.01161153142173592,-0.07040025209865654,0.07498746368764184,0,1,1,1,0111,LLL Fault
-0.7847124856456201,-0.1276844262913705,0.9031874620112995,-0.04895843531915911,0.0407620209416907,0.022446265020471777,0,1,1,1,0111,LLL Fault
0.9747194801438309,0.07313094879275668,-0.01820458177916391,-0.18683030268205827,-0.18341149923591263,0.38911120732642474,1,0,0,1,1001,LG Fault
0.10488982949094731,0.8032904787565007,-0.9151138115418349,0.08563572603097258,-0.026071259749584373,-0.04440318432157658,1,1,1,1,1111,LLLG Fault
-0.842710438340624,0.883568041176826,0.009836979626078858,0.02532067460186188,0.1931123307314898,-0.20727116249732228,1,0,1,1,1011,LLG Fault
0.942443263962932,-0.749958103301907,-0.18732311333007937,0.031017561460375712,-0.07987977277205288,0.0651893939839601,1,1,1,1,1111,LLLG Fault
-0.07555960106004812,0.04801643698154768,0.01809709608193225,0.20612805127471187,-0.9182733204658583,0.7439180005328385,0,0,0,0,0000,No Fault
-0.06077099605713753,0.026205007991749112,0.024773831193144052,0.5601840146800104,-0.9588374185747917,0.43025723962448886,0,0,0,0,0000,No Fault
0.9721950737410305,0.05305159797891073,0.0027468598051083593,0.046501209596590244,-0.5273232009011243,0.5055990457935327,1,0,0,1,1001,LG Fault
-0.47092036591124714,0.9931005482901625,-0.5323763171077075,0.06006443596302104,0.013754049762257355,-0.05934515755257207,0,1,1,1,0111,LLL Fault
0.05554853495056735,0.033687381596821525,-0.09770900243983793,-0.17624402008663248,0.9378025109094612,-0.7639938960450481,0,0,0,0,0000,No Fault
0.056319503658740486,-0.7439233509442411,0.6881366457921553,0.26380272773050367,0.02070942339653825,-0.270710955180987,0,1,1,0,0110,LL Fault
-0.06404701870675358,-0.1190642979793474,0.18013943261461188,-0.8031252585977072,-0.0828405619626451,0.9045606439781259,0,1,1,0,0110,LL Fault
-0.849494668412196,0.2884925441548273,-0.021810157305912653,-0.07393821002995685,0.4899688751536332,-0.4102389741420038,1,0,1,1,1011,LLG Fault
0.04331859249397763,-0.025334183304737586,-0.026266783078623124,0.8035079736452861,0.12102442219167042,-0.9140656809179994,0,0,0,0,0000,No Fault
-0.06365101545759805,0.10701571981841972,-0.052790690606492136,-0.8030286193807026,-0.09339328590286836,0.9152167248800352,0,0,0,0,0000,No Fault
0.1009402744312876,-0.0409192120717145,0.045780510007477404,0.6295744541392968,-0.966109273254951,0.36809268016231467,1,0,0,1,1001,LG Fault
-0.8583152091826881,-0.007282261995110234,0.8552849054274743,-0.038499755105737984,0.0442434532354975,0.008412359274932026,0,1,1,1,0111,LLL Fault
0.04852718065353439,-0.8736593931705593,-0.07219414198375107,-0.0391057677433652,0.33971699031046804,-0.2920606212738001,1,0,1,1,1011,LLG Fault
-0.7218199183856532,-0.22738744747155018,0.9386392592988541,-0.030380399816263233,0.03202910670845142,0.01271761057134118,1,1,1,1,1111,LLLG Fault
0.09573424700701758,-0.9074261459193552,0.8124863463703633,-0.036892264083470835,-0.02024470109335932,0.07251252195184676,0,1,1,1,0111,LLL Fault
-0.27276446441680635,-0.6761425133611777,-0.07473714635832619,-0.04733920832486038,0.48077394435797377,-0.4275390757148282,1,0,1,1,1011,LLG Fault
0.05971231468350652,0.019681903075350133,-0.08779188128535295,0.026298350474840807,0.8510881640146643,-0.8787133555082499,0,0,0,0,0000,No Fault
-0.03084470230522026,-0.5759516759433467,0.6057928830193244,-0.7466780552850641,-0.0640358384619979,0.8288022176617198,0,1,1,0,0110,LL Fault
0.267210118314333,-0.037471891199081356,0.041522458415742,0.598822630379152,-0.9996654785247081,0.433119019368905,1,0,1,1,1011,LLG Fault
0.0022367631847665216,0.687396580676491,-0.6940636973914093,0.7155827767245853,0.023015929840770027,-0.7260390262616536,0,1,1,0,0110,LL Fault
0.9808752710523261,-0.5640432841723615,0.00021576686943285822,0.04848922997321445,-0.46225797129695984,0.43730581324320306,1,0,1,1,1011,LLG Fault
0.6230541031529208,-0.9875865228480057,-0.04962898778622094,-0.00581909901513537,-0.01963190745081053,0.04073255427269805,1,0,1,1,1011,LLG Fault
-0.04108128217844911,0.0017388970381778139,0.030222313514346517,0.7892741687042905,-0.8914565733070586,0.13190022718366534,0,0,0,0,0000,No Fault
0.6805289020588929,-0.972249190889861,-0.04548852979976723,-0.0010852805599277683,-0.06723620384315858,0.08449384619117273,1,0,1,1,1011,LLG Fault
-0.8371758114360758,0.8868126032988644,-0.06265344831278186,0.027477281164165996,0.03981275257678338,-0.05322481343749576,0,1,1,1,0111,LLL Fault
0.060025407909125805,-0.004620453949980582,-0.06359771360245167,0.3918532179609768,0.6023024895843565,-0.9917306109860837,0,0,0,0,0000,No Fault
0.04182220880546683,0.8379878517532685,0.053537581018576086,0.08393825154826048,-0.41681197245686336,0.3554544042550589,1,0,1,1,1011,LLG Fault
0.6016041876112118,-0.0007306556489951512,0.03557386240107695,0.4560373394554366,-0.9528854993242973,0.5286151578473184,1,0,0,1,1001,LG Fault
-0.8203718605116688,-0.031074288398695242,-0.0221175358227626,-0.029249042902576655,0.5592573113494733,-0.5256499098641781,1,0,0,1,1001,LG Fault
0.009752901682732884,0.09040869441347955,-0.10905465377448162,-0.8752257849673186,0.8510001465267044,0.025290560682219625,0,0,0,0,0000,No Fault
0.04200560054521116,0.05940285140800206,-0.1102097649827142,-0.49899049548342234,0.9973702044648107,-0.5010898459625026,0,0,0,0,0000,No Fault
0.8846961866395049,-0.7839148409820016,-0.09376190258638144,0.03384860650844962,-0.2775136576613888,0.263735134342366,0,1,1,1,0111,LLL Fault
0.9602932749071975,-0.30116091653952654,0.01855581869600053,0.06625286368263669,-0.5646647051270653,0.5238451412784251,1,0,1,1,1011,LLG Fault
-0.8463714313727992,0.8787989592042954,-0.04777430425722564,0.02638029834681235,0.04045066818077892,-0.05277494170784483,1,1,1,1,1111,LLLG Fault
0.7461223248102468,-0.7055424229379482,-0.03489926144506307,0.05531566795823847,-0.6569074807686947,0.6288045580520368,0,1,1,1,0111,LLL Fault
0.025552702211997316,0.46091914245509974,-0.4899666093825713,0.8252617408131613,0.039786327911203366,-0.8530974099958345,0,1,1,0,0110,LL Fault
0.11190511932411949,-0.899568028682367,0.7861467293722157,-0.03680134319252449,-0.020954030776113262,0.07314415030962491,1,1,1,1,1111,LLLG Fault
0.47720506195948015,0.5195384536530702,-0.9995829829973909,0.09054171593237423,-0.05128611775630242,-0.023628834087897482,1,1,1,1,1111,LLLG Fault
0.059870934460631985,0.004976909208154671,-0.07348756689121869,0.3013268783557479,0.677281075940143,-0.9773656899849712,0,0,0,0,0000,No Fault
-0.9833143103429326,0.5758853003582713,-0.02030877596557798,-0.006722492566260348,0.43013859204687194,-0.41666723961679614,1,0,1,1,1011,LLG Fault
-0.9092516536172527,-0.02615282175076844,-0.03441518239812978,-0.14129550581320344,0.665394225995665,-0.5214574171320377,1,0,0,1,1001,LG Fault
0.042845975055983754,-0.8284599967424194,0.7861177974877543,-0.022945327677437892,0.0075702378481818655,0.030185839993338324,0,1,1,0,0110,LL Fault
0.020516332597389747,0.5181515855623465,-0.5423894075134463,0.8084556857824597,0.03649450622682422,-0.83289250856799,0,1,1,0,0110,LL Fault
-0.06110887980658902,0.8463769441775023,-0.7908835623208454,0.0398231438353291,-0.04069408775310697,0.01643117333514519,0,1,1,0,0110,LL Fault
-0.06795697651506287,0.03557604018003771,0.02263645301095764,0.42554967209828193,-0.9599210240554925,0.566352687769548,0,0,0,0,0000,No Fault
-0.5732324685907001,-0.4257421022132603,0.9902390160209544,-0.03243790517303509,0.021493084891655877,0.025516529629926506,1,1,1,1,1111,LLLG Fault
-0.07653321079746302,0.09533634514835694,-0.028296261913455793,-0.5559763003129526,-0.41735212052022463,0.9976158772151662,0,0,0,0,0000,No Fault
-0.4070419516822552,-0.5940685848850725,0.994289259182255,-0.04849374115192544,0.01385091754699334,0.04940212150355244,1,1,1,1,1111,LLLG Fault
-0.07873774265456836,0.09302284939485134,-0.02391487485324132,-0.4901955751469612,-0.484036166338873,0.9996102334116547,0,0,0,0,0000,No Fault
0.982880848700099,-0.44589064371972487,0.009115257662791778,0.05745038305141251,-0.5164191190461033,0.4835098424143537,1,0,1,1,1011,LLG Fault
-0.5458239093557988,-0.44009629887619345,0.9796484998371061,-0.048483036353445405,0.02373441405430883,0.039320337394183835,0,1,1,1,0111,LLL Fault
-0.4569161343733075,0.9923806222266381,-0.5454483799991006,0.06097515462897626,0.012771825410177708,-0.059257423833967135,0,1,1,1,0111,LLL Fault
-0.4646602566882688,-0.520955985005399,0.9802951457556417,-0.04879823009108468,0.018303618532032426,0.045170221565186755,0,1,1,1,0111,LLL Fault
0.7590232889053955,0.01662022589482115,0.027407190030495417,0.3463348359935859,-0.8671673893469091,0.5512637578803047,1,0,0,1,1001,LG Fault
-0.7966829646991284,0.3715080817244013,0.4126045690958091,-0.08232168225166388,0.0496694360346779,0.046821518392190266,1,1,1,1,1111,LLLG Fault
-0.06934457365566458,0.784654143176532,-0.7208331995706793,-0.11618498586129897,-0.05225390879389201,0.18463209354024146,0,1,1,0,0110,LL Fault
-0.7970104768562946,-0.11550718077380162,0.9030708801736137,-0.0421412515822603,0.040296793739518534,0.016085063361780616,0,1,1,1,0111,LLL Fault
-0.05231618365950095,-0.31662247698098606,0.3667994474977893,-0.8138058812384873,-0.07740858348791972,0.9097345242232391,0,1,1,0,0110,LL Fault
0.5874314547334585,0.3882794556179922,0.04943692010210153,0.08967310927592577,-0.6055175358747058,0.541990880140551,1,0,1,1,1011,LLG Fault
-0.6153934214047276,0.984028707186109,-0.380047007200369,0.049581571687278704,0.023924938984028775,-0.059198397122357665,0,1,1,1,0111,LLL Fault
-0.003478133167277223,0.10276888036252405,-0.10874640343024429,-0.946676889088628,0.7543155964320952,0.1954503808218469,0,0,0,0,0000,No Fault
0.6110152565491411,-0.9898624629766569,-0.050428950200210744,-0.006933478569057107,-0.010008446871152616,0.032043809461778344,1,0,1,1,1011,LLG Fault
-0.07627266081733547,0.10148718992244586,-0.03512064001884247,-0.5967381138670204,-0.37182153815262886,0.9920911626831127,0,0,0,0,0000,No Fault
-0.6696302877464329,-0.28744215942208057,-0.06320855842976769,-0.0318386584811671,0.5846333567415241,-0.5489110233359299,1,0,1,1,1011,LLG Fault
0.01149551363333125,-0.8355502000991563,0.8242092169876383,-0.4290286641750789,-0.027412101557755864,0.4729919555171695,0,1,1,0,0110,LL Fault
0.030872508404498185,-0.024305732849655193,0.0008495520138353026,0.9962071430344148,-0.3556515766455374,-0.6215540756808634,0,0,0,0,0000,No Fault
0.011774637362962187,-0.8357400427026571,0.8240165915935422,-0.42880817229807494,-0.027411978569539558,0.4727707537563903,0,1,1,0,0110,LL Fault
0.013710450440907249,-0.023569324031784637,0.0008865567135080011,0.9829733692169341,-0.3435926224932635,-0.6205730064200791,0,0,0,0,0000,No Fault
0.8329528931566474,0.026357385427866337,0.021901483482924887,0.27623648191194017,-0.7994306728204931,0.5525258322807357,1,0,0,1,1001,LG Fault
-0.024716735412886787,-0.008642305295449201,0.02414181556561449,0.9139013074697618,-0.7675296122187446,-0.1193359836611568,0,0,0,0,0000,No Fault
0.9860112970308698,-0.3466644245718798,-0.6350845067218167,0.06279437995382636,-0.08419035925488295,0.037720716147927276,1,1,1,1,1111,LLLG Fault
0.9476157508564533,-0.19613000976360592,-0.748032109070057,0.07082506911940288,-0.08193275680929335,0.02736829235620265,1,1,1,1,1111,LLLG Fault
0.912097678596344,0.0806162266892661,-0.03008404437363391,-0.311451068564735,0.031377518374987715,0.29519739894168284,1,0,0,1,1001,LG Fault
-0.9649338163042132,0.32597951807864123,-0.03773968439724966,-0.023467198526797316,0.5281942584700562,-0.49979456120415966,1,0,1,1,1011,LLG Fault
0.05218270860660886,0.031626535234981684,-0.08573057376899992,0.8091664801255348,0.0521510906450592,-0.8495588809887968,0,1,1,0,0110,LL Fault
-0.8418630625447022,-0.038297767371119514,0.8699982986382784,-0.03961637462517359,0.043188927994889235,0.010606475609363043,0,1,1,1,0111,LLL Fault
-0.7527458424691901,0.9401245157251646,-0.20211384415478453,0.03716962838884144,0.0336783851621954,-0.05669208033790371,1,1,1,1,1111,LLLG Fault
0.6362646192270471,0.32919747540393623,0.04770825213136354,0.08891495660176603,-0.6140903291599091,0.5514865212204753,1,0,1,1,1011,LLG Fault
0.4838268606149447,0.5002831330286638,0.052175774334350354,0.09050428778614464,-0.5815200006686028,0.5167045746385,1,0,1,1,1011,LLG Fault
-0.0798632728597533,0.5394724901874053,-0.4645176099975955,-0.45291691454542493,-0.07363684883738172,0.5440454700984002,0,1,1,0,0110,LL Fault
-0.26739349518928096,0.9622115482065334,-0.7031646718176019,0.07168014223971794,-0.0004303721798440789,-0.05653806441738085,0,1,1,1,0111,LLL Fault
-0.014300124973395457,0.7971084989052745,-0.787860228920376,0.5923108154503919,0.008796231318046466,-0.5879507109445945,0,1,1,0,0110,LL Fault
0.01876902439869414,-0.8576837441652909,0.8387127911095115,-0.04021317084081863,-0.014522889559043933,0.07001184136418243,0,1,1,1,0111,LLL Fault
0.05843743704462033,-0.00943845282136304,-0.05719220653092953,0.47631325072708375,0.525848755051659,-0.998510000967429,0,0,0,0,0000,No Fault
0.5162340479727079,-0.9880942341433667,-0.05574141530073357,-0.014629736936336658,0.0573912560503254,-0.02891824482437235,1,0,1,1,1011,LLG Fault
0.8447892576092934,0.007984385024045566,0.03511424777604512,0.08024273769486362,-0.6197280458830584,0.5659264310118759,1,0,1,1,1011,LLG Fault
-0.1995026670743092,-0.7327856314645376,0.9299085299956756,-0.04605029401311213,0.0003890643218249189,0.06066951044345105,0,1,1,1,0111,LLL Fault
-0.04988927811213174,-0.3574044710240477,0.4054157081159055,-0.8104035298613318,-0.07629560971577745,0.9051890584834925,0,1,1,0,0110,LL Fault
-0.8546615590207682,0.8715105615963565,-0.03224426519767822,0.02528390759082801,0.04105823320586865,-0.052294740379729476,1,1,1,1,1111,LLLG Fault
-0.8278928093311967,0.10790954939200514,0.7096666910796975,0.04274949102848222,0.023620933150775354,-0.0520384286417576,0,1,1,1,0111,LLL Fault
-0.07986789983563894,0.0996091093779939,-0.029936067067265388,-0.5072177786266768,-0.4657073732517486,0.9980009574163626,0,0,0,0,0000,No Fault
-0.3023689374990271,-0.653082748137879,-0.07461354988180213,-0.04774761061279241,0.4916099797457908,-0.4381712580210465,1,0,1,1,1011,LLG Fault
0.2705472655376571,0.6876044202613415,0.05464128262985679,0.08914144638936401,-0.5129160974655365,0.44816526388948347,1,0,1,1,1011,LLG Fault
0.9242867221541079,-0.1783407935950154,0.025617957961445705,0.072361249638967,-0.5934933954789768,0.5470963213243546,1,0,1,1,1011,LLG Fault
0.8567041549851203,0.019513594298971343,-0.8742238777921547,0.08020596739459991,-0.07626174264484485,0.01218389175732557,1,1,1,1,1111,LLLG Fault
-0.02812877990151161,-0.5913735699404011,0.61835808633041,-0.735763695038757,-0.061859706000115804,0.8156414936850527,0,1,1,0,0110,LL Fault
-0.987139185550119,0.3561629621790346,0.6160636342015745,-0.0209244544732769,0.05205442676183973,-0.017168735149376783,1,1,1,1,1111,LLLG Fault
-0.9857339955557057,0.636192357594896,0.33376012325116816,-0.0006181836103036735,0.05103385921506029,-0.036488908684907784,1,1,1,1,1111,LLLG Fault
-0.8000619242771414,-0.009613358580538144,-0.04481614473369339,-0.2700683191373038,0.8027782065485934,-0.5323342562204325,1,0,0,1,1001,LG Fault
-0.07481145340888866,0.04746893073340972,0.017638714649870057,0.2501810961546058,-0.9291854920326336,0.7108674085175202,0,0,0,0,0000,No Fault
-0.03215083650738031,0.8663524971941783,-0.8395514591562326,0.4254148959060191,-0.007885336894892975,-0.4036141953611819,0,1,1,0,0110,LL Fault
0.5834136655562691,0.4097872818868988,-0.9947820307160499,0.08985666310194472,-0.0583827967597903,-0.015710614102860985,1,1,1,1,1111,LLLG Fault
0.9841602471361394,-0.3312284282808248,-0.6463387467520497,0.06367926829793072,-0.08407845454243741,0.036719453538434435,0,1,1,1,0111,LLL Fault
-0.2578609200498461,-0.687419477242003,-0.07477497872919056,-0.04710990131191345,0.47517148479625454,-0.422060215881524,1,0,1,1,1011,LLG Fault
-0.05712452733265472,0.018593080989222115,0.029214813607255273,0.6009058213316623,-0.9579891105893446,0.38856306492747095,0,0,0,0,0000,No Fault
0.02092383252869856,0.08230593047247253,-0.1121377792654828,-0.7810961976946394,0.9276635694951417,-0.14720680859036156,0,0,0,0,0000,No Fault
0.4295621271322124,-0.9976146378359663,-0.060489985038130724,-0.019449123060943138,0.12237949179454946,-0.09030756833888803,1,0,1,1,1011,LLG Fault
0.4701751269785604,-0.9996470888414002,-0.05852166667529437,-0.017466544715071808,0.09463640871838576,-0.06402585243986789,1,0,1,1,1011,LLG Fault
-0.9640384468852244,-0.06371269249814739,0.0015710218012130826,0.2655224127376393,0.09027967576218442,-0.34332565339959004,1,0,0,1,1001,LG Fault
0.050688386094492596,-0.02049590326624872,-0.038423112625172756,0.690309550085321,0.2869962514219268,-0.9696885452082589,0,0,0,0,0000,No Fault
-0.005735950913967456,-0.010955690739325757,0.023884523293462898,0.960718479661464,-0.5930350426707899,-0.34408314637549425,0,0,0,0,0000,No Fault
-0.03761267838331509,0.05567556498726467,-0.06608886413967548,-0.593109927259003,0.9214884994540201,-0.32939921135936906,1,0,0,1,1001,LG Fault
0.7342883145343909,-0.9455461818217881,0.21525453030860994,0.0032186306227227034,-0.06474725732616306,0.07764234653001197,1,1,1,1,1111,LLLG Fault
-0.07754738950304983,0.10164041863296303,-0.03415195015890742,-0.572215015825747,-0.39864502377106936,0.994835551892288,0,0,0,0,0000,No Fault
-0.6313185652322804,-0.12751405902380858,-0.04313978847946922,0.36626664613123744,-0.1402095288261638,-0.20947388813059434,1,0,0,1,1001,LG Fault
-0.9860734886256561,0.5101938736110516,-0.025293991727734638,-0.011652914866835326,0.4613200291758149,-0.4434968967398116,1,0,1,1,1011,LLG Fault
-0.03595611235063818,0.8770593981387939,-0.8494787444839883,0.08140614815323842,-0.01643484171403209,-0.049981675228616455,1,1,1,1,1111,LLLG Fault
0.9936044731608967,-0.401202874277141,-0.5855965370659347,0.05904890434393468,-0.08445213643676089,0.04174286480840056,0,1,1,1,0111,LLL Fault
0.660010794582216,0.0846106652350404,-0.050421880221839306,-0.5074372097270607,0.443864102879015,0.07138898619193058,1,0,0,1,1001,LG Fault
-0.13666484307229562,-0.7712520215040399,-0.07450273446156995,-0.04467711621159237,0.4261107716559923,-0.3745077373467952,1,0,1,1,1011,LLG Fault
-0.21488329080504184,-0.7224473169516363,0.9346982822413754,-0.04634661743921971,0.0014325497517535986,0.05990333066687755,0,1,1,1,0111,LLL Fault
-0.614688448548793,-0.07203344366082787,0.03268251728362199,0.5696769030078265,-0.5294680765551383,-0.01677809790219417,1,0,0,1,1001,LG Fault
-0.07065291533094452,0.0176384955218808,0.049663833178328766,-0.7711046687031347,-0.08442147191425028,0.8740660721538247,0,1,1,0,0110,LL Fault
-0.9413265868913072,0.7582150946387646,0.16968994493866568,0.011110461661818097,0.04754796536188034,-0.044696602945551035,0,1,1,1,0111,LLL Fault
0.05537291476371746,-0.01514882220866512,-0.048428319758644395,0.5822216325144797,0.41697468748530386,-0.9937590449013711,0,0,0,0,0000,No Fault
0.05590575304102003,0.032291127613457545,-0.09652903663125414,-0.17541749748123725,0.9366064941990555,-0.7636038969512177,0,0,0,0,0000,No Fault
-0.7479346785315797,-0.16704693527054454,-0.06251413659678261,-0.04385814238865579,0.5928794771415553,-0.5452622768352064,1,0,1,1,1011,LLG Fault
-0.021035195750573298,-0.6628565665859664,0.6832622710175882,-0.692387863109994,-0.05671551995154935,0.7669088601824006,0,1,1,0,0110,LL Fault
-0.07094058100555962,0.016139954314078435,0.05156184934364283,-0.7712315474545768,-0.08461916252583614,0.8743947277260723,0,1,1,0,0110,LL Fault
-0.0003231752742804347,-0.7870078048958573,0.7870950487029438,-0.5428685993856059,-0.03886369944125456,0.5988026092850541,0,1,1,0,0110,LL Fault
0.9861794279376986,-0.48242860940378396,-0.02863836172872178,0.054348509397639286,-0.47157099019946624,0.44092074751011395,1,1,1,1,1111,LLLG Fault
-0.33167425830767205,-0.6293762566853633,-0.07442629151466115,-0.04808795544632277,0.5019447879859096,-0.4483609362182272,1,0,1,1,1011,LLG Fault
-0.7829013692631496,0.9241001645829664,-0.15614273578494686,0.033961561950023623,0.03584789406132295,-0.05568618740641401,1,1,1,1,1111,LLLG Fault
0.8658687986080223,0.031116388380319368,0.018955596145255195,0.23965735004131292,-0.760854967279515,0.5498942049337792,1,0,0,1,1001,LG Fault
0.18003008256313913,0.7530229354674194,0.054631475664418824,0.08748002186558296,-0.47748938706968674,0.41373210521638665,1,0,1,1,1011,LLG Fault
0.9326423577724838,-0.14954029820848058,-0.7776164289200597,0.07306726144186992,-0.08100212763222059,0.02417186631310927,0,1,1,1,0111,LLL Fault
0.03186494333820666,0.07024750451269397,-0.11075920064583673,-0.6620867937610655,0.974780782384667,-0.3145430606848722,0,0,0,0,0000,No Fault
-0.0026591836220226767,-0.022852054571345426,0.016810362909704835,0.9904547734471374,-0.5625451181158965,-0.40496679519501155,0,0,0,0,0000,No Fault
-0.18246910749763057,-0.7411809495568887,-0.07472448048626301,-0.04571328281401395,0.4453700062013329,-0.3930935282920296,1,0,1,1,1011,LLG Fault
-0.5478996829803091,0.01294013961034777,-0.05710691684577514,-0.4183574997146737,0.9251809423068919,-0.508377450060454,1,0,0,1,1001,LG Fault
0.056994157756139925,-0.005824970612821905,-0.05980439898307055,0.4874094905814266,0.5163925406452529,-1.0,0,0,0,0,0000,No Fault
-0.012339698596163068,0.784976547589417,-0.7775215373103943,0.6105683286633247,0.010781130049698846,-0.6082791931600929,0,1,1,0,0110,LL Fault
-0.024052701585075928,-0.6296153706252675,0.6527922641297454,-0.7122315778051227,-0.058568419961783996,0.7886932472219206,0,1,1,0,0110,LL Fault
-0.06789902003074098,0.03378589819481823,0.024651428674331344,0.41307393254268704,-0.9610514945196705,0.5800134255097976,0,0,0,0,0000,No Fault
-0.903746234850527,0.12846293465516784,-0.049034631383385915,-0.03343831291336552,0.572452215414615,-0.5348948308805932,1,0,1,1,1011,LLG Fault
0.020216225076960755,-0.855401606632991,0.83539437898058,-0.3373384305946903,-0.01885082385343734,0.3723348944397439,0,1,1,0,0110,LL Fault
0.8437136320182592,-0.8774000963658061,-0.029936414099258568,0.016926645597017155,-0.22554578142937629,0.22774791065727432,1,0,1,1,1011,LLG Fault
0.3200407358133586,0.6577137876753595,-0.9799961559409787,0.0897048141622521,-0.04067136891667622,-0.033605890141588664,0,1,1,1,0111,LLL Fault
-0.0742940327626685,0.7123638639328256,-0.6435427316346723,-0.24267335506115773,-0.06087682786857052,0.32024235715452326,0,1,1,0,0110,LL Fault
0.9814940075163437,-0.44358401876803605,0.009122330622191116,0.05722497706504333,-0.5162766922185554,0.4835907147476919,1,0,1,1,1011,LLG Fault
-0.5790491539313114,0.015108663436320365,-0.056662343691877046,-0.4283185408348891,0.929380599891677,-0.5026693530108539,1,0,0,1,1001,LG Fault
0.8936021984062046,-0.8250380029114642,-0.0635836502782984,0.02240213768493885,-0.07623567885258375,0.07011441256046816,1,1,1,1,1111,LLLG Fault
0.8958131039940621,-0.10247026509142466,0.02974287874079016,0.0760062014514252,-0.607059199639181,0.557264943758865,1,0,1,1,1011,LLG Fault
-0.3379887326688802,0.9828674212813696,0.04400370781618382,0.0678106462191059,-0.21064996004230171,0.16155051717617258,1,0,1,1,1011,LLG Fault
0.5631203475988128,-0.9785097677482624,0.41799968484247957,-0.011804339495879959,-0.05236633296972486,0.08008927382834102,1,1,1,1,1111,LLLG Fault
-0.7629433605289443,0.9349487833489869,-0.1868117575527925,0.0361101740392272,0.03440920056268502,-0.05637450258017715,1,1,1,1,1111,LLLG Fault
-0.5336925089912314,-0.47117544252963967,0.9988904686972673,-0.0486594870876476,0.022497471396660883,0.040757671460965886,0,1,1,1,0111,LLL Fault
-0.770067924690121,-0.07301824642561773,0.02377183829804405,0.4891941230761601,-0.33487015093054834,-0.13437266082837854,1,0,0,1,1001,LG Fault
-0.9991909884912252,0.4970646538720163,0.48902402516850385,-0.011677697568985512,0.0524703421623367,-0.026863816466080048,0,1,1,1,0111,LLL Fault
-0.07728313498960178,0.05244289996092941,0.015364144128044214,0.1444936979840733,-0.897321685532564,0.784366532865999,0,0,0,0,0000,No Fault
-0.04585751809504993,0.11639231991707484,-0.08038336029425872,-0.9583723098502424,0.24797154503199909,0.7231295103379332,0,0,0,0,0000,No Fault
0.7526535032588465,0.06788488795063004,0.031540368245936985,0.20138517263593897,-0.7221060716742521,0.5487836317668892,1,0,1,1,1011,LLG Fault
-0.5775433084664817,0.9893540064154103,-0.4228238836501324,0.05254812971509715,0.021249699302913885,-0.05944681356769388,0,1,1,1,0111,LLL Fault
0.012849998383230152,-0.8389362018666054,0.8261595427289536,-0.4177288193496766,-0.026348889465237904,0.46057876305800804,0,1,1,0,0110,LL Fault
-0.9868061161068987,-0.04598492795376239,-0.01852688741783083,0.04471599161894707,0.42796389498693543,-0.46602612746747296,1,0,0,1,1001,LG Fault
0.06095963668645457,0.007602786815256987,-0.07691545575712813,0.21244332978731614,0.7401263196919817,-0.952284324051558,0,0,0,0,0000,No Fault
0.6620915962382076,0.005475107580522855,0.03289360426199787,0.4190406332794978,-0.9272821862729049,0.5396207736438129,1,0,0,1,1001,LG Fault
-0.9909183779035625,0.38582819311413524,0.5923183787828283,-0.01914263920389231,0.05225460464827378,-0.019159252531901965,0,1,1,1,0111,LLL Fault
0.679945349946015,0.29433310375034716,-0.9746683431751699,0.08801826979026334,-0.06475975681277829,-0.007369374298215159,1,1,1,1,1111,LLLG Fault
-0.05163420875730805,0.8842354552094768,-0.841134044734526,0.08085688953170388,-0.0153578063933076,-0.05052843413748646,1,1,1,1,1111,LLLG Fault
-0.34620422027469694,-0.617290490628136,-0.07430888788827077,-0.04823225395894183,0.5069208620889122,-0.4532867578455943,1,0,1,1,1011,LLG Fault
0.9286851986517067,-0.761571760234019,-0.09055479575246371,0.02951386208537765,-0.16582777523624154,0.15427607684620584,1,1,1,1,1111,LLLG Fault
-0.07008651746430282,0.003938921096993909,0.06284451702755293,-0.7752166631929247,-0.08433883030595585,0.8781047583852761,0,1,1,0,0110,LL Fault
0.5993046342562672,-0.5990611077587382,0.00387833838788066,0.06849594080792788,-0.8089654783153856,0.7705328720570724,0,1,1,1,0111,LLL Fault
-0.062417301288303875,0.11215324612947337,-0.05956420037321585,-0.832334423700139,-0.04380322015175775,0.8940691126494873,0,0,0,0,0000,No Fault
-0.43916558948967316,0.023710893906013313,-0.06134851152725745,-0.47874994014321226,0.9545057299032689,-0.4777061691207151,1,0,0,1,1001,LG Fault
0.9720477441666902,-0.6261966703310498,-0.004832381644086913,0.043386417492661755,-0.42832414689169135,0.40784438366342507,1,0,1,1,1011,LLG Fault
0.8783560810739311,-0.8333109557410735,-0.037949574941195524,0.02079499532103363,-0.09290372483479341,0.0887101534212755,0,1,1,1,0111,LLL Fault
0.11906165398834587,0.7924350413271116,0.05430152748269508,0.08609424137997158,-0.4516082080358042,0.38874924575571124,1,0,1,1,1011,LLG Fault
-0.7377604434905354,-0.18239466576014957,-0.06310369362313453,-0.044254636019990204,0.5924580499270485,-0.5444353059436985,1,0,1,1,1011,LLG Fault
0.8417133772110078,0.0503589957808748,-0.8879097931657947,0.08143161501519314,-0.07530954845500222,0.009984731208155101,0,1,1,1,0111,LLL Fault
-0.011817167717833692,-0.7218475620237373,0.7332069965711868,-0.6324365264923522,-0.048693291507975404,0.698624119853682,0,1,1,0,0110,LL Fault
-0.2062879753240348,0.9446690484495585,-0.7460568962284622,0.07458766352594207,-0.0046652189588869495,-0.055138084582861874,0,1,1,1,0111,LLL Fault
0.0021769325797078042,-0.022030326874770946,0.010918017468382987,0.9939788131710641,-0.49613354136261484,-0.4761720138337168,0,0,0,0,0000,No Fault
-0.07508811734819944,0.04690476081598403,0.018745159064583777,0.221419088690572,-0.9229393283294222,0.7333409780916902,0,0,0,0,0000,No Fault
-0.08084310191490322,0.06538100934009386,0.00591084670913471,-0.042843350846281075,-0.8132910305222211,0.8865749793709304,0,0,0,0,0000,No Fault
-0.05379536751263222,-0.2912605253330017,0.3427172367446714,-0.8148514961535939,-0.07833730634763972,0.9117292580350186,0,1,1,0,0110,LL Fault
0.026350373735049528,-0.030298794233781783,-0.0043412086091799825,0.946908858733122,-0.1864968528339,-0.7444897859363472,0,0,0,0,0000,No Fault
0.8865218341233884,-0.822240292539751,-0.05714962373519824,0.02298302554051363,-0.11206698487823225,0.10604324603832742,0,1,1,1,0111,LLL Fault
-0.1532076009869644,-0.7628013184595864,0.9140327697883325,-0.045063724062674296,-0.0027637644954670165,0.06289298183208007,0,1,1,1,0111,LLL Fault
-0.07521561384784059,0.09735551853430913,-0.03162899126942878,-0.5942923428873325,-0.3753606810486718,0.993245211077726,0,0,0,0,0000,No Fault
0.05684848041238706,-0.011973766682160256,-0.04992974570905309,0.6150227780275807,0.37945350233013597,-0.9884139449788286,0,0,0,0,0000,No Fault
0.9964796460273434,-0.4173704138868421,-0.5721378999668545,0.058349839394431606,-0.08467212999041444,0.04266795466350498,0,1,1,1,0111,LLL Fault
-0.8988771517884059,0.8238773354735128,0.06173813385839376,0.01873853429473263,0.04435179938100016,-0.04908808079735104,0,1,1,1,0111,LLL Fault
0.9678696178705886,-0.6816091348210428,-0.27878959017942795,0.03705796068074568,-0.08172186923844454,0.061010033689278105,0,1,1,1,0111,LLL Fault
-0.06655339537768336,0.1118953050483828,-0.05534548471109742,-0.7874611369992092,-0.11914370257056026,0.9258470421954493,0,0,0,0,0000,No Fault
0.658500424228174,0.08332099522161761,-0.0007529720732387564,0.30857713195968484,-0.7904001190124602,0.5108975192969928,1,1,1,1,1111,LLLG Fault
-0.9882643591810569,-0.057743307186760795,-0.006256804288305525,0.18136093349546425,0.22656222401611142,-0.3978097651879864,1,0,0,1,1001,LG Fault
-0.5326469193319617,-0.45389236367184055,0.9803357530712477,-0.04857894371681325,0.022852904105256776,0.0403147369694349,0,1,1,1,0111,LLL Fault
0.3702964695655703,0.0771826736626525,-0.06115801353364133,-0.5921198328988029,0.7100112065810825,-0.11490153351902987,1,0,0,1,1001,LG Fault
0.18248449352265178,0.7552023833819754,-0.9438021896179953,0.08744325320993417,-0.03135948280037264,-0.04082692841391006,1,1,1,1,1111,LLLG Fault
0.9821113380984473,-0.3302638561500702,-0.6476753952865938,0.06348978892437399,-0.08391225053249222,0.036740075620661165,1,1,1,1,1111,LLLG Fault
0.058313941006438524,-0.6653492528468327,0.6072397798279379,0.3096795995677792,0.03118246391872246,-0.3273812368929515,0,1,1,0,0110,LL Fault
0.6207802697389586,-0.9801656283384148,0.36491270125416914,-0.006970564635384438,-0.05668216101614202,0.07964041292040809,0,1,1,1,0111,LLL Fault
-0.20708838311131447,0.943799409071574,-0.7467674322991803,0.07457553284633096,-0.004640718411585747,-0.05515088722530617,1,1,1,1,1111,LLLG Fault
0.060453778116187414,0.012963781772428667,-0.08192941950570362,0.1500524865281966,0.7814246461244071,-0.9318100955255133,0,0,0,0,0000,No Fault
-0.08268696120463014,0.07482192091326285,-0.002142480000761048,-0.12336586302967265,-0.7657550379013716,0.9188729082583248,0,0,0,0,0000,No Fault
0.2840815530401328,-0.02815339522845462,0.0440815929418082,0.5887250927994729,-0.9947458673408528,0.43823035728755927,1,0,0,1,1001,LG Fault
-0.07654882241696324,0.10516143473895062,-0.038794382145927384,-0.6110158086462456,-0.35503101370790324,0.9892975598129699,0,0,0,0,0000,No Fault
0.042197070810023725,-0.02094941730928411,-0.02997227345550925,0.8009123766022509,0.12478036580254095,-0.9152904208738681,0,0,0,0,0000,No Fault
0.9436063612500205,-0.2393201686937094,0.022153741695490343,0.06931308088523454,-0.5801355368820262,0.5365412269536886,1,0,1,1,1011,LLG Fault
0.049033503005446365,-0.8188755129194216,0.7705075993498395,0.09544018829900061,0.013773949579309067,-0.09483497285469183,0,1,1,0,0110,LL Fault
0.9141159085031006,-0.1490115320067479,0.02729206543356099,0.07394731955196969,-0.5994082127447964,0.5515331064151808,1,0,1,1,1011,LLG Fault
0.035418161634680215,0.06613806253689655,-0.11016081491309601,-0.6140176321516808,0.9853052303630014,-0.3734638272950643,0,0,0,0,0000,No Fault
-0.8245439757780479,-0.0692497458071198,0.8838769821815615,-0.04067232758963437,0.04207519525599107,0.01280009560229796,0,1,1,1,0111,LLL Fault
-0.025677430830045755,0.8465659128168265,-0.8261065542854843,0.4915462875087458,-0.001515414680756574,-0.47641171379683245,0,1,1,0,0110,LL Fault
0.05936441997416272,0.021450951667599444,-0.08908697348397066,-0.019822238491264556,0.8731389025621803,-0.8549396795726321,0,0,0,0,0000,No Fault
0.04549741304637771,-0.02420801720860155,-0.02955559755645813,0.7748802391213512,0.1668145161687385,-0.9320210802367582,0,0,0,0,0000,No Fault
-0.07280253971648736,0.10926901540454055,-0.046626314791905495,-0.694030463371461,-0.2532877915951793,0.9688583439745889,0,0,0,0,0000,No Fault
0.001904956648988555,-0.7976875952996637,0.7956046453559383,-0.5232731606918507,-0.03682233779045513,0.577075120130328,0,1,1,0,0110,LL Fault
0.6736072459846103,-0.9580146723542556,0.2879028275009862,-0.0028088156105787916,-0.060189307556753065,0.07904132873461352,1,1,1,1,1111,LLLG Fault
0.02908995355816672,0.07325596321821383,-0.11102500591559072,-0.6964342752908291,0.9643972174081122,-0.2695239091462457,0,0,0,0,0000,No Fault
0.7805329881709694,-0.725566657200425,-0.048943753526074475,0.051446461389851414,-0.5976018864301581,0.5722530140879454,0,1,1,1,0111,LLL Fault
-0.25290585798851667,0.9572135214700104,-0.7148000944294831,0.07242558039597188,-0.0014684704022453043,-0.05622768113788516,1,1,1,1,1111,LLLG Fault
0.9761667488158235,-0.6171729284258383,-0.003826632513737465,0.04469465274042835,-0.43549932474250336,0.4138440178564445,1,0,1,1,1011,LLG Fault
0.8103234456281871,-0.9056051107919111,-0.033765979194717355,0.012759916678249687,-0.18929732850280173,0.19498936366969713,1,0,1,1,1011,LLG Fault
-0.06821833682440968,0.033527807412590385,0.02535730833463038,0.39959045190885695,-0.960630581913753,0.593103753091747,0,0,0,0,0000,No Fault
0.04038608770203868,0.26080682174765873,-0.30403502940132265,0.8453783563287819,0.04792321535596174,-0.8815586537468404,0,1,1,0,0110,LL Fault
0.25060475179929925,-0.9459930531226347,0.6952102691986494,-0.030716764681699926,-0.03053694246450788,0.0768082042459241,1,1,1,1,1111,LLLG Fault
0.016931749196369212,-0.028301190245729406,0.002860041645983049,0.9805614822383346,-0.3185650820130454,-0.6436572030055344,0,0,0,0,0000,No Fault
0.421152937100467,-0.9840302626256123,-0.0605005144993889,-0.020991146897299327,0.12332567088965507,-0.08972559062047074,1,0,1,1,1011,LLG Fault
-0.057987129778112254,-0.2261338198726054,0.2815391529251262,-0.8144288021620527,-0.08038836788486738,0.9133954269681793,0,1,1,0,0110,LL Fault
-0.6264121588709152,-0.3327833053993292,-0.06825820262809193,-0.04731373323983111,0.5800162771505925,-0.5286902241394346,1,0,1,1,1011,LLG Fault
0.9198563887589369,0.0403137007775919,0.01272815359218718,0.16396372327827535,-0.6750493350035639,0.5383545817526318,1,0,0,1,1001,LG Fault
-0.04838181174017488,0.009814101715919636,0.029221626903434238,0.7169714188401483,-0.9257960662524866,0.23938580285874955,0,0,0,0,0000,No Fault
-0.4851922053815537,-0.06902147540206391,0.0378072439930626,0.6111537079622316,-0.6538302638121756,0.06835728451346532,1,0,0,1,1001,LG Fault
-0.07724210550664902,0.22104553865556917,-0.14783845148944447,-0.6868276684201186,-0.08363503671120173,0.7887642801210155,0,1,1,0,0110,LL Fault
-0.08248404848308474,0.08308762123667046,-0.01049718029419997,-0.2757543811404488,-0.6650933482705973,0.9690935372888377,0,0,0,0,0000,No Fault
0.7237005618855475,0.06584620774681313,0.02924664651376631,0.24665831785031872,-0.7587443584081366,0.5407240138185663,1,0,1,1,1011,LLG Fault
-0.07965867794064305,0.06006951676739051,0.010066411715715491,0.03541078016674118,-0.852060819559862,0.8476188882024198,0,0,0,0,0000,No Fault
0.05727183561020723,0.8293388980403933,0.053722395704900144,0.08439542653610398,-0.4239723901034525,0.362292314712667,1,0,1,1,1011,LLG Fault
-0.04910264274514794,0.11791762245873726,-0.0787733058437942,-0.9449482886240398,0.20413513505363137,0.7543381708163432,0,0,0,0,0000,No Fault
-0.3482929348630563,-0.643134866033029,0.9852555997282769,-0.04021412307285426,0.008232155573549373,0.04682593929435321,1,1,1,1,1111,LLLG Fault
0.7293015627620577,-0.9382778843844605,0.2128883138553047,0.0024045610414618647,-0.06416370251377532,0.07786394569378306,1,1,1,1,1111,LLLG Fault
-0.762219056429312,0.9358508434128977,-0.18615672620447646,0.03611596801757182,0.0343897781341045,-0.05636051927158266,0,1,1,1,0111,LLL Fault
-0.04220972272988672,0.006158246558019418,0.026487818172987697,0.7866580189086656,-0.887670924805418,0.1306658242338857,0,0,0,0,0000,No Fault
0.6409528517513507,-0.9730904515126253,-0.04800096822710579,-0.0048182620303121905,-0.03813972445116404,0.05858809495916141,1,0,1,1,1011,LLG Fault
-0.007988180401568061,-0.04762587139534301,0.04585919484426892,0.6435070083879004,-0.9337470650996265,0.3211468595558774,1,0,0,1,1001,LG Fault
-0.29151552595825725,-0.6688121011236063,0.9546182052096374,-0.047588457938263426,0.006603187976422127,0.05587970452474146,1,1,1,1,1111,LLLG Fault
0.22852433987452841,-0.25556934871236314,0.026903141492263548,0.08673975273400605,-0.8825044309599858,0.8271751591192719,0,1,1,1,0111,LLL Fault
-0.7825254242084031,-0.02218117046633258,-0.045892791096028535,-0.21565945319460114,0.7483833439683482,-0.5314602812945511,1,0,0,1,1001,LG Fault
-0.8104860263704996,0.9068480071653755,-0.10912248018349918,0.030741970049883317,0.03787362811732134,-0.054522235267529556,0,1,1,1,0111,LLL Fault
0.0589439415835453,-0.0070062271966887454,-0.05752708087247741,0.5256362831936134,0.47737460346202,-0.9985697746647453,0,0,0,0,0000,No Fault
0.036621550217806484,0.0637551005289625,-0.10883566420319148,-0.6008210907712548,0.9861912876395251,-0.3875982265283014,0,0,0,0,0000,No Fault
-0.5272702320751097,-0.4660089185608807,-0.07013002794169178,-0.0486226164658741,0.5678107210444802,-0.5149406973365349,1,0,1,1,1011,LLG Fault
0.9773145143372236,-0.3026855427448569,-0.6705800423008297,0.06537796144029463,-0.08372434719369883,0.03465542979420919,1,1,1,1,1111,LLLG Fault
-0.05682615293443497,0.8634738199569127,-0.8123755562440408,0.10509681448772797,-0.0355699487837986,-0.05423692630294989,0,1,1,0,0110,LL Fault
0.20479399671435053,-0.9325888010018679,0.7271808651301259,-0.03286580930462607,-0.02736544371232731,0.07573126192558881,1,1,1,1,1111,LLLG Fault
-0.07337293240387861,0.7282958531599933,-0.660433087716214,-0.21774425258049798,-0.05922622890976724,0.29356524176831805,0,1,1,0,0110,LL Fault
-0.04375590203911405,0.0031729344244968267,0.03156477419038122,0.7605746450947123,-0.9092309614073261,0.17878752236691442,0,0,0,0,0000,No Fault
-0.0042142549088403395,0.10191993144684428,-0.10702145462802716,-0.950683008204052,0.742768069358143,0.21123377985981487,0,0,0,0,0000,No Fault
-0.9516259536746325,-0.06539792171436058,0.00413716479113122,0.2925741210118559,0.04424464427927648,-0.32354046394736424,1,0,0,1,1001,LG Fault
0.003786912026503244,-0.8681450181650753,0.8618757861056394,-0.03846067083228925,-0.014374345686000862,0.06810333245881878,1,1,1,1,1111,LLLG Fault
-0.8225367382468607,-0.04297197059500663,-0.05734332723036474,-0.0401271295223243,0.5908456744112608,-0.5469307840150166,1,0,1,1,1011,LLG Fault
0.6475680078210704,0.3150986209544919,0.04724539532468982,0.08860117229910867,-0.6158132872648171,0.5535567896332909,1,0,1,1,1011,LLG Fault
-0.7729970292983788,0.929608354026832,-0.17148727256054888,0.035040564192514445,0.03513254766556597,-0.056039130732469106,1,1,1,1,1111,LLLG Fault
-0.30236688887010316,-0.6530865512170695,-0.07461361067908183,-0.047747268532890144,0.4916097515702842,-0.43817136685340113,1,0,1,1,1011,LLG Fault
0.04885062372248974,-0.022006609723592,-0.03508667416444981,0.7233755756319747,0.2423307892052941,-0.9573291785933358,0,0,0,0,0000,No Fault
0.6921107108876928,0.2803168158459958,-0.9703676979282445,0.08773232717349759,-0.06553459228510987,-0.0062931344412597255,0,1,1,1,0111,LLL Fault
-0.05450846678880011,0.11279828721544065,-0.06791812754715312,-0.9007676528744455,0.09349456022593339,0.822780554810739,0,0,0,0,0000,No Fault
0.16062992137430696,0.06797181619476178,-0.0648951265761229,-0.6085522791147084,0.8362771106374135,-0.22708751428042287,1,0,0,1,1001,LG Fault
0.3725602020395804,-0.021284826483398966,0.04250903609053266,0.5606571424325268,-0.9960783686060395,0.4677305097489085,1,0,0,1,1001,LG Fault
-0.6041040068496366,0.01263676512336278,-0.05566712037494898,-0.41424599860935796,0.9207488645038083,-0.5079836682178126,1,0,0,1,1001,LG Fault
0.9188828037208224,-0.16297285412218146,0.02646254186925629,0.07309199973941741,-0.5964786496150182,0.549405537767654,1,0,1,1,1011,LLG Fault
-0.032375141942922576,0.11057803832294985,-0.08750914004519562,-0.9917176781740091,0.4188400497620356,0.5824522860220838,0,0,0,0,0000,No Fault
0.037470706477204976,0.06270595051778999,-0.10862538567734276,-0.5882691545620452,0.9879847956691454,-0.4020109826472227,0,0,0,0,0000,No Fault
0.05418366229667143,-0.012939749723790313,-0.04973916807940573,0.5931531493835773,0.40533393210685864,-0.992857886621459,0,0,0,0,0000,No Fault
-0.25224275547693265,0.9582122483621041,-0.7141730932607208,0.07242212834926584,-0.0014806753644477921,-0.05621178336923428,0,1,1,1,0111,LLL Fault
-0.5385580978653778,-0.07045221079688278,0.03589308695128113,0.5962606755788125,-0.6058062652768811,0.03435447535416437,1,0,0,1,1001,LG Fault
-0.04376395574053766,0.11205224878254089,-0.0776934933160288,-0.9601310528169881,0.25922517558042524,0.7134257290287601,0,0,0,0,0000,No Fault
-0.8508342629430288,-0.07163880145570538,0.01715212542054239,0.42525069755293177,-0.20103743246776712,-0.20663211045377852,1,0,0,1,1001,LG Fault
-0.024869404591621583,-0.6204285209521967,0.6442783481242093,-0.7182226632472744,-0.059407452046495945,0.7955551684055244,0,1,1,0,0110,LL Fault
-0.7568289502743236,0.29488254468459335,0.4516578123190485,0.04733203615921734,0.02515315271485092,-0.058194420299899435,0,1,1,1,0111,LLL Fault
0.6076160409449315,-0.9831415623827481,0.3785570427195076,-0.008097517270329348,-0.05574681621193348,0.0798172556028264,1,1,1,1,1111,LLLG Fault
8.948520336454205e-06,0.704354853758759,-0.7088696667600893,0.7012256996726554,0.02122732192060999,-0.7098213366594721,0,1,1,0,0110,LL Fault
-0.7107708767431261,0.964233975938806,0.02280102544192958,0.040385209073204704,0.06322406283159207,-0.09002253805109521,1,0,1,1,1011,LLG Fault
0.041969583754174186,0.057644095349870396,-0.10813785210096008,-0.5108106273940212,0.9948323393847789,-0.48665235191957956,0,0,0,0,0000,No Fault
0.2513594108303551,-0.9451642516563133,0.6958739513554708,-0.03070488727278569,-0.030561109649012253,0.07682091949268968,0,1,1,1,0111,LLL Fault
-0.9958804224627471,0.4283367522647891,0.554596141434165,-0.016411909087157735,0.05246289004738809,-0.022109458564452497,0,1,1,1,0111,LLL Fault
0.052715688037304205,-0.014810184193281985,-0.04640855790927575,0.63013541090672,0.36249835006655307,-0.9862897418894199,0,0,0,0,0000,No Fault
-0.07514462048499541,-0.8086474742969717,-0.07398452363129966,-0.04306995082307834,0.3989126186192319,-0.34840488247567925,1,0,1,1,1011,LLG Fault
-0.0678971317607528,0.10772848620161925,-0.049553072548493,-0.7559367389367172,-0.16724044863580045,0.9432485227555838,0,0,0,0,0000,No Fault
-0.8519173380012987,-0.0168411118108966,-0.04053592718222823,-0.2162464228361306,0.7483833844249983,-0.5308717967205073,1,0,0,1,1001,LG Fault
-0.022546390778645606,0.11176412469003089,-0.0988593815128184,-0.9973689680840119,0.5573057731714943,0.4470252383788663,0,0,0,0,0000,No Fault
-0.6952532457108657,-0.24331748443948356,-0.06533013616663239,-0.04567587275854841,0.5892704575194578,-0.5397622210763512,1,0,1,1,1011,LLG Fault
0.3871045574249619,0.5914949898516327,0.05376524338625409,0.09037353596657825,-0.5532177419574021,0.4879963358586682,1,0,1,1,1011,LLG Fault
0.0364015073615158,0.06688511679255829,-0.11215717359770518,-0.5907430418783154,0.991564623390796,-0.40317829704627506,0,0,0,0,0000,No Fault
-0.4512591087012337,0.998134571447165,0.039106311257912585,0.06100006067724504,-0.13675125553714085,0.09307811359062566,1,0,1,1,1011,LLG Fault
0.8362856033230538,-0.8737713692860916,0.04434750291736572,0.01423995826769925,-0.07185453759024342,0.07383395120992622,0,1,1,1,0111,LLL Fault
-0.9593569686304585,0.2377601853140994,0.7072954027324068,-0.02758311213392923,0.050494903813743955,-0.008903306973579023,1,1,1,1,1111,LLLG Fault
0.5891494529450428,-0.0019675912382159967,0.03607716060561898,0.4631281788910731,-0.9573174719400906,0.5260215954408802,1,0,0,1,1001,LG Fault
-0.62293601336768,-0.3561331172464075,0.9695275689537112,-0.04756437090822219,0.02883661095486839,0.03320021753971706,1,1,1,1,1111,LLLG Fault
0.5102580434408708,-1.0,-0.05644869569673614,-0.01433518147126242,0.06612124607689539,-0.038109236111119646,1,0,1,1,1011,LLG Fault
-0.6315832579689667,0.9875275657363033,0.028727393814242316,0.047598830524530816,-0.0035472398899941797,-0.02921689399726917,1,0,1,1,1011,LLG Fault
0.057075169776920204,0.028752170418268712,-0.09401050810958976,-0.14372637493714882,0.9245361215618572,-0.7830796117092113,0,0,0,0,0000,No Fault
-0.8012085443614235,0.913092076457026,-0.12458370941981882,0.03182396055767421,0.037201798512679074,-0.054922515720922147,0,1,1,1,0111,LLL Fault
-0.027613966879684718,-0.6062530640956554,0.6329916973723603,-0.7302479855377103,-0.06164432774110578,0.8098916957049049,0,1,1,0,0110,LL Fault
0.949148089005593,0.07730448267395217,-0.02422996644359596,-0.2507813427723418,-0.0763812127508593,0.3441704447646809,1,0,0,1,1001,LG Fault
-0.5198700324263583,-0.10165182373699558,-0.01831925337976991,0.4709429251844998,-0.12491668529418948,-0.33001073046616725,1,0,0,1,1001,LG Fault
0.06053452102198237,-0.21264110611002032,0.15089424492176579,0.7100403586773232,0.05136180729384353,-0.7493656963862925,0,1,1,0,0110,LL Fault
0.024044312843577983,-0.0289228596326496,-0.0035654534507623195,0.9554254625321771,-0.21538253689620795,-0.7235951347264286,0,0,0,0,0000,No Fault
0.9709978168129052,-0.3581387063936678,0.014858248193025031,0.06265615500408742,-0.5468028902059295,0.5092506169885511,1,0,1,1,1011,LLG Fault
0.1408716737987492,-0.9133612642382367,-0.07020600255342668,-0.035507950594363395,0.29158376205643266,-0.24662134386681228,1,0,1,1,1011,LLG Fault
-0.826906235852317,-0.013248551877988339,-0.04271229947323384,-0.24345077604365856,0.7764606491405929,-0.532205393765629,1,0,0,1,1001,LG Fault
-0.7473176021770569,-0.19200570991641847,0.9304547608856945,-0.04427938582984209,0.03705875512578375,0.021528349855897383,0,1,1,1,0111,LLL Fault
-0.08003691516958811,0.41283908279184556,-0.3374433741960728,-0.5637630569051455,-0.07911346556156261,0.6607660267681769,0,1,1,0,0110,LL Fault
-0.011565907097083116,0.10854124291230992,-0.10650033675761714,-0.9768965861808052,0.680126516748233,0.30134712449455825,0,0,0,0,0000,No Fault
-0.05771747241423543,-0.836896365679544,0.8915107400594768,-0.04117953998625874,-0.009938576618162076,0.06630946359827894,1,1,1,1,1111,LLLG Fault
0.7549493777180051,-0.7108718865400803,-0.03830817303127855,0.05436052659882128,-0.6428657704689578,0.6154540584814765,0,1,1,1,0111,LLL Fault
0.7143759938537813,0.25039238107836825,-0.9624225993663565,0.08708698192556949,-0.06699888027886775,-0.0041540031805413526,0,1,1,1,0111,LLL Fault
-0.49833962237355706,0.01847189654447324,-0.05839657374517446,-0.44419469112203996,0.9405764227419066,-0.4981593930023168,1,0,0,1,1001,LG Fault
-0.09168629565468354,-0.800948049873183,0.8890580904950909,-0.043532682964718725,-0.006988126529069697,0.06566240742974488,1,1,1,1,1111,LLLG Fault
-0.07979206878983347,0.37593232601003956,-0.30066816099995974,-0.5911807380471088,-0.08030749018651735,0.6894730815839083,0,1,1,0,0110,LL Fault
-0.013589182019622503,0.10808313087704512,-0.10404994506411319,-0.9821935766997261,0.6557073601357026,0.3315407072503382,0,0,0,0,0000,No Fault
-0.8333062673464232,-0.05378119609885395,0.8770469684877431,-0.040151877687561274,0.04263929851101024,0.01170345792372533,0,1,1,1,0111,LLL Fault
-0.9799430465469169,0.659708115722144,0.3044293068765016,0.0014768781726611294,0.050548945806948964,-0.03809540615720668,1,1,1,1,1111,LLLG Fault
-0.05990829034938777,0.11628187962349394,-0.06643289746533193,-0.8670624181381105,0.020383111384685106,0.8634848101977712,0,0,0,0,0000,No Fault
0.9265807973511918,-0.7786902571029084,-0.1403763701121768,0.027724963459555295,-0.0786341723912833,0.0672214836769777,0,1,1,1,0111,LLL Fault
-0.053200010513288265,-0.30388556761725394,0.3548980594811625,-0.8145406491331744,-0.07788058636985082,0.9109522016188827,0,1,1,0,0110,LL Fault
0.7830855934880072,-0.9243373948580381,-0.036576839248317033,0.009388883702915607,-0.16152398385236244,0.1700689475969765,1,0,1,1,1011,LLG Fault
-0.6508122051904796,-0.0725661999341119,0.030932012308463167,0.554538237519202,-0.48954607726782096,-0.04227887734673845,1,0,0,1,1001,LG Fault
0.4574641179111472,-0.014176893127236193,0.040467594648464944,0.5277819859590328,-0.9887122693503365,0.4931869416579175,1,0,0,1,1001,LG Fault
0.04767995661418346,0.0535640799255366,-0.10954707885904072,-0.3886132163897444,0.992139531807924,-0.6064298230966435,0,0,0,0,0000,No Fault
-0.019054134775259777,0.8193599846772619,-0.8053684201822764,0.5534472328770633,0.004725208079656835,-0.544835817253601,0,1,1,0,0110,LL Fault
-0.9630813796313754,0.684938805167707,-0.011197897039421216,0.0025671262919389273,0.36721502907523557,-0.36186385162635104,1,0,1,1,1011,LLG Fault
-0.07838611447359334,0.09805108537400808,-0.029576694985786092,-0.5321846414657789,-0.4412839411804357,0.9981471060768261,0,0,0,0,0000,No Fault
0.9197776729365892,-0.789007154410342,-0.12567943833920195,0.02663102975825357,-0.07815524980391894,0.0678303067095363,1,1,1,1,1111,LLLG Fault
0.5551340385270173,-0.986157889592306,-0.053529247319716165,-0.011767485320255601,0.028815185112974866,-0.0026697392832641144,1,0,1,1,1011,LLG Fault
-0.07202724631343092,0.043610401359135936,0.025083340707879917,-0.7624338575865992,-0.08471961800630307,0.8656760771032812,0,1,1,0,0110,LL Fault
0.9270727003646118,-0.13640619329681034,-0.7875735498544215,0.0739077813648045,-0.08073130434338005,0.023053155454248214,1,1,1,1,1111,LLLG Fault
-0.08037897684242841,0.47177530481783186,-0.39610780025821024,-0.5154247211726657,-0.07690052402115256,0.6100446040088731,0,1,1,0,0110,LL Fault
0.0504584971475523,0.04475551034671823,-0.10376226087623773,-0.32752433581710666,0.9785628593732367,-0.6538463485837674,0,0,0,0,0000,No Fault
0.36427119710763356,0.6220311354173162,-0.9880508721662579,0.09014207615270793,-0.04365953431325881,-0.0309994442929278,0,1,1,1,0111,LLL Fault
-0.15396330643185618,-0.7636332103606546,0.9133676236778435,-0.045075479770084845,-0.0027396927886568848,0.06288024020171337,1,1,1,1,1111,LLLG Fault
0.5620738094185862,0.05367717484480705,-0.0037458217613764114,0.41598757015177906,-0.8745035150796849,0.48890170397193417,1,1,1,1,1111,LLLG Fault
0.054643140645124356,-0.7290449167624125,0.6747510210147921,0.21003359725425494,0.024584227027139714,-0.2207476074857871,0,1,1,0,0110,LL Fault
0.4905918201454474,0.506722678825571,-1.0,0.09046751913049585,-0.05216804521798352,-0.022655775548003715,1,1,1,1,1111,LLLG Fault
0.6817526728098597,0.2702457540595301,0.04575997673207752,0.08775707698334947,-0.6202189695311088,0.5588924079491803,1,0,1,1,1011,LLG Fault
0.9027329131032733,0.08138107533818627,-0.03173248846787155,-0.3278636478324706,0.06211731452876734,0.2803303600847981,1,0,0,1,1001,LG Fault
0.29699828467123457,-0.0344135337641605,0.040115090866491565,0.5896350779671762,-0.9999510733456337,0.4426219439717139,1,0,1,1,1011,LLG Fault
0.9593782932263848,-0.6880271953766671,-0.009920061390499772,0.03847103355086713,-0.39205783154496415,0.37581827677351193,1,0,1,1,1011,LLG Fault
0.04176995758822438,-0.8578537995182445,0.8167779259303882,-0.03473455233994401,0.003665980158040826,0.045984668491037294,0,1,1,0,0110,LL Fault
0.019001493727321156,-0.028565897181436525,0.0010742866635743524,0.9745781478662762,-0.289441440026173,-0.6673343133120719,0,0,0,0,0000,No Fault
0.538306578955509,-0.006890183075640106,0.037977887511505756,0.49040856429072427,-0.9727129135367213,0.5143564786609975,1,0,0,1,1001,LG Fault
-0.7061393106309931,-0.22817746617704524,-0.06479377299450373,-0.04534428056559428,0.5902915056912404,-0.5411351164953437,1,0,1,1,1011,LLG Fault
-0.6517856347982144,0.976469927874531,-0.3363856756841862,0.04656032363508557,0.026504319060128206,-0.058797466972787454,0,1,1,1,0111,LLL Fault
-0.9993963073880878,0.46907327101245005,0.5149498373897158,-0.013610447372170126,0.0525433987810892,-0.02500038394323277,1,1,1,1,1111,LLLG Fault
0.3559006844845998,-0.9681781100204103,0.6153159391697136,-0.02525428807621346,-0.037823447306801955,0.07875601977003385,0,1,1,1,0111,LLL Fault
-0.9848356518209722,0.46929879689293197,-0.02824140843358277,-0.014520319061444256,0.4786300283357001,-0.45826037336639347,1,0,1,1,1011,LLG Fault
-0.08008328539864193,0.4249470032767827,-0.3495417083041623,-0.554335140734151,-0.07868419784826627,0.6508757035052231,0,1,1,0,0110,LL Fault
-0.3279752112839079,0.9748607110306711,-0.6580787033661213,0.06859040584401549,0.003743339746098074,-0.05769304942983407,1,1,1,1,1111,LLLG Fault
-0.06686578119725477,0.031310904374032916,0.026240896000376802,0.42807445037847375,-0.963574492589923,0.5675440145435711,0,0,0,0,0000,No Fault
-0.056835585184633754,0.05577366121553052,-0.06599044759899192,-0.5946665289619634,0.921488549620266,-0.32783853395734314,1,0,0,1,1001,LG Fault
-0.9910073607220279,-0.05624008252413723,-0.00801274193130922,0.16216142761935753,0.25628398844593997,-0.408845136739621,1,0,0,1,1001,LG Fault
-0.01945444588760151,0.11204056063164165,-0.10221309729405385,-0.9944320723307956,0.5966217949526719,0.40401845314244383,0,0,0,0,0000,No Fault
0.6580557374598424,-0.9791344550654233,-0.04717213024318547,-0.002909040088097812,-0.048257647826623146,0.06698373610034505,1,0,1,1,1011,LLG Fault
-0.05050920325117272,0.010014212390808307,0.031394993466586744,0.6852813192465368,-0.9399546315403754,0.2855871623392617,0,0,0,0,0000,No Fault
0.009609271007785523,-0.8287219936183293,0.8191175745888452,-0.4506354833557072,-0.029529481254095193,0.4968136166273275,0,1,1,0,0110,LL Fault
0.46902496217730016,0.027848961610392048,-0.0016801695436581172,0.48973453038022347,-0.9278219961186713,0.4692895084943131,1,1,1,1,1111,LLLG Fault
0.9676142720952126,0.07501422584352226,-0.020811175981928713,-0.21443196360530342,-0.1377138228120694,0.37022118707665636,1,0,0,1,1001,LG Fault
-0.6398116554525566,0.9792297275504013,-0.351025003911802,0.04757408071467892,0.025654737499335903,-0.058948208028821086,0,1,1,1,0111,LLL Fault
-0.9388993948998784,0.750255059862062,-0.005099699147832986,0.008973463843142397,0.3209343949791601,-0.32112829374556284,1,0,1,1,1011,LLG Fault
-0.02840613769334115,0.11091007535605853,-0.09191071571346676,-0.9967227906609368,0.4753197648919389,0.5299191656837822,0,0,0,0,0000,No Fault
0.059946316487852695,-0.3442818199251382,0.2837448960513492,0.7254495633194221,0.020116419528952892,-0.7329774384518344,0,1,1,0,0110,LL Fault
0.3288187766051622,-0.02475205169744667,0.04335574138073312,0.5753147366785969,-0.9965005758247601,0.4534642749588166,1,0,0,1,1001,LG Fault
-0.07475100229523352,0.04558707663664088,0.01985872351876541,0.22219909994156353,-0.9240680413567198,0.7337090293273376,0,0,0,0,0000,No Fault
0.04898629435666466,0.051344342430005505,-0.10857869372515769,-0.35955048286547625,0.9877676098070087,-0.6311147210070263,0,0,0,0,0000,No Fault
-0.2643362018905553,0.9653988051800909,0.046635290835038264,0.07170489204956984,-0.2553550309376494,0.20319936319748838,1,0,1,1,1011,LLG Fault
0.04961744524292514,0.0502323467083724,-0.10807127623314974,-0.3448857049414587,0.9852230321595923,-0.6432255095770563,0,0,0,0,0000,No Fault
0.05183843214694283,-0.01941169281302836,-0.040650237218890356,0.6674089682681758,0.31644335727248524,-0.9767331612868049,0,0,0,0,0000,No Fault
-0.02696778384098739,0.1132165487744469,-0.09593152641296164,-0.999078938350846,0.5048125624831216,0.5022290898589368,0,0,0,0,0000,No Fault
0.018539450811516124,-0.019339317999563347,0.01093132487782425,0.9975401757858658,-0.4658331594499769,-0.5106181961119174,0,0,0,0,0000,No Fault
0.06131771363431705,0.006203176100049417,-0.07573265309704291,0.21327183908752836,0.7389274289411528,-0.9518933883398877,0,0,0,0,0000,No Fault
-0.39244296641831716,-0.6066030852402847,0.9923868436025065,-0.04612014738700068,0.012320196497237514,0.04858200375243582,1,1,1,1,1111,LLLG Fault
0.04818829219080483,-0.024271529535992084,-0.02618549045879043,0.8556336009664798,0.0339366652712386,-0.877589122231879,0,0,0,0,0000,No Fault
0.77867867977724,0.019076349887252587,0.026082896153183738,0.3292494776565295,-0.8514533257384763,0.5523821521359523,1,0,0,1,1001,LG Fault
0.05775851143778749,-0.013029176558105322,-0.05278907949539055,0.5178012143936853,0.48472006335310736,-0.9981987849555227,0,0,0,0,0000,No Fault
0.09317339689396946,-0.9102844430225393,-0.0715456046366286,-0.03684950245107275,0.32312621491168536,-0.27741725434234965,1,0,1,1,1011,LLG Fault
-0.07872705869808821,0.05659111763702185,0.012758857720153456,0.06745936305177763,-0.8672158952521141,0.830928007065146,0,0,0,0,0000,No Fault
0.025846481975154417,-0.024534629284758077,-0.010172558996416507,0.9384957933106394,-0.16647374009534122,-0.7564574978864694,0,0,0,0,0000,No Fault
0.9892313435713691,0.0688999589447703,-0.012964478365241491,-0.12986102129857635,-0.273591503567509,0.42388219976700936,1,0,0,1,1001,LG Fault
0.38664995815481845,-0.020117710959424294,0.042198319225873616,0.5554836509813984,-0.9954539978884978,0.4722814995551401,1,0,0,1,1001,LG Fault
-0.07555375934205141,0.6871729269539631,-0.6170309211628797,-0.2795823933944515,-0.06326926747414896,0.359687089105558,0,1,1,0,0110,LL Fault
0.039526695792591056,0.06560312927392468,-0.11370753678586379,-0.5409158773788967,0.9989600941744723,-0.46067337135368003,0,0,0,0,0000,No Fault
0.05810516113283429,-0.009190853999745487,-0.05425878345369874,0.5647486039051065,0.4360177136011743,-0.995644088891487,0,0,0,0,0000,No Fault
-0.9580822110629534,0.2962574157932059,-0.03956467438915309,-0.025132535589460527,0.5365326151775199,-0.5066213971451968,1,0,1,1,1011,LLG Fault
0.5117379545273144,-0.5233081082662454,0.014707863157484426,0.0744899322846338,-0.852161333297905,0.8085385517093021,0,1,1,1,0111,LLL Fault
0.9410808369919297,-0.22246830910083368,0.00854848183101949,0.07005675765891478,-0.5794934008402921,0.5351412570130201,1,1,1,1,1111,LLLG Fault
0.8250569643072104,0.04800932663556776,0.016798833167894336,0.09438065500787045,-0.6199938671116805,0.5520218972544363,1,1,1,1,1111,LLLG Fault
-0.8731817871185558,0.8525114592722438,0.005928081779740406,0.020946957739155374,0.22863540563134835,-0.23908305433382826,1,0,1,1,1011,LLG Fault
-0.05473709147068437,0.01885502958092935,0.026166867114522666,0.6469957168496139,-0.9446525516095391,0.3287613366840256,0,0,0,0,0000,No Fault
-0.8659485126890484,0.3540903930562863,0.49867704315292893,-0.13283952909836527,0.06934898604578045,0.07742029554707165,1,1,1,1,1111,LLLG Fault
0.7994759048341569,0.05644197710815955,0.035607057076998155,0.1360401585885388,-0.6672033292547662,0.5583572809104549,1,0,1,1,1011,LLG Fault
0.765853692086388,0.14711333912567434,0.041198052133001525,0.08487177444462346,-0.6254472714282994,0.5671128784686668,1,0,1,1,1011,LLG Fault
0.4219712730755373,0.5723387302681503,-0.9954053791170069,0.09048491915629377,-0.04754723228738048,-0.02738172160917335,0,1,1,1,0111,LLL Fault
-0.005922913256913178,0.10558480713947044,-0.10910964782214803,-0.9571559460808429,0.7349410798531587,0.22569939717255846,0,0,0,0,0000,No Fault
0.8089123923476925,-0.8946583202544091,0.09020493694913913,0.010968871829963598,-0.06989556671650782,0.07511756287374789,1,1,1,1,1111,LLLG Fault
-0.025522267089801858,0.10756646105227563,-0.09115667083440461,-0.995734327758732,0.4999727593237875,0.5038072595885064,0,0,0,0,0000,No Fault
0.9999999999999999,-0.4863439813165093,-0.5064362925557745,0.05361738596960324,-0.08469458990428455,0.0474358391076326,0,1,1,1,0111,LLL Fault
-0.9123781411297891,0.7996604891599561,-4.912779379514891e-05,0.014395351352533139,0.2800639607339276,-0.28491854252373566,1,0,1,1,1011,LLG Fault
0.251389940295965,-0.9451365771667422,0.6959037340656418,-0.030704744191288103,-0.03056121969110053,0.07682088981113841,0,1,1,1,0111,LLL Fault
-0.03911809075693495,0.0034487136920143624,0.026141758017319015,0.8144121274114325,-0.8690535544331227,0.08386747311694301,0,0,0,0,0000,No Fault
-0.8235596662698182,-0.028760306541019076,-0.03510186046198824,-0.12856843291710857,0.6542362284950137,-0.5228484941501533,1,0,0,1,1001,LG Fault
-0.6707541601707526,0.2627964572223759,0.396904162699968,0.19135576158448805,-0.017866045877603313,-0.15876442208952385,1,1,1,1,1111,LLLG Fault
-0.04523343562855845,0.00895745912702097,0.02667659405143672,0.7571503627776689,-0.9042759101979819,0.17717180217704842,0,0,0,0,0000,No Fault
-0.05762596850370814,0.018283118617695007,0.030153111775603883,0.5891584208710527,-0.9609468186014649,0.40335544643805665,0,0,0,0,0000,No Fault
-0.8551737629373742,0.08490491660627092,-0.04264305921647271,-0.056480260894736845,0.5615572961817088,-0.5006901278096089,1,0,1,1,1011,LLG Fault
0.8420550675578451,0.02755665643214824,0.021177612478688247,0.2672156342461819,-0.7900707776066476,0.5520330822523368,1,0,0,1,1001,LG Fault
-0.8750396958450793,-0.020383061956345237,-0.038291860050880394,-0.18851544255290983,0.7186089405819401,-0.5283368372390855,1,0,0,1,1001,LG Fault
-0.06969739445676865,0.039328286785292876,0.020455834368973285,0.39615658642070534,-0.9556617026214045,0.5914835509876405,0,0,0,0,0000,No Fault
0.28752525530588346,-0.9747638171930024,-0.06620499000336694,-0.026978012257579682,0.21308354082450098,-0.17518401714621418,1,0,1,1,1011,LLG Fault
-0.078665222535842,0.5926973543070275,-0.5191963077216508,-0.397438121345331,-0.0704587200493826,0.48518115450075816,0,1,1,0,0110,LL Fault
-0.6957403032528503,-0.006846843378679935,-0.05152428916528156,-0.3117434186012086,0.8425738451532511,-0.5310994904961375,1,0,0,1,1001,LG Fault
0.06174741370370691,0.011878222335448153,-0.08052638113742165,0.20945222917112508,0.7440234197915868,-0.9532563470351078,0,0,0,0,0000,No Fault
0.2341033738602633,0.07074211726017968,-0.0642805204205385,-0.6061757809598443,0.8041592655034975,-0.19674298269775053,1,0,0,1,1001,LG Fault
0.056679420427528826,-0.010997948421043482,-0.05402028437716439,0.5294842396926872,0.4735163304186498,-0.9984964447433775,0,0,0,0,0000,No Fault
-0.9028433405664384,-0.02501336197020759,-0.035203099049895534,-0.15082841420035475,0.6763841973188505,-0.5230977581686755,1,0,0,1,1001,LG Fault
0.036917137811491314,-0.02645582089678406,-0.006101850926117032,0.9800647164356486,-0.26906839506516605,-0.6935950822807765,0,0,0,0,0000,No Fault
0.6020542038894411,-0.0007282169493213605,0.03557630289914227,0.4560655281550752,-0.9528855235982874,0.5285869191492428,1,0,0,1,1001,LG Fault
-0.047669984020160844,0.007031788509474751,0.031572942677536596,0.7186184283142016,-0.9281793658916742,0.2401629516174894,0,0,0,0,0000,No Fault
-0.19367486467470388,-0.05757484885447718,0.04442850260077556,0.6498575507335065,-0.8527677186070779,0.23226342771179775,1,0,0,1,1001,LG Fault
0.8944086458223963,-0.8242143161967609,-0.0628123017649887,0.022417616800516363,-0.07626694051524985,0.07013074730751262,0,1,1,1,0111,LLL Fault
0.9238315914816264,0.0797605027916691,-0.028433088897866596,-0.29449525161066775,0.0005908507646669899,0.30956752081016653,1,0,0,1,1001,LG Fault
0.9863297476534229,-0.4959720480561285,-0.03206866242551841,0.05338510220366063,-0.46225717672835187,0.4323961515715229,1,1,1,1,1111,LLLG Fault
-0.13215910254365856,-0.054492050999621525,0.04512441606840164,0.6502250481592792,-0.8832186429512738,0.26292373307346995,1,0,0,1,1001,LG Fault
0.2369433915399615,0.07163068578838654,-0.06385702385118676,-0.606153892779944,0.795618860194099,-0.18806245637858024,1,0,0,1,1001,LG Fault
-0.6751666757054425,0.97018572314939,-0.306812804438242,0.04452158333449087,0.028165846169256784,-0.058446378743686245,0,1,1,1,0111,LLL Fault
0.8156617307293997,0.023947333189322125,0.023328683844465035,0.29418299679988125,-0.8175682467417816,0.5530135001679685,1,0,0,1,1001,LG Fault
0.045285030861774635,0.051952021307222034,-0.1055879297804368,-0.45528624217926084,0.9926486560937218,-0.5400988197615114,0,0,0,0,0000,No Fault
0.38427811678674645,-0.9734264995084142,0.5902055438740935,-0.02360363906935377,-0.039829524285649245,0.07914514160912703,1,1,1,1,1111,LLLG Fault
-0.03835221527057029,0.00044714369770634897,0.02867811059794516,0.8161890039022281,-0.8716247396101777,0.08470586316081145,0,0,0,0,0000,No Fault
-0.027711267054713704,0.10819403643952633,-0.08961541006927244,-0.9951150118310594,0.47299323726070513,0.530677803048385,0,0,0,0,0000,No Fault
0.22874916330583195,0.7237874893475387,-0.9581545409010034,0.08836333302398408,-0.03451394121153063,-0.0385351284453011,1,1,1,1,1111,LLLG Fault
0.06180784263885988,-0.4241403712082851,0.3619953333096294,0.6586073280351731,0.02659720752876025,-0.6725617638102876,0,1,1,0,0110,LL Fault
0.034961135468936866,0.3385005834270863,-0.3764870528024776,0.8438134723451108,0.04531895444005016,-0.8773359402485901,0,1,1,0,0110,LL Fault
0.9989767519600209,-0.47362491297682274,-0.5205774783562694,0.05456142124450121,-0.08469517571657802,0.0464898979627667,1,1,1,1,1111,LLLG Fault
0.5865319740396278,-0.9937292010117023,-0.05199946771460509,-0.0090817913383462,0.00920308604718681,0.014621715064292587,1,0,1,1,1011,LLG Fault
-0.9802537280243334,-0.0431175491975702,-0.02112253611654822,0.015059254435159125,0.4686529329409768,-0.477751939721736,1,0,0,1,1001,LG Fault
0.6093955847261243,0.38214707599880227,-0.9904256294886558,0.08952898015864293,-0.06008251818314629,-0.013650086185784366,0,1,1,1,0111,LLL Fault
0.04722721262887557,-0.0247277789763008,-0.03061922301303043,0.7556352020813301,0.1960015715272453,-0.9424659455709129,0,0,0,0,0000,No Fault
-0.3124356347254843,0.9727909928208498,-0.6691230449627706,0.0693796993015858,0.0026964235922408222,-0.05741765410337586,0,1,1,1,0111,LLL Fault
0.8640161120031343,0.08302620227859367,-0.035696094216817915,-0.36810662320708154,0.1385632279818673,0.24278343519092208,1,0,0,1,1001,LG Fault
-0.696578349156543,-0.07300267277052871,0.028459708636565828,0.5325252658838449,-0.4346971713217575,-0.07609729316677508,1,0,0,1,1001,LG Fault
-0.014713635007496277,0.10859844306890366,-0.1034517254732474,-0.9849426212481511,0.6439268140850303,0.3463011398689406,0,0,0,0,0000,No Fault
-0.07409722850025935,0.04467724850251458,0.019997948426335444,0.25183365291476656,-0.9315768150346692,0.7116471741996964,0,0,0,0,0000,No Fault
0.03343550952704827,0.07151678390178406,-0.11400551200879919,-0.6288396697984605,0.9867509552274272,-0.3600756535910773,0,0,0,0,0000,No Fault
0.5309970858763935,0.46610229140545706,-0.9993098154964618,0.09028416759211143,-0.05487041512865619,-0.019718284762218753,1,1,1,1,1111,LLLG Fault
0.3777574655529801,0.6093681728295363,-0.991103840009984,0.09020073298825695,-0.04458595276218906,-0.03011425633656977,1,1,1,1,1111,LLLG Fault
0.027509718254531773,0.43722892575055144,-0.468141012660713,0.8305900924938912,0.04100772712388249,-0.8596844651739775,0,1,1,0,0110,LL Fault
0.11019067994824377,-0.9010192812213231,-0.07092903690864664,-0.03676439362923507,0.3079531343918723,-0.2620415775822656,1,0,1,1,1011,LLG Fault
0.053095157597427306,0.043557039930712416,-0.10470033873989984,-0.2552608577125134,0.9649781651939676,-0.712458925051307,0,0,0,0,0000,No Fault
0.6683870242172139,0.3091246909400121,-0.9780474789546475,0.08829965682371528,-0.06399716514103329,-0.008428570348845994,1,1,1,1,1111,LLLG Fault
-0.07650641420437088,0.17985606325583123,-0.10714249856018132,-0.707120859660675,-0.08424150940673873,0.8097292535217737,0,1,1,0,0110,LL Fault
-0.4716895459831314,0.9922598808860839,-0.5330538980269761,0.06005241711722414,0.013778325370583999,-0.05935784146881132,1,1,1,1,1111,LLLG Fault
-0.04346752962538869,0.005011806526235643,0.029168711338252315,0.7689548560450434,-0.9015393042517279,0.16254747596073243,0,0,0,0,0000,No Fault
0.8336997986421248,0.02635912959134807,0.021903221579091213,0.2762833797508488,-0.7994307051858132,0.552478841438163,1,0,0,1,1001,LG Fault
-0.6334339923682866,-0.3388037646499031,-0.0655989896382837,-0.03903602291406101,0.583718997610856,-0.5407628669691679,1,0,1,1,1011,LLG Fault
0.055969526657078564,0.03258869552401063,-0.09702457350550138,-0.16081601091759842,0.9324561192871578,-0.7740149599454103,0,0,0,0,0000,No Fault
0.7869362302349976,0.08475408495728509,-0.04244732439733837,-0.4339564320671815,0.2734502273270902,0.17136113722911286,1,0,0,1,1001,LG Fault
-0.44375884229582374,-0.06775159333183554,0.03912160611641845,0.6208065975858726,-0.6882064768315012,0.09370735917942752,1,0,0,1,1001,LG Fault
-0.5200615454882194,-0.46838647347545354,0.9801437770033053,-0.04866876271576673,0.0219853193351695,0.04128884260849818,1,1,1,1,1111,LLLG Fault
0.22563513520556838,0.7209449975563677,0.05470699442543504,0.0884007644594435,-0.4957449422922661,0.43141090215893585,1,0,1,1,1011,LLG Fault
0.2375936411460716,-0.009153489925316383,0.009060678863347379,0.5922056127235259,-0.9656706050344372,0.4051136001475531,1,1,1,1,1111,LLLG Fault
-0.04344015151920417,0.8828204757029522,-0.8449060903025438,0.2951570939908057,-0.019711427423983175,-0.26096054910170663,0,1,1,0,0110,LL Fault
-0.9585941737516103,0.23859454080433093,0.7079666547949452,-0.02757109328813232,0.05047062982368332,-0.008890623057339779,0,1,1,1,0111,LLL Fault
-0.15848748869025822,0.9308392995574166,0.04972741230619722,0.07664367557237135,-0.315415264788787,0.25944745452430384,1,0,1,1,1011,LLG Fault
0.869317999152803,-0.037400235900672034,0.015282899708967276,0.07842303214245838,-0.6062426938172453,0.5540097037219462,1,1,1,1,1111,LLLG Fault
-0.07833999736432579,0.10249494365905669,-0.03434486406271206,-0.560215615955597,-0.4112181884191918,0.9956160991886472,0,0,0,0,0000,No Fault
0.9625048421197911,-0.3141556674554365,0.017646421391492167,0.06523559206097054,-0.5603147235766328,0.5204325824239181,1,0,1,1,1011,LLG Fault
-0.35158990395496315,0.1829909320929636,0.16048504123308688,0.46080593493763117,-0.09802846256252327,-0.347245334749207,1,1,1,1,1111,LLLG Fault
0.02169049538580242,-0.027423379710459862,-0.0028714155741717167,0.962967034999036,-0.24399517579045185,-0.702001093826176,0,0,0,0,0000,No Fault
-0.0822251670452567,0.0797810941495865,-0.007299801437446162,-0.24467776567002225,-0.6881309782493485,0.9614093365478005,0,0,0,0,0000,No Fault
0.8096645170157581,-0.8938336047353973,0.09086577908291431,0.010980842981927974,-0.06991980510471635,0.0751302599817877,0,1,1,1,0111,LLL Fault
-0.03915330013519178,-0.04942655420630521,0.045757490599630087,0.646111629432973,-0.922444425365268,0.30701820864973467,1,0,0,1,1001,LG Fault
0.7963078000744482,0.08463935702204146,-0.041726769327167165,-0.4270654084098408,0.2586996453138784,0.17948234109835404,1,0,0,1,1001,LG Fault
-0.6929502035938797,-0.26723689716015686,0.9521097740010463,-0.04601442002797697,0.03349228457173051,0.026902135348759373,0,1,1,1,0111,LLL Fault
0.9278786332214667,-0.13554437904304945,-0.7868435077750031,0.0739207047488045,-0.08075740697402527,0.02306679577602812,0,1,1,1,0111,LLL Fault
-0.08282244877007791,0.07431553483046212,-0.0016348176834310394,-0.09314393255044126,-0.78258030813547,0.9057154113258699,0,0,0,0,0000,No Fault
0.9805531337342082,-0.6507194368396491,-0.32226100264899354,0.04057286785805083,-0.08282541337458126,0.05861029346155516,0,1,1,1,0111,LLL Fault
0.05900685859169553,0.022848547375335593,-0.09026807321505335,-0.020649555445663603,0.8743360682414488,-0.8553300529838033,0,0,0,0,0000,No Fault
0.05802127211268278,-0.11877398200523792,0.05923433114390417,0.7557721508098951,0.05231864428885176,-0.796193729054497,0,1,1,0,0110,LL Fault
0.022154052713490482,0.08489788252966893,-0.11603911981383504,-0.7639219841029696,0.9423814172236238,-0.17942369529998553,0,0,0,0,0000,No Fault
0.04982384586740592,-0.02287027950060599,-0.035055614117441,0.7133286708116758,0.2561225550841747,-0.9613091233858648,0,0,0,0,0000,No Fault
-0.16001220227277432,0.929170863736581,-0.7763873133466085,0.07661867578105243,-0.0078628494705008,-0.053916170970263244,0,1,1,1,0111,LLL Fault
-0.7480732026075322,-0.1928456044604466,0.9297880361752392,-0.044290666243542276,0.03708245624967895,0.02151551093600155,1,1,1,1,1111,LLLG Fault
-0.07187708390455504,-0.8294502366972021,-0.07406717279814025,-0.040262739534348814,0.4038694175558602,-0.35627039791952503,1,0,1,1,1011,LLG Fault
-0.06014485858625059,-0.20172483762349847,0.2594073508441752,-0.8131310398220634,-0.0813776656776507,0.9131022952658672,0,1,1,0,0110,LL Fault
0.4984387423048629,-0.010551856493363973,0.03927750122342631,0.509637678169141,-0.9817847347461232,0.5043203579692703,1,0,0,1,1001,LG Fault
0.0856204940187521,-0.04191185085316136,0.04583522915057777,0.6320320548340664,-0.9621810393356941,0.3616257857975301,1,0,0,1,1001,LG Fault
0.03142332919674803,-0.878715424629087,0.8479245122914325,-0.18927912277779801,-0.008636613650737705,0.21347501565687416,0,1,1,0,0110,LL Fault
-0.9389552962554605,0.17790838934504485,0.7494613725382535,-0.030617954573007575,0.04929375072704141,-0.004636471849378102,0,1,1,1,0111,LLL Fault
-0.19069446340651117,-0.7556524791782887,-0.07470483160115383,-0.043559824044656636,0.45582575069646586,-0.4059068560947775,1,0,1,1,1011,LLG Fault
0.06244409996133711,-0.5071337551321701,0.44447596874608053,0.4935312044970259,0.042052214260467666,-0.5227962843014836,0,1,1,0,0110,LL Fault
-0.8546274312570893,0.8714605713593423,-0.032227792844355736,0.025288828278652906,0.04105439629717307,-0.052295762744272944,1,1,1,1,1111,LLLG Fault
0.463042719517826,0.5331903940139546,-0.9992386582482393,0.09050388814472035,-0.05032146939129268,-0.024573858402624396,1,1,1,1,1111,LLLG Fault
0.9797463433538186,-0.6515611666749334,-0.32301399729847563,0.040558595889820734,-0.08279658882051724,0.05859523172326483,1,1,1,1,1111,LLLG Fault
-0.8591065803042153,-0.00814475378057802,0.8545852112207735,-0.03851178052999454,0.04426774178995217,0.008399667113817429,1,1,1,1,1111,LLLG Fault
-0.00705008660876919,0.10620551114397453,-0.10861900789141007,-0.9615788139048911,0.7243207075391684,0.2409558992063759,0,0,0,0,0000,No Fault
-0.07239076003510903,0.054802801603495,-0.06596539807751894,-0.5925232832512267,0.9258826920316829,-0.33446498974581135,1,0,0,1,1001,LG Fault
0.060761278221985196,-0.004268952530342214,-0.06455034295039723,0.3636864591299532,0.6255052328617662,-0.9871322279873626,0,0,0,0,0000,No Fault
0.9353560413004839,-0.2105239974356966,0.023896343371701968,0.07100932026214567,-0.5871905795194962,0.5420294150389643,1,0,1,1,1011,LLG Fault
0.03967855814635514,0.06263712082834677,-0.1111461091993381,-0.5391147049919656,0.9963314589360077,-0.4598008013545584,0,0,0,0,0000,No Fault
0.05285061633598594,0.038689183885400616,-0.09978770428765225,-0.2811971223669584,0.9664444080530583,-0.687947965978244,0,0,0,0,0000,No Fault
0.01470554455667892,-0.844509026899119,0.8300224468896703,-0.3954729315129532,-0.024215475989330527,0.4360899744547627,0,1,1,0,0110,LL Fault
-0.5980795218302632,-0.38479670759138357,0.973638457653661,-0.04794313559077572,0.027186455400950216,0.035261456165048895,1,1,1,1,1111,LLLG Fault
-0.02596029837449317,-0.6108961168142507,0.6357956779980303,-0.7242526191629357,-0.060235840795699304,0.8024452211038242,0,1,1,0,0110,LL Fault
-0.02869584856045575,-0.5962907316975192,0.6240688779152844,-0.7359179253808462,-0.06243811958140871,0.8163855227795095,0,1,1,0,0110,LL Fault
0.9293567270724316,0.0793052612310247,-0.027600710707961724,-0.28589953196652435,-0.014810512067272429,0.3166426396295593,1,0,0,1,1001,LG Fault
0.6465791029995364,-0.9822236318756578,-0.04800061051496375,-0.0038056051980967995,-0.03875905588836916,0.058203835947549964,1,0,1,1,1011,LLG Fault
0.8062022953615728,0.11227738461335808,-0.9148180192718431,0.08347919347633964,-0.07301903857022041,0.005597750111371274,0,1,1,1,0111,LLL Fault
0.028597708710951825,-0.8789655992486909,0.850967375571239,-0.2274467108976692,-0.010882380098773747,0.25403217587175286,0,1,1,0,0110,LL Fault
-0.7099549675167033,0.9582575506074588,-0.2627270201599889,0.04138945370013122,0.030615010853074928,-0.05780158661792344,1,1,1,1,1111,LLLG Fault
-0.9905329109011584,0.6120244522697852,0.36276172812783086,-0.0026891090247797914,0.051450328062530665,-0.03483686322322245,1,1,1,1,1111,LLLG Fault
0.04220585960105883,-0.02427059741180627,-0.026365269225187626,0.8118247041045233,0.1069078638527145,-0.9080200188838481,0,0,0,0,0000,No Fault
0.9397168508563991,0.07834059921255732,-0.025923167152908082,-0.268483214613256,-0.04561043327616626,0.33056454533936247,1,0,0,1,1001,LG Fault
-0.742158479809299,0.9507237407752751,0.020135760674090314,0.0372128998518631,0.09159615295739905,-0.1157523123126,1,0,1,1,1011,LLG Fault
-0.5864291318050701,-0.4114178527042533,0.9889572826152854,-0.0358114971691765,0.02302855555213356,0.027334457036739167,1,1,1,1,1111,LLLG Fault
-0.9787252648958586,0.6135945894083242,-0.017285884539478547,-0.003676550621122432,0.41009363433552465,-0.3992959138637688,1,0,1,1,1011,LLG Fault
0.032004694782869186,-0.029940259183293322,-0.010304689125928431,0.9133884195070667,-0.0952909034575927,-0.8038171996926775,0,0,0,0,0000,No Fault
-0.055929359354919723,-0.006476731939245771,0.03212771260992795,0.8229259682574307,-0.757036388682958,-0.03881180172743863,0,0,0,0,0000,No Fault
0.9983020230299585,-0.49738720016582993,-0.49376524650400583,0.052425702936229175,-0.08446497899576896,0.04839671337073336,0,1,1,1,0111,LLL Fault
-0.08075260171159554,0.06434531705898046,0.006452955969451415,0.03287968820989167,-0.8483982159138386,0.8464245817304449,0,0,0,0,0000,No Fault
0.8574805174100679,0.020361360776757695,-0.8735391772592793,0.08021798788501172,-0.0762860182531715,0.012196577322539887,0,1,1,1,0111,LLL Fault
0.8447789811177925,-0.8666187659149294,0.028839212058986728,0.01532999916549779,-0.07247213748282422,0.07337034186896627,0,1,1,1,0111,LLL Fault
0.35776953810977674,-0.02245007617261682,0.0428019274841641,0.5656591219280421,-0.9964610399680155,0.46310520228524243,1,0,0,1,1001,LG Fault
-0.7368090340155459,-0.20716935135347106,0.9352476396244982,-0.04465903202598992,0.036371071369099874,0.022609737813021683,0,1,1,1,0111,LLL Fault
0.061224612182087676,0.017796623861247276,-0.08620633392135098,0.11709711889608099,0.802980994698092,-0.9207327723991202,0,0,0,0,0000,No Fault
0.04772991218689066,-0.017625210886554613,-0.0387893273312146,0.7207819718622162,0.24608384744787948,-0.9585529786334146,0,0,0,0,0000,No Fault
0.06282265270830086,-0.45048622944749,0.387287296178908,0.5453161103678736,0.04472656713181235,-0.5774435836097428,0,1,1,0,0110,LL Fault
0.061825231081940116,-0.5501680985272759,0.48824882858523355,0.4499630397878291,0.03965396507993472,-0.4766688533202895,0,1,1,0,0110,LL Fault
-0.9442446388735284,0.19314069623598698,0.7393366371460088,-0.02987580893581295,0.04961310743160918,-0.005706002026773283,0,1,1,1,0111,LLL Fault
0.0021373794570203443,-0.850855029035749,-0.07298225054199009,-0.04070689903975707,0.36262510236958573,-0.3137980718869246,1,0,1,1,1011,LLG Fault
-0.15396515181436363,-0.7636304899334948,0.9133667153608815,-0.0450757429084712,-0.002739490505406379,0.06288029791584082,1,1,1,1,1111,LLLG Fault
-0.018907816380101115,-0.0234771095053438,0.013430606157459082,0.6383481721002773,-0.9016171412282564,0.2935797346102092,0,0,0,0,0000,No Fault
-0.02046777156865677,-0.6569779131900035,0.6765864895439281,-0.6923086173403274,-0.05598898324637443,0.7660890821201485,0,1,1,0,0110,LL Fault
-0.005640465114498181,-0.019036480743038795,0.015662459737297792,0.9849450125182373,-0.5846810777877173,-0.37688640202414714,0,0,0,0,0000,No Fault
-0.6643137843760233,0.9725533291945009,-0.32231643419052264,0.04553587655854642,0.027361697426527984,-0.05864395234068591,1,1,1,1,1111,LLLG Fault
0.9245945136438254,0.04142770117620079,0.011921938371299397,0.15425543644584627,-0.663563222742731,0.5363845265017516,1,0,0,1,1001,LG Fault
-0.6874488630942354,0.9658438649854592,-0.2926496357983031,0.043477290689775586,0.029007851008618163,-0.05825730066624775,1,1,1,1,1111,LLLG Fault
0.6696574360643441,0.30930949029094573,-0.9771016697390726,0.0883781559382106,-0.06407458298666668,-0.008428390610563354,0,1,1,1,0111,LLL Fault
0.9765424119481213,-0.663163570326778,-0.3081985029852873,0.039498139969723414,-0.08253300241724679,0.05938991073597494,1,1,1,1,1111,LLLG Fault
0.05884801728954098,0.02331828582653809,-0.0903187147378373,-0.06593098129613906,0.8933290446263462,-0.8292819754155412,0,0,0,0,0000,No Fault
0.6858735799268403,-0.953685879301222,0.27372343904337476,-0.001764707162733959,-0.06103111658592794,0.07885223416742432,0,1,1,1,0111,LLL Fault
-0.039650063450931285,-0.4739236302010997,0.511944767267929,-0.7855586119289276,-0.06994206597186797,0.8738041604965148,0,1,1,0,0110,LL Fault
0.054083403303719364,-0.015035991366669513,-0.04739788382283226,0.6064947902040858,0.38989732344135114,-0.9905053549010181,0,0,0,0,0000,No Fault
-0.061872702956308735,-0.15954688326825164,0.21859383877076122,-0.8088906634027989,-0.08204271960253404,0.9095283512212489,0,1,1,0,0110,LL Fault
0.7392108883682061,0.014155780029574511,0.028696722253445585,0.3631362351194637,-0.8820415518617855,0.5495742394601512,1,0,0,1,1001,LG Fault
0.24907429724028052,0.07147904205541786,-0.06400915061392015,-0.6053365257457791,0.7956189022690152,-0.18888203491484892,1,0,0,1,1001,LG Fault
0.9993249850780391,-0.4590884002143585,-0.5331088650436677,0.05553052538454452,-0.08473497696894744,0.04555878110378104,0,1,1,1,0111,LLL Fault
0.060453545637555575,0.01620092758282305,-0.08490183662451237,0.058397347385473634,0.8333580387261394,-0.8928308725347192,0,0,0,0,0000,No Fault
-0.0800790037607998,0.3752267912530846,-0.29956663510198356,-0.5913546182481992,-0.0804115155617892,0.6897534205376267,0,1,1,0,0110,LL Fault
0.012615268622113904,0.0893422685335699,-0.11095639152900084,-0.8526311031689294,0.8753532892141318,-0.022179304201496934,0,0,0,0,0000,No Fault
0.046881273256315775,-0.023375606168567313,-0.031761934669302064,0.754834774580787,0.1971598276187127,-0.942843631767895,0,0,0,0,0000,No Fault
-0.5527838562410488,-0.4496055060408974,0.9938951253791728,-0.03824224788084805,0.02157352889471683,0.031254290092062584,1,1,1,1,1111,LLLG Fault
0.05232808249374051,-0.01329442572473773,-0.04768948052018146,0.6292381451907673,0.3637967318113105,-0.9867131178876444,0,0,0,0,0000,No Fault
-0.0679613172277533,0.11108090290993065,-0.05313197425890315,-0.7677872041248034,-0.14958024538477835,0.9371350730052755,0,0,0,0,0000,No Fault
-0.0386362184289355,-0.4852532950266966,0.5223061993018905,-0.7820000352917914,-0.06927034155451597,0.8695516797002991,0,1,1,0,0110,LL Fault
0.9805607341102124,-0.6366657909047727,-0.338772272506332,0.04126787389794433,-0.08279404328809288,0.057881479460070245,1,1,1,1,1111,LLLG Fault
0.38171599302629944,-0.40254276078855805,0.022468082694397096,0.08133361570165375,-0.88122914025284,0.8312961391005719,0,1,1,1,0111,LLL Fault
-0.8269135346368648,-0.013248778250685704,-0.04271252075291818,-0.2434512431142944,0.7764606297214007,-0.5322049056690082,1,0,0,1,1001,LG Fault
-0.6869538064831926,0.003949240892358957,-0.05183613254469726,-0.361705186608324,0.8833213106013684,-0.5225259760631167,1,0,0,1,1001,LG Fault
-0.46961155383016223,0.2048910228213767,-0.007512970862177116,0.2745062154524431,0.08773693161015052,-0.34974227546141234,1,0,1,1,1011,LLG Fault
-0.6285639036998691,0.010158271077725097,-0.054626874862497746,-0.3997440227603652,0.9111926040382344,-0.5127864861988005,1,0,0,1,1001,LG Fault
-0.06721563038427648,0.03267835812644513,0.025085270015693453,0.42726497585128465,-0.962403147963015,0.5671620607991077,0,0,0,0,0000,No Fault
0.7294775054302073,-0.9436922569076148,-0.04112575587436027,0.0034986904519384437,-0.1142859431316453,0.1278403038022861,1,0,1,1,1011,LLG Fault
0.0462901211065544,-0.8375407906447858,0.7919387978985092,0.04435158771382902,0.007990163311836863,-0.03771738521828543,0,1,1,0,0110,LL Fault
-0.6471827214570274,-0.32710688405173605,0.9644483356999611,-0.0471186342171107,0.030442942247131094,0.031116485245453927,1,1,1,1,1111,LLLG Fault
0.7669066128597243,0.17459359862112245,-0.9384633856005676,0.08518922130469593,-0.07043645756396498,0.0012515992862983123,0,1,1,1,0111,LLL Fault
-0.5647781208903346,-0.4050745752400389,-0.07030452989645206,-0.04821667452185453,0.5682579612200175,-0.5158034427421888,1,0,1,1,1011,LLG Fault
-0.9899351098353967,-0.04783218345883535,-0.016784995949104438,0.06446332036776778,0.40028449876936084,-0.4576211564253426,1,0,0,1,1001,LG Fault
0.9341464834425529,-0.7528441727589879,-0.016014629813369298,0.032144724606029705,-0.34530677561284356,0.33452312765985825,1,0,1,1,1011,LLG Fault
0.733714032967597,0.06724861674829494,0.029997805724193305,0.23144283404364163,-0.7462663121991997,0.5432650003038693,1,0,1,1,1011,LLG Fault
0.02162171327162235,0.07957812694574383,-0.10983253104149446,-0.7794814555652132,0.9253269649215008,-0.14644488481844403,0,0,0,0,0000,No Fault
0.9004872651517557,-0.8163334090842499,-0.07914180139480524,0.02347774050840091,-0.07674164590140768,0.06955152667541253,1,1,1,1,1111,LLLG Fault
-0.07636208891275248,0.09939740137052355,-0.03279854343977478,-0.5832618563818959,-0.3871446513502088,0.9941930699805985,0,0,0,0,0000,No Fault
-0.4991318299931274,0.9927997570348307,-0.5063890493151502,0.058224552630226904,0.015702815850571476,-0.05948613997414082,1,1,1,1,1111,LLLG Fault
-0.19283459775566605,-0.7568558678575839,0.9451891232743853,-0.04365507849590332,-0.0009368473641932808,0.05961901603426516,1,1,1,1,1111,LLLG Fault
-0.8118810608265072,-0.0571591341139982,0.8593767777469543,-0.027468882115796303,0.037255560545865374,0.004472740167742418,0,1,1,1,0111,LLL Fault
-0.9559911358545082,-0.06485340990232208,0.0032851945349573544,0.28362142618816427,0.059609545959878815,-0.3302205097766358,1,0,0,1,1001,LG Fault
0.061962513885228845,-0.43461651086615294,0.3723503451508553,0.6499820957763847,0.02644058203529298,-0.6637540668847357,0,1,1,0,0110,LL Fault
0.7749218557205922,0.13257057745790143,0.040574854453263795,0.08434307515413804,-0.62536348570594,0.5675576037471238,1,0,1,1,1011,LLG Fault
-0.6999546509315845,0.9682658003662198,0.02367352718040383,0.041433346827590645,0.053724467568415576,-0.0813935900231427,1,0,1,1,1011,LLG Fault
0.20863444039356377,-0.03364642622562433,0.045027539172598,0.6082901702572872,-0.9869968458919434,0.41071734016086636,1,0,0,1,1001,LG Fault
-0.7811830426695631,-0.0071704000657963445,-0.04617630330172674,-0.287458386791918,0.8193167087189135,-0.5317504300009617,1,0,0,1,1001,LG Fault
0.8502029872603035,0.02874889958247991,0.020444346204657286,0.258087184360397,-0.7805200467560094,0.5514537643307077,1,0,0,1,1001,LG Fault
0.7030560032604867,0.26380651135156724,-0.966955632212779,0.08747878018132234,-0.06630519437357488,-0.005253689814018608,1,1,1,1,1111,LLLG Fault
0.057318785509796924,-0.005065461774421933,-0.06088777015212467,0.47372462685128686,0.5295946120105264,-0.999731452867008,0,0,0,0,0000,No Fault
-0.8909185501317272,0.09741356921679716,-0.050639452213497554,-0.03478114592509344,0.5771231508981612,-0.5383080113987018,1,0,1,1,1011,LLG Fault
-0.5621066944174696,-0.4383982860207362,0.991899923064427,-0.03348404636491454,0.021087458426412596,0.02697876816719235,1,1,1,1,1111,LLLG Fault
-0.012787496165069063,-0.01432801109640466,0.017878030023741845,0.9668010698328565,-0.6535230877958202,-0.28854596447885245,0,0,0,0,0000,No Fault
0.713339045332338,0.06409743197303891,0.028638010225186715,0.2615893704413367,-0.7712027831417744,0.5384482188019878,1,0,1,1,1011,LLG Fault
0.28205634741793756,0.0736329853537007,-0.06307442246183517,-0.6028573246787194,0.7688044303922172,-0.1640444880842764,1,0,0,1,1001,LG Fault
-0.00507975392998412,-0.7631078184672428,0.7679317257469012,-0.5806084823722908,-0.042876952201565885,0.6407319575086202,0,1,1,0,0110,LL Fault
0.06076721352602651,0.01414307023432654,-0.083149133029203,0.08961091816292498,0.8160173232592315,-0.9064574154789403,0,0,0,0,0000,No Fault
0.991950171675375,-0.3870323307459859,-0.5981717984324216,0.0599592217238507,-0.08438270149732544,0.04075938309708865,0,1,1,1,0111,LLL Fault
0.7174817448059075,0.011678830331032649,0.02994361994974408,0.37952550197078283,-0.8960610417510207,0.5474270513072403,1,0,0,1,1001,LG Fault
0.034005926902435826,0.06686658984683913,-0.10936285739727027,-0.6375742853952281,0.9793724487262712,-0.3437993561169541,0,0,0,0,0000,No Fault
-0.29075959793706185,-0.6679789324058982,0.9552837913019144,-0.04757676308160473,0.006579163199326114,0.05589245934690872,0,1,1,1,0111,LLL Fault
-0.059290513246889484,0.11018645269107051,-0.06042321455178414,-0.8556799791070753,-3.508157956862157e-05,0.8728778569957588,0,0,0,0,0000,No Fault
0.03369549021373728,-0.8658981687657843,0.8299083807705737,-0.03969142991603747,-0.01557514437244852,0.0705609401686769,1,1,1,1,1111,LLLG Fault
-0.3747601611462205,0.03319320897067943,-0.0626000135780554,-0.5188468737133946,0.9639418130805846,-0.44711807897326306,1,0,0,1,1001,LG Fault
0.9483931552866661,-0.19528121358777312,-0.7473463752635986,0.07083708796519977,-0.08195703241762,0.027380976272441893,0,1,1,1,0111,LLL Fault
-0.024421865715387462,0.10722761465067504,-0.09190801439787326,-0.9956752038525474,0.5132839730214375,0.4901841646511569,0,0,0,0,0000,No Fault
0.05151118471879913,-0.769394952083963,0.7182075865084847,0.1334138993450331,0.019209334503972948,-0.13844788834738342,0,1,1,0,0110,LL Fault
-0.1909085529853566,0.9397329522915063,-0.7563522828046505,0.07527809918098752,-0.005728622006793388,-0.05474676630897532,0,1,1,1,0111,LLL Fault
0.8903046279400287,-0.08403363204630304,0.014346634276652354,0.0765122691960689,-0.6019046065219426,0.5515051233082411,1,1,1,1,1111,LLLG Fault
0.04033199039013504,0.06452595293082149,-0.11341270013704019,-0.5276667181888886,0.9995485668972464,-0.4745572978696685,0,0,0,0,0000,No Fault
0.057692942267375216,0.027945970103491403,-0.0943612039317578,-0.05368320674772073,0.8913149248654589,-0.839509880152797,0,0,0,0,0000,No Fault
-0.33542368579993326,-0.6332535797079869,0.964818186229018,-0.04811235330858289,0.009601972434523248,0.05334929786348834,0,1,1,1,0111,LLL Fault
0.5379052245944592,-0.006892720677492867,0.037975353503301855,0.4903832355764224,-0.9727129539933713,0.514381915750429,1,0,0,1,1001,LG Fault
0.02262792199341405,0.07865215647095448,-0.10990152169880613,-0.7696490134636408,0.9308685663536058,-0.16195015782723773,0,0,0,0,0000,No Fault
0.9800937862072668,-0.598281268730578,-0.06149882139830867,0.04540919187166419,-0.3734699200870066,0.3499210771262142,1,1,1,1,1111,LLLG Fault
0.9617142855664936,-0.6802561823049904,-0.08539775580998529,0.03810804730380559,-0.27875953638391104,0.2607339205639719,1,1,1,1,1111,LLLG Fault
0.9764280865171152,0.054042241411773585,0.0018882081464301308,0.036702936014486376,-0.5141177700156263,0.501967273842181,1,0,0,1,1001,LG Fault
0.059380565595927276,-0.009229825920247587,-0.05820691409281268,0.4493921479017061,0.5507164771995839,-0.9968571508059094,0,0,0,0,0000,No Fault
-0.05472375469630857,-0.050306509746609135,0.045685978071156715,0.6471827243669537,-0.916456920445345,0.2998431471003179,1,0,0,1,1001,LG Fault
-0.07949585398087264,0.060008038040576084,0.009559375571142281,0.09535067355380636,-0.8755817333528584,0.8114873429212425,0,0,0,0,0000,No Fault
-0.05538846197286836,0.016498973432131664,0.029595030111724027,0.6255694385604806,-0.9536939963477791,0.35945743964549465,0,0,0,0,0000,No Fault
-0.09852012352648896,0.05147462139759164,-0.0661528598493837,-0.5839411415478193,0.9376664956518215,-0.3550773034442266,1,0,0,1,1001,LG Fault
-0.061627428572156674,0.11245248181124128,-0.06064781056243242,-0.8408792425126712,-0.028420250531220277,0.8869617003023215,0,0,0,0,0000,No Fault
-0.17628257325132313,0.9336967725223247,-0.7671740304870975,0.07594308277561249,-0.006770089459015027,-0.05435228365192922,1,1,1,1,1111,LLLG Fault
0.26189716938236535,-0.953556803629143,-0.06672829662067345,-0.02993815464261574,0.22323565006929547,-0.18256078627313133,1,0,1,1,1011,LLG Fault
-0.926717696360135,0.19016821235599887,-0.04571118326728635,-0.030593185027776713,0.5613731472200448,-0.5264581912722416,1,0,1,1,1011,LLG Fault
0.0309237231102329,-0.025715081638365937,-0.013875362382332713,0.9108872957231936,-0.09167166286741366,-0.8049973645544513,0,0,0,0,0000,No Fault
0.024667944754136948,-0.02753321056400787,-0.005712068417402963,0.9500494828035163,-0.1991790821376309,-0.7347158423869162,0,0,0,0,0000,No Fault
-0.2345064601113835,-0.7278813921553673,0.9597842457719186,-0.04086567674208548,0.0009774804052888122,0.05487156404023121,0,1,1,1,0111,LLL Fault
0.05841241504821475,-0.7051973440534772,0.6472286733495041,0.32305897443289144,0.029113912162523105,-0.33868827708738586,0,1,1,0,0110,LL Fault
-0.015854166041657555,0.10526072509073599,-0.09855894886944122,-0.9871547450761322,0.6162034479618598,0.37676858770231364,0,0,0,0,0000,No Fault
0.2589466532502087,0.7024932910702184,-0.9667322628951147,0.08884019076312713,-0.036552988741944285,-0.03693550884801961,1,1,1,1,1111,LLLG Fault
-0.008641268512313803,-0.018982776957051705,0.018722873213739163,0.9782813091790267,-0.6217213450335378,-0.33246186924682536,0,0,0,0,0000,No Fault
-0.9884851302315024,-0.04691488347282607,-0.017656688356432783,0.05459421322128616,0.4141772331190316,-0.46188225476527467,1,0,0,1,1001,LG Fault
0.8806813270141112,0.033458951894115144,0.017438131984531955,0.22101180309616708,-0.7404548730022504,0.5478019672261045,1,0,0,1,1001,LG Fault
-0.04175785107638955,0.11194057992300718,-0.07957098377058146,-0.9680400256773397,0.28893191602867224,0.6910852004122212,0,0,0,0,0000,No Fault
0.5833968512673593,-0.9861648101418217,0.40799356768860134,-0.010033441180299404,-0.05401426826268548,0.07999288793754326,0,1,1,1,0111,LLL Fault
-0.04384430820521893,0.006484509932188801,0.02792413608683126,0.7680830785710394,-0.9002778011709366,0.16213612263974408,0,0,0,0,0000,No Fault
0.054131278584921345,0.04133559554057973,-0.10345725059554353,-0.2248521861435583,0.9563540647851061,-0.7341604593384295,0,0,0,0,0000,No Fault
-0.07971815849048752,0.09285196450767798,-0.02290227414964216,-0.4635137621470631,-0.509148549269151,0.9984466094188091,0,0,0,0,0000,No Fault
0.055014757964203936,0.03449538827925462,-0.09785624000301049,-0.2061401901773974,0.946615671717309,-0.7429988700736372,0,0,0,0,0000,No Fault
0.06006732843205497,0.014474598382996837,-0.08320618604819006,0.14915814658217727,0.7827187944852979,-0.9322320929805792,0,0,0,0,0000,No Fault
-0.11683527657789756,-0.05368540057597698,0.045262643250586126,0.6499196563265317,-0.8903010067736901,0.27044669703215246,1,0,0,1,1001,LG Fault
-0.06950494609966303,-0.009758937596455602,0.07600848144555128,-0.7791336655599639,-0.08423933769376131,0.8819307647591106,0,1,1,0,0110,LL Fault
0.9798535343608384,-0.5923139421002939,-0.0018049903227403824,0.04673024853730608,-0.4491733763339839,0.4257365629269711,1,0,1,1,1011,LLG Fault
0.021146106336574464,0.0858344596540145,-0.11598732713238329,-0.7739443562025855,0.9370656431941167,-0.16395810487625392,0,0,0,0,0000,No Fault
-0.02397865763821155,-0.011527212959987421,0.02657983664330056,0.9156090492833866,-0.7700007934115477,-0.11853017736467364,0,0,0,0,0000,No Fault
0.05720556814479333,-0.7294371147501455,0.6727317890375306,0.28841851133452695,0.022707282820617007,-0.29742776964200496,0,1,1,0,0110,LL Fault
-0.5317097031940401,0.9994274185097313,0.03492091699902204,0.05546085291829658,-0.08000674515926207,0.04081068106254455,1,0,1,1,1011,LLG Fault
0.8566753568443793,-0.8646324131403746,0.01514308273115143,0.016895210427536864,-0.07347792216965672,0.07282585194979273,0,1,1,1,0111,LLL Fault
-0.019935405686668062,0.10944384098423339,-0.09897809065012235,-0.9941552869298751,0.5814854539259484,0.4191645101240158,0,0,0,0,0000,No Fault
0.8007824909261247,0.07449113669992556,0.014922790092045776,0.11910836945837586,-0.6387941889287966,0.5463857136566187,1,1,1,1,1111,LLLG Fault
0.03555245378790412,0.06793386542593527,-0.11236711291395723,-0.6032947412629772,0.9897707706705168,-0.38876542714807394,0,0,0,0,0000,No Fault
-0.9213218438027109,0.17481487198385026,-0.04655555224970893,-0.03132526233246331,0.5643592719831964,-0.528766964141247,1,0,1,1,1011,LLG Fault
-0.03297191462477241,-0.5550408322266507,0.5869219952027473,-0.7566968914626132,-0.06556609992420857,0.8404069143460587,0,1,1,0,0110,LL Fault
0.047028567742954594,0.04999863397432939,-0.10548612868601158,-0.41383945967012437,0.9904840327396605,-0.5794497843941597,0,0,0,0,0000,No Fault
0.002520534582305643,0.6872625426351456,-0.6943186809583083,0.7158034675999938,0.0230228867663214,-0.7262673911701373,0,1,1,0,0110,LL Fault
0.05478744172351562,-0.015803342683453188,-0.04348889304911257,0.6861120964707165,0.2920203103484812,-0.9705993631841315,0,0,0,0,0000,No Fault
0.2370387172743998,-0.04010852666617743,0.04284456843235333,0.6068641180862586,-0.9978686870333658,0.42322532395193285,1,0,1,1,1011,LLG Fault
-0.8282142613991608,0.25423722643925933,0.563200656705386,-0.001007519877529145,0.038701528150191476,-0.023532182712113422,0,1,1,1,0111,LLL Fault
-0.008705699208889296,0.10437197312277732,-0.10502696474533052,-0.967901815529135,0.6999449754765906,0.2721339646013352,0,0,0,0,0000,No Fault
-0.9732270249779477,0.6826382408777325,0.27476864985004656,0.003585154436465853,0.05000294771198302,-0.03965291422914783,1,1,1,1,1111,LLLG Fault
0.22809939412089525,-0.9585526704240331,-0.0681149867405316,-0.031075877860637258,0.248587601098812,-0.20725308973055392,1,0,1,1,1011,LLG Fault
0.6260389142353248,-0.9695307969845199,0.3466146724154296,-0.006876025591625666,-0.05681238449975333,0.07967831626136951,1,1,1,1,1111,LLLG Fault
-0.05846511144067255,0.019344466143472218,0.02992003585003885,0.576457250659865,-0.9624941382056242,0.41766697032844907,0,0,0,0,0000,No Fault
0.6844547823700697,0.007956890462952514,0.03174289625612221,0.40349665902359577,-0.9154578758364192,0.5431572628686888,1,0,0,1,1001,LG Fault
-0.0787662365700143,0.09953686002301931,-0.03083231674991108,-0.5330641568529568,-0.4400112429354283,0.9977321035740074,0,0,0,0,0000,No Fault
0.05160157152010183,0.04253663755400254,-0.10267033727259922,-0.29779451194650775,0.9722837801395032,-0.6772567569604162,0,0,0,0,0000,No Fault
-0.03694541416962185,-0.00185115819026119,0.029724669961125258,0.825878196755497,-0.86619178208452,0.06945492641785565,0,0,0,0,0000,No Fault
0.052567899519442685,-0.01686328727496784,-0.04406338679575819,0.64301842947826,0.34679508676543147,-0.9832056588688777,0,0,0,0,0000,No Fault
0.8602971830034473,-0.8525789005283257,-0.0029500098056458365,0.017501790457309672,-0.07364106118379024,0.07238389530047831,1,1,1,1,1111,LLLG Fault
0.8676023571527337,-0.038849579482006374,0.03287789781991706,0.07845979915349227,-0.615150727087846,0.5630499160262333,1,0,1,1,1011,LLG Fault
0.7866113914803613,0.14395755324127718,-0.9272659402036848,0.08431832534428617,-0.07171866959481002,0.003431348100943506,0,1,1,1,0111,LLL Fault
0.9997052793574087,-0.5131297899718934,-0.47927356937313315,0.051697653293468766,-0.08459379944275477,0.04925795820907346,0,1,1,1,0111,LLL Fault
-0.762986469794721,0.9350119223731309,-0.18683255593795248,0.03610394917177491,0.03441405212416514,-0.05637320318782192,1,1,1,1,1111,LLLG Fault
0.2657544105074872,-0.9499909322585844,0.6842012701533562,-0.029974921653649608,-0.03158713884355533,0.07713451827357207,1,1,1,1,1111,LLLG Fault
-0.5952654003213379,0.36891823685594455,0.2156495666010807,-0.05530367378166516,0.02574195556388978,0.04411341817738265,1,1,1,1,1111,LLLG Fault
-0.06950859430501398,0.10496061599220588,-0.04504615388757445,-0.7236494681552601,-0.21360966984946925,0.9581248008197861,0,0,0,0,0000,No Fault
-0.9715687642567555,0.28268299079292114,0.6743381635547325,-0.025169338782022523,0.05120360884582034,-0.012045633442572402,1,1,1,1,1111,LLLG Fault
0.9039801123557856,-0.797166346887954,-0.021048144318563514,0.026285234670895778,-0.3037845685518229,0.29808799617442416,1,0,1,1,1011,LLG Fault
0.5114722049770866,-0.009337482264231091,0.038853818855346445,0.5033223864996175,-0.9789981227620782,0.5078129003595528,1,0,0,1,1001,LG Fault
-0.9645483244329481,-0.038100711317773345,-0.02539211792078274,-0.03430946378908707,0.5340329816318337,-0.49487307308327666,1,0,0,1,1001,LG Fault
0.04405142874930617,-0.021733703254414007,-0.0308784442567894,0.7829206578287633,0.154038770509166,-0.9270646305464387,0,0,0,0,0000,No Fault
0.4132277196285309,0.07872218117765532,-0.060028460952655384,-0.5847027495579149,0.67816294838078,-0.08988565333257567,1,0,0,1,1001,LG Fault
0.02283755931142464,0.4954593434458185,-0.5220334815327281,0.8159932141412435,0.0378557592241047,-0.841837106701812,0,1,1,0,0110,LL Fault
0.9287511236276921,-0.7657327287044791,-0.1579349846766528,0.02842719758199907,-0.07873216972569011,0.06661724644408906,1,1,1,1,1111,LLLG Fault
0.8868842674739317,0.034618577602070356,0.016667514304955087,0.21155770136650018,-0.7299854056114031,0.5466129902415562,1,0,0,1,1001,LG Fault
0.5678298838065919,-0.9850216385215621,-0.0527701439837079,-0.010797058909820842,0.01926460637934102,0.006089077074284628,1,0,1,1,1011,LLG Fault
0.9183855982141307,-0.7827634690909371,-0.01904560444232945,0.028853822203186382,-0.32076635909209833,0.31281664644752544,1,0,1,1,1011,LLG Fault
-0.07607964082685761,0.05159809241549517,0.014472371725178255,0.23321802480414963,-0.9224000557479691,0.7209612532305516,0,0,0,0,0000,No Fault
0.4972305421736881,0.48667388564465464,0.051886342098606375,0.09046033216331845,-0.5850165184380992,0.520311514674271,1,0,1,1,1011,LLG Fault
-0.0014298729943347974,0.10295916212660004,-0.11091282974577372,-0.937123490444254,0.775631291050053,0.16415146204399958,0,0,0,0,0000,No Fault
-0.7491641434603747,0.2194064966530382,0.5178841586416896,0.14405152681809696,0.00012831473885955083,-0.12967060676699965,1,1,1,1,1111,LLLG Fault
0.49092865801235225,0.5062295812658574,-0.9998378548317777,0.0905166700918377,-0.052206089033472555,-0.02266629271100084,1,1,1,1,1111,LLLG Fault
0.013169344431722298,0.5929473703998299,-0.6101431921911902,0.7767371952015752,0.031346536672340324,-0.79584426836379,0,1,1,0,0110,LL Fault
0.01658498907227669,-0.018567545963508944,0.012245890876592485,0.9958863016891585,-0.47911539162176053,-0.4954256528741441,0,0,0,0,0000,No Fault
-0.012464188893658214,0.10755241758858756,-0.10463325062839177,-0.9792028346095862,0.667330547618408,0.3166982809953498,0,0,0,0,0000,No Fault
-0.06357555215441882,0.11332668126461477,-0.059735064017035544,-0.8244663540573317,-0.05789542520561882,0.9005398111997586,0,0,0,0,0000,No Fault
0.31178833038376813,0.07488463125591147,-0.062487161790763066,-0.5998896236435352,0.7499562143744453,-0.147814168982033,1,0,0,1,1001,LG Fault
-0.08119523800844684,0.06746526813309618,0.0041684975461592205,-0.07409775412283552,-0.796340637578956,0.9006401925571513,0,0,0,0,0000,No Fault
0.30433214222538174,0.6684200869107771,-0.9775462027499559,0.08951312607086485,-0.03963818536812927,-0.03446648363477607,1,1,1,1,1111,LLLG Fault
0.05726023346147635,0.033626710250693,-0.09865091926227391,-0.1169196764590851,0.9189533676252691,-0.804268684119947,0,0,0,0,0000,No Fault
0.021389113358868374,-0.030117097640009312,0.0003935535818618118,0.9684353549213146,-0.26117918970539045,-0.6899738044067709,0,0,0,0,0000,No Fault
-0.9303943076020585,0.7779486841432163,0.13896740968540522,0.01327805589636757,0.04671463766483265,-0.04602080248174826,0,1,1,1,0111,LLL Fault
0.38427893350274134,-0.9734277142102542,0.590205956286977,-0.02360352559092465,-0.03982961005374746,0.07914511522552592,1,1,1,1,1111,LLLG Fault
-0.9860870492762986,0.5102181951302995,-0.02529365675433555,-0.011655131807740395,0.46132147752388847,-0.44349614975410484,1,0,1,1,1011,LLG Fault
-0.2605660932276192,-0.6902586704691598,0.9477872797247265,-0.04713465605561008,0.004535234978644272,0.05753189674520803,0,1,1,1,0111,LLL Fault
0.03949506577815702,-0.02373554496885437,-0.024355238414700282,0.837193941717895,0.06207783369306673,-0.8877757663149306,0,0,0,0,0000,No Fault
0.044900371453015044,0.05798333250495444,-0.11129040016211336,-0.4455707996273378,0.9980005352560453,-0.5552934588465988,0,0,0,0,0000,No Fault
-0.5516696025268633,-0.07076452222503178,0.03538436231215633,0.592174381486295,-0.5934289512718979,0.025839408842503443,1,0,0,1,1001,LG Fault
0.052709352389821044,-0.7567607580329461,0.7043520172504257,0.15917810603171317,0.02103828579561376,-0.16614405878408792,0,1,1,0,0110,LL Fault
0.04997361264661945,-0.781070461727611,0.7315446845221925,0.10731175883028765,0.01734525227565037,-0.11037709056245196,0,1,1,0,0110,LL Fault
0.12826573849398445,-0.904783027331701,0.7774910014984361,-0.03616787370889572,-0.02205160836549307,0.07362740718854517,0,1,1,1,0111,LLL Fault
-0.01887173820819421,0.10528629430193277,-0.09546457401014906,-0.9916941996514861,0.5779241472587141,0.42032578597636144,0,0,0,0,0000,No Fault
-0.020746119095927794,-0.6567880693576128,0.676778048380032,-0.6925285270236515,-0.05598904474048258,0.766309635833725,0,1,1,0,0110,LL Fault
-0.9933095240639075,-0.05136689285073875,-0.01328418271973221,0.1038066716486384,0.3437206969196215,-0.4394316273812551,1,0,0,1,1001,LG Fault
0.8530043813384612,-0.8593078093510581,0.013262929792816177,0.016421312995240335,-0.07307574422926806,0.07289119258694562,0,1,1,1,0111,LLL Fault
0.056696308430002694,-0.07799922952008587,0.01964890455310994,0.7726617276090415,0.052476281198571534,-0.8132887096714259,0,1,1,0,0110,LL Fault
-0.44183680254249685,0.25255025616530435,0.18021377194202265,0.2701885421321861,-0.055061171470414706,-0.19990524032841628,1,1,1,1,1111,LLLG Fault
-0.08296972495549602,0.07882266556358637,-0.005876921230859915,-0.18524391864760684,-0.727166358721839,0.9415940549495203,0,0,0,0,0000,No Fault
-0.05456845403037822,0.8711611017192746,-0.8222086591329809,0.14368100659011102,-0.0324778195060523,-0.09607421884425235,0,1,1,0,0110,LL Fault
0.04258517908891138,-0.02246750578665628,-0.028689397385981204,0.8018110237947319,0.12347998711753455,-0.9148663951794661,0,0,0,0,0000,No Fault
-0.04957617516504871,0.11196784591839293,-0.07184461702193151,-0.9307547915499893,0.16877226363337505,0.7761409802053465,0,0,0,0,0000,No Fault
-0.7814742173517331,0.929516564327641,0.016479622850417378,0.03292215052237528,0.12904676391386466,-0.14961148090251922,1,0,1,1,1011,LLG Fault
-0.03515491837954219,0.877929257823228,-0.8487668410628378,0.08141831336976274,-0.01645941184677147,-0.04996883795769568,0,1,1,1,0111,LLL Fault
-0.07763047562072822,0.09733581334009404,-0.029471978950376503,-0.5445236444481326,-0.4288285960070035,0.9978271175175468,0,0,0,0,0000,No Fault
-0.45150097951049634,-0.5348560776799268,0.9788511842508988,-0.04880267055135448,0.017391803315522654,0.046103790450101656,1,1,1,1,1111,LLLG Fault
-0.9649437927868213,0.32599750735149957,-0.037739426190922624,-0.023468839852482222,0.5281953329986829,-0.4997940104464862,1,0,1,1,1011,LLG Fault
0.7694991259158389,-0.9233392807351519,-0.037497252739734144,0.007768406801281692,-0.15185249151943855,0.16183869865532435,1,0,1,1,1011,LLG Fault
-0.8997029455956924,0.8230539873738446,0.06101901390660887,0.018722196690169626,0.04437947172966929,-0.0490998973527034,1,1,1,1,1111,LLLG Fault
0.9518720759286796,-0.26946181366707767,0.02037310396351878,0.06771654135368463,-0.5726181621202654,0.5304819707690593,1,0,1,1,1011,LLG Fault
-0.07227738177988045,0.041581764973285994,0.02116943474586361,0.31107792188673034,-0.9448728105588173,0.6657941442129931,0,0,0,0,0000,No Fault
-0.9694767244756342,0.6938071227717887,0.2598466680648386,0.004650438945952847,0.049701880649792946,-0.04041424272106507,1,1,1,1,1111,LLLG Fault
0.5692283368266298,0.0828961291053844,-0.05502578272573941,-0.545674295983999,0.548772577237144,0.0028281728080000144,1,0,0,1,1001,LG Fault
0.608591453957351,0.3812787215928186,-0.991145098556912,0.08951655180373225,-0.060057415640891586,-0.013663203782467052,1,1,1,1,1111,LLLG Fault
0.0583863143649744,-0.007263995886865191,-0.05945649918576986,0.4616806776523265,0.5401258906896641,-0.9983867005055369,0,0,0,0,0000,No Fault
0.0391336792483947,0.06059122591227949,-0.10815331640736806,-0.5627325000841981,0.9908499162101105,-0.4305348313857402,0,0,0,0,0000,No Fault
0.8661825796498097,0.003782056275444275,-0.8654445320703464,0.07974712312261797,-0.07687691190188758,0.013270795536059374,0,1,1,1,0111,LLL Fault
0.38510630094371145,0.010179392208975388,0.002187575184399085,0.5381605372445781,-0.9553878887769885,0.44882411352771895,1,1,1,1,1111,LLLG Fault
0.9780687203028527,-0.5893484512743274,-0.0017976344637926148,0.04646680096334411,-0.44900321728192477,0.42582732086585456,1,0,1,1,1011,LLG Fault
-0.032729115099209324,0.11196161001697406,-0.08867838771362704,-0.9925366931123183,0.4200252014344902,0.5820658305756791,0,0,0,0,0000,No Fault
-0.2876010076643527,-0.6646972633937502,-0.07468335257783995,-0.047551681059540066,0.4862538170333548,-0.4329099012974394,1,0,1,1,1011,LLG Fault
0.06988641461881272,-0.04289684777138889,0.045871990760872845,0.6343144070081365,-0.9580192766859258,0.3550966459217992,1,0,0,1,1001,LG Fault
-0.02583730730983278,-0.011399648085191859,0.028424043204025355,0.9036415730333467,-0.7892348962858455,-0.08693187397104822,0,0,0,0,0000,No Fault
-0.02904881840516385,-0.8350844409834757,0.8612027576418468,-0.04173533101823462,-0.011272477683442233,0.06822594529810655,1,1,1,1,1111,LLLG Fault
0.06054437166815511,-0.22567443567931034,0.16406444134670806,0.7025859524455602,0.051157028677159974,-0.7416828642945633,0,1,1,0,0110,LL Fault
-0.9663047472951868,0.6734831262817229,-0.012214301308251633,0.0015106947445379625,0.37461034450537545,-0.3683402721201156,1,0,1,1,1011,LLG Fault
-0.6815601237338681,-0.2820996193138901,0.9557268432126161,-0.04631239793668876,0.0327417376538536,0.0279656945874257,0,1,1,1,0111,LLL Fault
0.06503222668170583,-0.88002332972687,0.8130105744727063,-0.03857923605533742,-0.01772824567256108,0.0716397573736669,1,1,1,1,1111,LLLG Fault
0.5631209512338873,-0.9785106706472113,0.4179999946004171,-0.011804257265134219,-0.05236639446383301,0.08008925404064018,1,1,1,1,1111,LLLG Fault
-0.022120195319543942,-0.011549089032955834,0.02462474543749628,0.9266411968498873,-0.749946894780528,-0.1500260249902682,0,0,0,0,0000,No Fault
-0.21113641971862476,0.045552471386595905,-0.06512086084632954,-0.5664989593357869,0.9548602143079863,-0.39008572356028026,1,0,0,1,1001,LG Fault
0.8946255117834633,0.03577410685012123,0.015893279282494843,0.20216849614136878,-0.7193398967715722,0.5451795642456903,1,0,0,1,1001,LG Fault
0.011172694693652377,0.08826561073733147,-0.10818499928748586,-0.8668424476040345,0.8577855229355267,0.00997085838089031,0,0,0,0,0000,No Fault
-0.03696488688322501,0.11273965460888251,-0.08525816590580655,-0.9844368166418938,0.36313367482667613,0.6319156117088257,0,0,0,0,0000,No Fault
-0.2192332683895394,0.9518907917378415,0.04804579348427023,0.07390893917370447,-0.2814978059076174,0.22762834677289115,1,0,1,1,1011,LLG Fault
-0.03321110875333712,0.8689155939326386,-0.8410738401862832,0.4140224247240039,-0.008955622428114604,-0.3911009266050158,0,1,1,0,0110,LL Fault
-0.0380736350498909,0.0025665062164942987,0.0259915791209789,0.823263055108815,-0.8624075884040168,0.06822099672392117,0,0,0,0,0000,No Fault
0.9591972042866252,-0.29933168907320346,0.018562445756383376,0.06607378320918585,-0.5645515300758066,0.5239093754533061,1,0,1,1,1011,LLG Fault
0.012923569957388735,0.09144436806015288,-0.11365247175387118,-0.8461451646112378,0.885174217084667,-0.038689733049923986,0,0,0,0,0000,No Fault
-0.07913938870474674,0.058913924901811694,0.010303889599674675,0.11091777602925433,-0.8818307435859709,0.8022465641302036,0,0,0,0,0000,No Fault
0.047696034581342764,0.04889591242807,-0.10504199498717866,-0.3995504384279813,0.9888974637118391,-0.5921600133285995,0,0,0,0,0000,No Fault
0.02106914609753888,0.06043888815813536,-0.0659086416596018,-0.6030952001353722,0.8960716656673374,-0.2934883088364221,1,0,0,1,1001,LG Fault
0.8892705770930232,-0.0869018414203726,0.030540447680748845,0.07666952234037136,-0.6093206923962443,0.5589042706758346,1,0,1,1,1011,LLG Fault
-0.028262275516429933,-0.8342266349218069,0.861897574169651,-0.0417233105278228,-0.01129675652830088,0.06823863086332087,0,1,1,1,0111,LLL Fault
-0.5517468807029794,0.9917976922542447,-0.45093884957726166,0.05447201833312117,0.019431802386346682,-0.05952340845970025,0,1,1,1,0111,LLL Fault
-0.00930712339749509,0.10740308270519654,-0.10759064557430008,-0.9697144179897236,0.7025607649195149,0.2712859445430574,0,0,0,0,0000,No Fault
0.9639023852786465,-0.6926402437420958,-0.263790421176539,0.03599183083919251,-0.0814070501517521,0.061758196764235634,0,1,1,1,0111,LLL Fault
0.9497969083130895,-0.7255395679976138,-0.21911948992168956,0.032760077011757725,-0.08034185244684719,0.06391310706739985,1,1,1,1,1111,LLLG Fault
0.2543410942013594,-0.03037547292142835,0.044502684572498945,0.596994356383041,-0.9923684355341958,0.4275166249192489,1,0,0,1,1001,LG Fault
-0.3978119361894387,0.02823303072582521,-0.06153519330084263,-0.4949012016133004,0.9599952086056498,-0.4671057378294717,1,0,0,1,1001,LG Fault
0.4350763686924883,-0.9853466597997005,-0.05985670291080844,-0.020111513097847568,0.11399107564651675,-0.08109582305190839,1,0,1,1,1011,LLG Fault
0.06050213855495042,0.0062183707833578915,-0.07521321289534628,0.25718991042136985,0.7094476341173127,-0.9658886750892856,0,0,0,0,0000,No Fault
-0.007558152465639765,0.7580949495332623,-0.7553966288004452,0.6459613675466731,0.014697825732346959,-0.6477570859997874,0,1,1,0,0110,LL Fault
-0.01069461170404938,-0.7291865702346719,0.7394584661531554,-0.6241858042973328,-0.04774266218135868,0.6893828546149974,0,1,1,0,0110,LL Fault
-0.07605114688880361,-0.8097855101627673,0.8824225847256991,-0.043106959592504684,-0.008056497653608543,0.06632420048848045,1,1,1,1,1111,LLLG Fault
0.6640905744816209,-0.9671737385017031,-0.04633418716900321,-0.002772050244159833,-0.05725603374302758,0.07601552873792417,1,0,1,1,1011,LLG Fault
-0.5683227685748099,-0.05578598071421867,0.021712448927460215,0.37910372731897907,-0.04812469432826302,-0.31617728732195,1,0,0,1,1001,LG Fault
0.037045589648417934,-0.02450949426271803,-0.021151499156113397,0.8615646793442372,0.01589655789310746,-0.8651534789771381,0,0,0,0,0000,No Fault
-0.07320623570685683,0.1051402131057301,-0.041827316428668625,-0.6693252538314488,-0.28534562009780345,0.9767538130505831,0,0,0,0,0000,No Fault
-0.07992666401534165,0.0898808807131621,-0.01958302956082269,-0.4347470658859073,-0.5360994781902079,0.9970660149352143,0,0,0,0,0000,No Fault
-0.5365821980377746,0.20096296664191596,-0.008265989391261674,0.3401935774743398,0.14419240835184527,-0.4731305930961884,1,0,1,1,1011,LLG Fault
-0.07013426418479879,0.10446580864441345,-0.04392917455385597,-0.7127984025585616,-0.2285650919734727,0.962484191265697,0,0,0,0,0000,No Fault
-0.08139850219481871,0.09571070102838683,-0.024508751019204553,-0.43819939217647685,-0.5311042421994515,0.9954374640703278,0,0,0,0,0000,No Fault
-0.007931966203630614,-0.021755219955279136,0.021065847421757555,0.9799224769809028,-0.6240961892328543,-0.33168747757440276,0,0,0,0,0000,No Fault
0.061208958093355706,-0.5911749488175233,0.5298777877307245,0.4048998954519122,0.03703649425863213,-0.4288190975599222,0,1,1,0,0110,LL Fault
0.6145362751986213,-0.9709561752459394,0.36177357991081466,-0.007864254958512465,-0.05596678225506497,0.07980751675606236,0,1,1,1,0111,LLL Fault
0.0470054271323844,0.054671593650978234,-0.11000749285903352,-0.4030039471966745,0.9939657935414663,-0.593861857837402,0,0,0,0,0000,No Fault
-0.0031491560499574646,0.09775679044421533,-0.10350321008899932,-0.9482186070266101,0.7392019693870046,0.21239661729155196,0,0,0,0,0000,No Fault
-0.0559901461981949,0.8662531364158279,-0.8159897725222481,0.11805565638529712,-0.03453555477228063,-0.0682841491711558,0,1,1,0,0110,LL Fault
0.797527744072948,-0.9056634972518157,-0.03470398432578127,0.011005643774842215,-0.17968378303895058,0.1869523119452086,1,0,1,1,1011,LLG Fault
0.04789798682227014,-0.024287258109414726,-0.031725821802403645,0.7453316501697416,0.21110866563247763,-0.947528851442783,0,0,0,0,0000,No Fault
-0.029438840003764885,0.11538281893358572,-0.09569120326114025,-0.9993796249403224,0.4791629314221614,0.5286669472073451,0,0,0,0,0000,No Fault
0.03556963307256147,-0.0293532470061188,-0.014426576453860251,0.8865180974564114,-0.03389977204287841,-0.8394317616078258,0,0,0,0,0000,No Fault
0.3994584781382473,-0.9744485823474204,0.57842206873532,-0.022743732425804283,-0.040860278816924125,0.07933326987692514,0,1,1,1,0111,LLL Fault
-0.02785475509091906,0.8539958946323194,-0.8314058253901088,0.46994425744674917,-0.003627088371165644,-0.4526006671392007,0,1,1,0,0110,LL Fault
0.6109140588245201,0.03461250857273267,0.0256630733309013,0.3895296369356091,-0.8765490890768931,0.5175141735776443,1,0,1,1,1011,LLG Fault
0.6688530047214767,0.3084416768199671,-0.9778223218047195,0.08836568811254197,-0.06404940438590978,-0.00844154613367265,1,1,1,1,1111,LLLG Fault
-0.00986087674389025,-0.7440284413660448,0.7536328783113982,-0.615576126806408,-0.04763030597269801,0.6806358630576763,0,1,1,0,0110,LL Fault
-0.03451281099669587,-0.0015431696081199828,0.026729002416013226,0.8494891239358455,-0.8424819163163594,0.021621605992012086,0,0,0,0,0000,No Fault
0.01412428274153122,-0.029131227193302314,0.006604746705339778,0.9885229775206034,-0.3627872364405307,-0.6065784683053631,0,0,0,0,0000,No Fault
-0.9513864927710163,0.737749168399639,0.20019324464100616,0.008948663050228156,0.04832157095204885,-0.043317358972538626,0,1,1,1,0111,LLL Fault
-0.04992158888902058,0.010376845418321588,0.03031852648144217,0.6957585622285006,-0.935094643749173,0.27012992892118537,0,0,0,0,0000,No Fault
0.03977084462340989,-0.028232037626355302,-0.01971482935433909,0.8480262833737893,0.0430739841788881,-0.8792723498121401,0,0,0,0,0000,No Fault
-0.07601495480621048,0.04912636174435071,0.017434798657401437,0.19078620348106093,-0.9133773149282038,0.754311609125914,0,0,0,0,0000,No Fault
0.004294587593734116,0.09425676654886951,-0.10750180342284336,-0.9099124749017065,0.8082937037317873,0.1035860736578878,0,0,0,0,0000,No Fault
-0.8772194938793549,0.06628599756942159,-0.052204030926335805,-0.03607014082297253,0.5812094084927129,-0.5411793997208514,1,0,1,1,1011,LLG Fault
0.051837375265577336,-0.7629847312875241,0.7115637495505722,0.14609083122160743,0.02012790759931559,-0.15209443335920486,0,1,1,0,0110,LL Fault
-0.9019670567546275,-0.06949233370714705,0.011621805399675018,0.36986998096327817,-0.09425397362324639,-0.2599144079867058,1,0,0,1,1001,LG Fault
0.9789614459358638,-0.41550877523056023,0.011055757700779458,0.05907365579840148,-0.526959636405858,0.49262280420078364,1,0,1,1,1011,LLG Fault
0.2920595397476806,-0.9699686009768556,0.6782033883223997,-0.027056922525803703,-0.03401487606721394,0.07668259027200873,1,1,1,1,1111,LLLG Fault
0.05895021068421793,-0.00568202555489967,-0.06160181305476306,0.43373627733623515,0.5658869215640765,-0.9966181021879466,0,0,0,0,0000,No Fault
-0.23780024610215547,0.9531363015133242,-0.725686309418012,0.0731393712274215,-0.0025102906364558256,-0.05588177398845422,1,1,1,1,1111,LLLG Fault
-0.021441276935984747,0.10744456915793583,-0.095208948726562,-0.99481197508687,0.5536056888665513,0.44823176540508575,0,0,0,0,0000,No Fault
0.3256612588585928,-0.9636214296073129,0.6384826862265313,-0.026883464990746335,-0.035747305883043645,0.07827397653676518,1,1,1,1,1111,LLLG Fault
-0.9974398998865758,0.5498813168406134,0.4343060730224104,-0.007745972609229625,0.052173383877530885,-0.030503369930787616,0,1,1,1,0111,LLL Fault
-0.07913936918269106,0.09880871361309727,-0.029731592176891582,-0.5197477000206376,-0.45357862328672033,0.9982051846277702,0,0,0,0,0000,No Fault
0.0627821857476741,-0.46205477003177875,0.39892993893003637,0.5352107641565794,0.044221176185685857,-0.5667964665363145,0,1,1,0,0110,LL Fault
0.32265831249861254,0.07476939247112274,-0.0626027690452536,-0.5991261917554992,0.7499561771543273,-0.1485795869321241,1,0,0,1,1001,LG Fault
-0.17385255446170966,0.9366400603235702,0.04933062339345425,0.07596241193470539,-0.30703003824304825,0.2515861752974132,1,0,1,1,1011,LLG Fault
0.8268634945326391,-0.8815027813796812,0.059211195845795234,0.013139622080534454,-0.07119895213974974,0.07426917839197954,1,1,1,1,1111,LLLG Fault
-0.04583594221058965,0.008378815950590583,0.027997669516881665,0.747842141680169,-0.9106683732392887,0.19301847073948125,0,0,0,0,0000,No Fault
0.5895893098414973,-0.0019651205293109725,0.036079627507074344,0.4631557853970319,-0.9573174314834405,0.5259938761699519,1,0,0,1,1001,LG Fault
0.003630477378956681,0.6785305812056918,-0.6866581905445288,0.7227236305443938,0.023902676498611164,-0.7341023873833856,0,1,1,0,0110,LL Fault
0.7573600606292696,0.1890476927521547,-0.9434085420810822,0.08568112069184917,-0.06983923002210907,0.000149834944232723,0,1,1,1,0111,LLL Fault
-0.14542989553637448,0.9228626382350739,-0.7868938546467128,0.07723792099028362,-0.008894354877201555,-0.05348597646012389,1,1,1,1,1111,LLLG Fault
-0.6644099045575221,-0.30949789799787414,0.9663012503026858,-0.025274865498026648,0.02606080575119829,0.013680099181035577,0,1,1,1,0111,LLL Fault
-0.8023792928926406,-0.05051223097099347,-0.050777875303008556,-0.027322971880560785,0.5724748064080314,-0.5410494044201748,1,0,1,1,1011,LLG Fault
0.057389160395379425,0.02902071366905311,-0.095137791780925,-0.06930657478863171,0.8982136802270563,-0.8308747633091073,0,0,0,0,0000,No Fault
0.4566638005560884,0.5271323705027816,0.05270851395498863,0.09054065680036914,-0.5741093052383605,0.5091167845228863,1,0,1,1,1011,LLG Fault
-0.6582786177287995,-0.31160776940423135,0.9622459665145722,-0.046858561392953774,0.031204734495470093,0.030079474505416287,0,1,1,1,0111,LLL Fault
-0.862642563451527,0.035074575276347005,-0.05372737005427319,-0.0373007272221547,0.5847047837664106,-0.5435072578273183,1,0,1,1,1011,LLG Fault
0.05866957051928301,-0.00774912294467626,-0.05644192341770809,0.5388026771380373,0.46369743347194975,-0.9978343598160546,0,0,0,0,0000,No Fault
-0.07284005420075054,0.10370892702298883,-0.04061774405952528,-0.6684779926319788,-0.28657164431472215,0.9771535955135044,0,0,0,0,0000,No Fault
-0.45702332244128024,0.9924655025480402,-0.5455166556243687,0.06096397124755604,0.012780665997357794,-0.05925522080327347,0,1,1,1,0111,LLL Fault
-0.046128468786637775,-0.4067168406208638,0.45115832148110857,-0.8029798680607848,-0.07408292547966205,0.8954910419911644,0,1,1,0,0110,LL Fault
-0.036611049703086394,0.11135661437623907,-0.08408936738638444,-0.983618115825033,0.36194897950523475,0.6323019187474742,0,0,0,0,0000,No Fault
-0.0441920162511548,-0.4307979784965047,0.4733974719459734,-0.798038122586522,-0.07292408519416721,0.8893553624079361,0,1,1,0,0110,LL Fault
0.7773697483256236,0.08484934587952608,-0.043159903503205435,-0.44073518937659745,0.2881294292451296,0.16320010401602839,1,0,0,1,1001,LG Fault
0.9963158034164288,-0.4439470675982783,-0.5477169283402439,0.056250304258898716,-0.08453480879210941,0.04463312729920265,1,1,1,1,1111,LLLG Fault
0.987488700770949,0.058819366524773604,-0.0024382085742552795,-0.012705927259828553,-0.4463139019231067,0.4824165752408244,1,0,0,1,1001,LG Fault
0.049701916103985826,0.08633549615550286,-0.13814879801686,0.82286155855891,0.05158497750366302,-0.8627134114151006,0,1,1,0,0110,LL Fault
0.8937266731584008,0.035772763919202574,0.015891938010453254,0.20211124051772714,-0.7193398708793161,0.5452369452801797,1,0,0,1,1001,LG Fault
0.06240271978223176,-0.46633754685440665,0.40372417190723237,0.6035146493016866,0.04621512264256684,-0.6373132182955502,0,1,1,0,0110,LL Fault
0.9132519327426327,-0.14756338096254787,0.027298123767612058,0.07380988072816,-0.5993207050106278,0.5515817412858984,1,0,1,1,1011,LLG Fault
-0.7457021976244631,0.2119232035813463,-0.02204382776723529,0.1467178521701555,0.363646014607024,-0.502760003766358,1,0,1,1,1011,LLG Fault
0.035050355310253196,-0.8747041164073853,0.840317425535724,-0.1386089747223024,-0.0038778969460681774,0.15782151176083703,0,1,1,0,0110,LL Fault
-0.04487619582306874,-0.41534890056039697,0.4584671678256736,-0.8005911865986324,-0.07309803908000576,0.8920924516044763,0,1,1,0,0110,LL Fault
-0.06379022004731685,0.8290925822468961,-0.7710059231041467,-0.012146659511922911,-0.04463248923766731,0.07255189617857072,0,1,1,0,0110,LL Fault
0.21425004211733734,0.7352093194657771,-0.9528556385024621,0.08809506672832192,-0.033499031122701334,-0.039300318836832535,0,1,1,1,0111,LLL Fault
-0.4785560941315299,0.9995466241847385,0.03775790042776062,0.05919080336339315,-0.1179306989219101,0.07571446051859951,1,0,1,1,1011,LLG Fault
-0.06205055657032589,0.11071975879205397,-0.05835276766334824,-0.8314858599656564,-0.04503112964857113,0.8944695101801098,0,0,0,0,0000,No Fault
0.4975514231621775,0.4861278728664521,0.05188277328147803,0.0905118727501314,-0.5850494469147495,0.5202933924382506,1,0,1,1,1011,LLG Fault
-0.802044828419373,0.9122820463961466,-0.1253085137435486,0.03180623160889334,0.03723057128223096,-0.05493406019538796,1,1,1,1,1111,LLLG Fault
0.05688798847495966,-0.6987852381398811,0.6420758507322064,0.2605622245517225,0.027970649305583177,-0.27486087962169253,0,1,1,0,0110,LL Fault
-0.06119769290638386,0.02574425369789618,0.0258012164391333,0.5481089674576273,-0.9612154798869241,0.4447874868661301,0,0,0,0,0000,No Fault
-0.17794883835446657,-0.7654472766767239,0.9413958551411085,-0.04474680019014472,-0.0016492922090050061,0.06143959664196562,0,1,1,1,0111,LLL Fault
0.03000586355963887,-0.025818035411586747,-0.012862470359462313,0.9170454888422167,-0.10696141389305426,-0.7955919883698646,0,0,0,0,0000,No Fault
-0.5966199713322715,0.3938324271516191,0.19357057443813086,-0.19470805746209843,0.0758329733574778,0.1328458170968413,0,1,1,1,0111,LLL Fault
-0.03413635799546888,-0.0030146005041335085,0.027972502244806317,0.8503601481762187,-0.843742328685864,0.022032603134385285,0,0,0,0,0000,No Fault
-0.06508498802710629,0.03117106219616084,0.02420942288028772,0.4812242353239814,-0.9629145329664205,0.5135808370654719,0,0,0,0,0000,No Fault
-0.06319448045185438,0.11183719152493228,-0.058476302849490236,-0.8235846398200128,-0.05917130657985604,0.9009558509078962,0,0,0,0,0000,No Fault
-0.04040265201368191,0.11052817261717285,-0.07937083975341377,-0.970849171033209,0.30254581505451644,0.6800295497651745,0,0,0,0,0000,No Fault
-0.05010720714917131,0.8797732511841155,-0.8352576325063364,0.20766411502661702,-0.027203375990288457,-0.16560148992087106,0,1,1,0,0110,LL Fault
0.05221940608097245,0.06221246323239172,-0.0657793854998715,-0.6053915989654289,0.884320334172836,-0.2792114909243301,1,0,0,1,1001,LG Fault
0.04005586433037008,-0.026960473518617196,-0.010289513570176665,0.9631425121212088,-0.209856643972204,-0.7369633987054192,0,0,0,0,0000,No Fault
-0.8919736273744109,0.8324841674198968,0.04617121037244284,0.01982809825420589,0.043838135859060996,-0.04965712065736829,0,1,1,1,0111,LLL Fault
0.24765270679740828,-0.9580664602338069,0.7126708912120239,-0.030194454720158262,-0.030737806495727653,0.0764891836350112,0,1,1,1,0111,LLL Fault
0.19865515992558674,0.7458641234091644,-0.9481731080030245,0.08776781960797253,-0.03243107103772752,-0.04006043203412311,0,1,1,1,0111,LLL Fault
0.2807385355222301,-0.305884282912816,0.025612738999681188,0.08518921637085118,-0.8852216581708415,0.8314985969617292,0,1,1,1,0111,LLL Fault
0.03936513872041109,-0.02685860855304864,-0.009230196419532674,0.9677996339598676,-0.2247558022237789,-0.7264509748626423,0,0,0,0,0000,No Fault
0.9582748679793684,-0.6911715481159979,-0.08798171881318446,0.03704591552111014,-0.2642653686190398,0.24702965153084638,1,1,1,1,1111,LLLG Fault
-0.07805938408036854,0.09245299854270048,-0.023889547009106355,-0.502980130623556,-0.4718389443026816,1.0000000000000002,0,0,0,0,0000,No Fault
0.9825896112805756,-0.5668857680316064,0.000208491590134946,0.04876689359849941,-0.4624332942358378,0.43720606344326224,1,0,1,1,1011,LLG Fault
-0.07583990452321662,0.6869105463292424,-0.6163750200492408,-0.27978164835906144,-0.06332211518704298,0.359940721259041,0,1,1,0,0110,LL Fault
-0.10651047924800078,-0.7910559266381265,0.8961678527011849,-0.04393025710805212,-0.0059464422292035135,0.06499958376159048,0,1,1,1,0111,LLL Fault
0.05860626164571163,-0.2869952455569554,0.2276192775359748,0.7350647682369069,0.05534065248237689,-0.7785107997804221,0,1,1,0,0110,LL Fault
-0.9963866693828828,0.5627583574171299,0.4203445706962815,-0.00674477709835504,0.05205701922397819,-0.03138864693179943,0,1,1,1,0111,LLL Fault
-0.027681776971834566,0.11204338075528998,-0.09390356183944416,-0.998007016175563,0.49010032366460954,0.5161457534769921,0,0,0,0,0000,No Fault
-0.07951095150450117,0.10035052712888742,-0.03103349543031388,-0.5206619710548087,-0.4522561439428968,0.9977743041440017,0,0,0,0,0000,No Fault
-0.5596921777452409,-0.4270695778300934,0.9779869013296413,-0.04838304047739954,0.024631172923916984,0.038306300174822894,1,1,1,1,1111,LLLG Fault
0.0005131642875749757,-0.792256902447897,0.7916403275223557,-0.5333588257964602,-0.03784580526991381,0.5882304133939361,0,1,1,0,0110,LL Fault
-0.6221463791099953,-0.3552722957122778,0.9702254922505248,-0.047552347128580544,0.028812327255211732,0.03321290640288152,0,1,1,1,0111,LLL Fault
-0.8360700904540919,0.14180106747026874,-0.03395080981721317,0.004326418560066176,0.5078910319775277,-0.506973352735185,1,0,1,1,1011,LLG Fault
0.9773321240905564,-0.4013132396531229,0.01201477567170274,0.05998395508755344,-0.5321126598050725,0.4969608997826391,1,0,1,1,1011,LLG Fault
-0.07686420373602733,0.1933002112882689,-0.12027321607823573,-0.7005843228805164,-0.08410292596095055,0.8030341739867881,0,1,1,0,0110,LL Fault
-0.5432938322875475,-0.4601042354886632,0.9973034682838839,-0.044215333012757804,0.022211454208308397,0.03659318162346609,0,1,1,1,0111,LLL Fault
0.06128605915796727,0.008140456434036318,-0.07764398940280463,0.18259680075313767,0.7593216440580247,-0.9419182516931781,0,0,0,0,0000,No Fault
0.21344773344477466,0.7343394688304413,-0.9535698198323814,0.08808283737181594,-0.033474333146947644,-0.03931322536470624,1,1,1,1,1111,LLLG Fault
0.6743606708419316,-0.9571895795660345,0.2885647925409054,-0.0027967984093968043,-0.06021357992854769,0.07905401265085277,0,1,1,1,0111,LLL Fault
-0.012607621481347335,-0.8422737053811366,0.8543616753689938,-0.04123535657185001,-0.01237120909648292,0.0688442252026922,0,1,1,1,0111,LLL Fault
0.19521321634045175,0.7426282104379083,0.054673510320841875,0.08779256941782443,-0.48368345555369585,0.41973033778059643,1,0,1,1,1011,LLG Fault
-0.14450292955156951,0.9235474974774945,-0.7861220020819287,0.07726842201849235,-0.008933130148924419,-0.05347704890909434,0,1,1,1,0111,LLL Fault
-0.013913927267342488,-0.017554338312830455,0.022650680078715263,0.9617410979262179,-0.6793860095526452,-0.25711886592188066,0,0,0,0,0000,No Fault
0.9733499207835675,-0.37262486941295386,0.013916260027642954,0.06177544398186651,-0.5420355254877344,0.5052758301900414,1,0,1,1,1011,LLG Fault
-0.5126703732359179,0.9927043813230982,-0.4928711912949681,0.0572966724076364,0.016653446795454205,-0.059524472048620464,1,1,1,1,1111,LLLG Fault
-0.822928993656966,0.03795725964439039,-0.043423488333029406,0.001014356541729839,0.5400143387592075,-0.5363854054054638,1,0,1,1,1011,LLG Fault
0.04630125787977257,0.0528414567614179,-0.10788858270507812,-0.4155222888570207,0.9929191638206916,-0.5802438351473681,0,0,0,0,0000,No Fault
-0.042166729782554105,0.8823566143284799,-0.8458092395518679,0.30761988055933204,-0.018617314542118023,-0.27457125199140425,0,1,1,0,0110,LL Fault
0.00573628423922083,0.09217671316244994,-0.1067171541009399,-0.9026268094494254,0.8160912731608182,0.08833555245664966,0,0,0,0,0000,No Fault
0.057493321131717706,-0.6823153155272335,0.6250668720416183,0.2851434679533064,0.029598853081156513,-0.3011663935289244,0,1,1,0,0110,LL Fault
0.0024257945739708034,0.09437060872259295,-0.10563497556718625,-0.9214368590014179,0.7886807842051353,0.13512611711331132,0,0,0,0,0000,No Fault
0.045075209955051626,-0.019416826556581595,-0.034361639931744396,0.7623573188530824,0.1857623186581331,-0.9387723255116067,0,0,0,0,0000,No Fault
-0.8071727897654983,-0.10095971395459716,0.8962046947319923,-0.04167957528339519,0.04092840134263033,0.014978569759213967,1,1,1,1,1111,LLLG Fault
-0.049337856623854676,0.010800504719953814,0.029179603229745568,0.7060325209393132,-0.9299546894662071,0.254591239432596,0,0,0,0,0000,No Fault
0.38683892532358105,0.5919483766151863,0.05376841257753974,0.09033091741567775,-0.55319046770217,0.4880112755728033,1,0,1,1,1011,LLG Fault
-0.056141073471491006,0.11556138112069538,-0.06935064125473236,-0.895665858410525,0.08063521656285805,0.8307686039430692,0,0,0,0,0000,No Fault
0.9750995960456447,0.05404367687810418,0.001889654057034021,0.03661890112618804,-0.5141178039992125,0.5020515661498146,1,0,0,1,1001,LG Fault
-0.04733490929896255,0.1107363880971105,-0.07270485208832415,-0.9406922242231037,0.19797685614056768,0.7563459678086281,0,0,0,0,0000,No Fault
0.3063126704870901,-0.9647555506766514,-0.06519029116043007,-0.027637711704483592,0.19657219315772875,-0.15769789139778118,1,0,1,1,1011,LLG Fault
-0.05201456684791344,0.11036104166476438,-0.06768733016914857,-0.9121627521510943,0.121842093165129,0.8053203938237599,0,0,0,0,0000,No Fault
-0.32139077673522726,-0.645840978077229,0.9611932969743519,-0.047962698285186525,0.008624557569007617,0.054195210531626604,1,1,1,1,1111,LLLG Fault
-0.04573700480541765,0.11209403652557655,-0.075778673511054,-0.9512745432965848,0.22927658527787406,0.7350626515257107,0,0,0,0,0000,No Fault
0.03824821415840591,-0.02573022699179816,-0.02097913033526881,0.8545168383655466,0.03004298618596598,-0.8725018313166721,0,0,0,0,0000,No Fault
0.9569857392624413,-0.7187091206918528,-0.23308857537764427,0.03420311641024061,-0.08098782216074485,0.06312446989934659,1,1,1,1,1111,LLLG Fault
0.05878261297706738,-0.010787641828480861,-0.056052016555302786,0.47711191191120844,0.524693055820478,-0.9981331491518324,0,0,0,0,0000,No Fault
-0.2681637077710472,0.9613698601535069,-0.7038432760363375,0.07166812339392106,-0.000406098189783443,-0.05655074998259517,1,1,1,1,1111,LLLG Fault
-0.14759615959751266,-0.055285605690665984,0.04497075811076969,0.6503661873666471,-0.875922211665311,0.25534732913071545,1,0,0,1,1001,LG Fault
-0.8832967284653319,0.18969231568039302,0.6825553153182833,-0.06776875458799758,0.05476781868226592,0.027034874543952668,0,1,1,1,0111,LLL Fault
-0.04973270531354214,0.11633438680583821,-0.07648191064700918,-0.9387831305608527,0.1876557853605571,0.7649487383573427,0,0,0,0,0000,No Fault
-0.5993469912390065,0.34899239724089615,-0.01100343158119398,-0.0563642201555828,0.24998351249910106,-0.18332010466443813,1,0,1,1,1011,LLG Fault
-0.7571583149355348,-0.14684520785465413,-0.0721885407667952,0.28429609163079234,-0.017326014329394287,-0.2525014339631494,1,0,0,1,1001,LG Fault
-0.0038454966711178244,0.10047857459993134,-0.10580337117765652,-0.9498297852755161,0.7415334181651567,0.21163637547420588,0,0,0,0,0000,No Fault
-0.08211888561681852,0.08166031632161437,-0.009290972508152685,-0.27490947831876644,-0.6663159611827795,0.969492208342562,0,0,0,0,0000,No Fault
-0.9935681806759304,0.3992420750398506,0.5792227419003283,-0.018252141078313792,0.05236374536238442,-0.020163321696964123,1,1,1,1,1111,LLLG Fault
-0.06472154068267832,0.031611298273390834,0.02326577963924585,0.49394515736029515,-0.961744654488512,0.4996341126318885,0,0,0,0,0000,No Fault
0.056140197691951874,-0.7064765470862705,0.6506366065309811,0.24784702741992695,0.02713947875711887,-0.2612650290504513,0,1,1,0,0110,LL Fault
0.9750864273056394,-0.6590403093384529,-0.3085846421422098,0.039177966338122316,-0.08230280084163974,0.05947636320095039,0,1,1,1,0111,LLL Fault
-0.5222112961736628,-0.4834351867799207,0.999806012970976,-0.049632179777434865,0.02183114389643237,0.042411915006419665,0,1,1,1,0111,LLL Fault
0.012245394802340919,0.08744692917960743,-0.1084275359758042,-0.8590360872020582,0.8655071536140516,-0.005724358417253692,0,0,0,0,0000,No Fault
-0.07264121417340091,0.043003869952308364,0.019967621566502555,0.3102360977841684,-0.9436546511146783,0.6653969259063057,0,0,0,0,0000,No Fault
-0.4317483420108016,0.028477603361296146,-0.06128983954115164,-0.497443422679278,0.9599951454932758,-0.4645567142396771,1,0,0,1,1001,LG Fault
0.013676674955944783,0.08850067968547613,-0.11116477727023133,-0.8444026260352469,0.8826526851634141,-0.037867507908667775,0,0,0,0,0000,No Fault
0.02966903227167807,0.07365195717991901,-0.11212966686872095,-0.6859767808447615,0.9692857821586802,-0.2849904609224432,0,0,0,0,0000,No Fault
0.6329918529625769,-0.9777225702389015,0.35035509835491435,-0.005857374138046056,-0.05756986892398956,0.07942882303531251,0,1,1,1,0111,LLL Fault
-0.8659654289402873,0.29177765506424264,-0.022524428727874597,-0.09885279385014929,0.5063578009971995,-0.40195826821218156,1,0,1,1,1011,LLG Fault
-0.9917537865776138,0.6005534113659019,0.3778382323911777,-0.003701338257117357,0.0516072723544007,-0.03398187294732326,0,1,1,1,0111,LLL Fault
0.053322757885721425,-0.012062178118238905,-0.049911003403840824,0.6047344174239596,0.39244465861403854,-0.9913359914641069,0,0,0,0,0000,No Fault
-0.17226200837015404,-0.0048583411784386705,0.08610862956616551,0.679970555077705,-0.231192476292316,-0.4312999904467453,1,0,0,1,1001,LG Fault
-0.9360034002406534,0.7681797512029157,0.15432774008134406,0.01219136014530561,0.04714053453004256,-0.04536520462235107,0,1,1,1,0111,LLL Fault
-0.07452234041179438,0.04825086767777638,0.016286833712716855,0.2785633636794416,-0.9343085548550493,0.6876301771517088,0,0,0,0,0000,No Fault
-0.5520218179407687,-0.4192427628774754,-0.0706695779223086,-0.04834627182175075,0.5654712828870662,-0.512833942052343,1,0,1,1,1011,LLG Fault
0.0611249828912977,-0.630585637767123,0.5697178783132606,0.42874915858108953,0.03552355795226075,-0.45118994258312495,0,1,1,0,0110,LL Fault
0.38437688403239084,-0.022603553185930807,0.03530544055088739,0.555380464552418,-0.9909766183468971,0.4678226132514493,1,0,1,1,1011,LLG Fault
-0.4457351538161125,0.027284199658483593,-0.06093036006421957,-0.49176927097734546,0.9584056231299969,-0.4686262214641638,1,0,0,1,1001,LG Fault
0.7856388637079491,-0.9183141796542138,0.13942152838204205,0.008280062947405681,-0.0683417109359582,0.07623015768407394,0,1,1,1,0111,LLL Fault
-0.9213762734869383,-0.028407153872032458,-0.03282097385926604,-0.12211079160363986,0.6429126840004149,-0.5177848313987259,1,0,0,1,1001,LG Fault
-0.9083964602949564,-0.0691105649396075,0.010808793984294685,0.36159812053275986,-0.07889178739299885,-0.26727432623738157,1,0,0,1,1001,LG Fault
-0.0814305764801459,0.07123641042925247,0.0007434426381369031,-0.15106406778225764,-0.7516360553999416,0.9322576356044154,0,0,0,0,0000,No Fault
0.13440520921261667,0.7827856043032771,0.054407254815012004,0.08647268536261675,-0.45824865577783636,0.3951362588211748,1,0,1,1,1011,LLG Fault
0.8485645610381181,0.035015247676673175,-0.8817046619816185,0.0807711771361925,-0.07574146203321516,0.011087031467118475,1,1,1,1,1111,LLLG Fault
-0.9837157648576672,0.34248966337596476,0.6287405885161735,-0.02178286287263906,0.051893399584841474,-0.016143968049234663,0,1,1,1,0111,LLL Fault
-0.005264951077803059,-0.020504241675453738,0.016902857997069882,0.985813864222308,-0.585938345866376,-0.37647643054426755,0,0,0,0,0000,No Fault
0.00033110845442247024,-0.022723063167600595,0.013582417065716744,0.9934917999348226,-0.5233705489661323,-0.4479298380697494,0,0,0,0,0000,No Fault
-0.04425986567001671,-0.8261484247267299,-0.07363062626360699,-0.042171283895218334,0.38469243623497307,-0.334815899885605,1,0,1,1,1011,LLG Fault
0.17419323422847857,0.06779241483223214,-0.06507509826881872,-0.607700725470311,0.8362770734172954,-0.2279412892616954,1,0,0,1,1001,LG Fault
-0.022905823135938745,0.10921757006130037,-0.0956676126502425,-0.9964280213959238,0.5418605310568553,0.4618201345764339,0,0,0,0,0000,No Fault
0.6001488164383083,0.3731601607967956,0.049023553233682786,0.08955457365594607,-0.6079094252698428,0.5445470108128978,1,0,1,1,1011,LLG Fault
0.670180966616616,0.08651439708053667,0.00022278886782390976,0.2941781682104916,-0.7787027825814498,0.513415344278461,1,1,1,1,1111,LLLG Fault
-0.6471868964865851,-0.3271007533432954,0.9644463042303041,-0.047119234501554585,0.030443405071208247,0.031116613865509398,1,1,1,1,1111,LLLG Fault
-0.08149230986617306,0.07223228782722843,-0.00019467449216273476,-0.16651642054125965,-0.741893848079173,0.9378238746266844,0,0,0,0,0000,No Fault
-0.2565923270207584,0.042283719850977494,-0.06459379780886021,-0.5551873653814338,0.9602318783904751,-0.40690090773628873,1,0,0,1,1001,LG Fault
0.6705225894784085,0.2852668639266077,0.04626905200060136,0.08805503844591213,-0.6188990292466455,0.5572486683749232,1,0,1,1,1011,LLG Fault
0.6187921843956716,0.0838877064052224,-0.05282779441861864,-0.5274359260886736,0.49733139480493516,0.03695880721678535,1,0,0,1,1001,LG Fault
-0.9966307538598725,0.4274818000206962,0.5539304315059542,-0.016421990576585076,0.05248565905006497,-0.02212255142650913,1,1,1,1,1111,LLLG Fault
-0.9777690506439333,0.3131566123380134,0.6521811781758795,-0.023493589662334106,0.05157098112099405,-0.014100168984244262,0,1,1,1,0111,LLL Fault
0.1126922264533916,-0.8987127243054497,0.7868414867277368,-0.03678914672831679,-0.020978442318784245,0.07315679629943754,0,1,1,1,0111,LLL Fault
0.04968397367312046,-0.813962424932431,0.7649372202311226,0.10838234228902992,0.014785466164327889,-0.10884215036332026,0,1,1,0,0110,LL Fault
0.2767721444021034,-0.9575277429282668,-0.06622944827269578,-0.029183629988957883,0.21440396335223344,-0.17431802985557243,1,0,1,1,1011,LLG Fault
-0.28941779957300606,0.03713402188786638,-0.06437218260198205,-0.5370172124681568,0.9640208896488721,-0.428980143061169,1,0,0,1,1001,LG Fault
-0.05194468554139253,0.11774333369168227,-0.07578466319180821,-0.9285154723697783,0.15855941924718284,0.7843023745439713,0,0,0,0,0000,No Fault
-0.24929777402277473,0.9610202204116259,0.047118554705321294,0.07246267139614396,-0.2641378573492513,0.21138906878909186,1,0,1,1,1011,LLG Fault
0.9961769422543729,-0.4292386772625247,-0.5600224517327201,0.057200227255191444,-0.08454033840704522,0.043686320442424945,0,1,1,1,0111,LLL Fault
-0.032696540768916746,0.11619671385330392,-0.09328474595693816,-0.9966068272186839,0.4378492249896336,0.5679844953601978,0,0,0,0,0000,No Fault
0.04091940880827258,0.24781994745763225,-0.29142849884518474,0.8446631609961951,0.048299263155183125,-0.8812247494869447,0,1,1,0,0110,LL Fault
0.3412311537233906,-0.9655783706888004,0.6273394464514674,-0.026068531986655256,-0.03680017240099776,0.07852973092116336,0,1,1,1,0111,LLL Fault
0.979619632778001,0.07245810547969557,-0.01734318071620515,-0.1773320282403964,-0.19856640339196838,0.3950302445649427,1,0,0,1,1001,LG Fault
0.05142308320754238,0.046893342708061676,-0.10645539144123474,-0.30040164102932526,0.9761625323391546,-0.6785950717232136,0,0,0,0,0000,No Fault
0.058916771019307715,-0.15908023052615541,0.09888256925908752,0.7370162518485853,0.05200784335664736,-0.7770714044948024,0,1,1,0,0110,LL Fault
0.4690208761104397,0.08052295491530083,-0.058350270223167126,-0.5727251359015405,0.6333135767058519,-0.056194564771552255,1,0,0,1,1001,LG Fault
-0.2824783667849029,0.9659750483154903,-0.6919850107176995,0.07092561923067502,0.0006160843864680271,-0.0568478540658513,0,1,1,1,0111,LLL Fault
-0.4854704307348944,0.9926515780453106,-0.5197843865279874,0.05914320985237556,0.014744362207825212,-0.05943059259992926,1,1,1,1,1111,LLLG Fault
-0.0709677998379951,0.11080156339187339,-0.049981236454963905,-0.7271096178789791,-0.20860334711831918,0.9564927970011029,0,0,0,0,0000,No Fault
0.6244247055358119,0.08413707597903115,-0.05220199420065575,-0.5229706206213653,0.4841464705862405,0.045916791730226565,1,0,0,1,1001,LG Fault
0.4421283758046804,-0.9785410676865701,0.5402236248421869,-0.020136369807668912,-0.04384195982162852,0.07975725764490064,0,1,1,1,0111,LLL Fault
0.7287194467128476,0.012919313898651478,0.029326175519385517,0.37139189444845694,-0.889158941433593,0.5485491442139702,1,0,0,1,1001,LG Fault
-0.07909250375809972,0.058194411007970806,0.011256070347747622,0.08147856219254923,-0.8715999655759218,0.8213389037272234,0,0,0,0,0000,No Fault
-0.9464732626203436,0.7480736247207672,0.18496553322841477,0.010028234329479475,0.04794265720373431,-0.04401368816514248,0,1,1,1,0111,LLL Fault
0.9471752454479349,-0.7222475146420985,-0.09225975890307307,0.03383658766265272,-0.22116243285220644,0.20632660814049059,1,1,1,1,1111,LLLG Fault
-0.9950876837799596,0.5754981437239122,0.406277111655583,-0.005736782749422929,0.05192385858756955,-0.03226362608349843,0,1,1,1,0111,LLL Fault
0.05138948802182031,-0.02079602768121608,-0.0341537381256534,0.7821139199407924,0.15661519886807407,-0.9288810738756885,0,0,0,0,0000,No Fault
-0.4176486376730244,0.02966569033884446,-0.061636445393030495,-0.5029893371778487,0.9613437873435866,-0.4603703293111964,1,0,0,1,1001,LG Fault
0.9295318122170466,-0.7648806885943751,-0.15724599292048377,0.02843921642779597,-0.07875644533401675,0.06662993036032831,0,1,1,1,0111,LLL Fault
-0.08194304733005991,0.07191420204637593,0.00031481926673115196,-0.12164461728298293,-0.7682457580379075,0.9196850861944789,0,0,0,0,0000,No Fault
0.060148850954026174,-0.006801772354551962,-0.061403339724427616,0.40699054802229057,0.5887495376927565,-0.9930979328693395,0,0,0,0,0000,No Fault
-0.07811268765736543,0.26068559611275366,-0.18673656370140446,-0.665128961314974,-0.08302445523828046,0.7663858778450665,0,1,1,0,0110,LL Fault
0.25971937905643366,0.7033374634918201,-0.9660511673887706,0.08885220960892404,-0.03657726435027092,-0.03692282493178037,0,1,1,1,0111,LLL Fault
0.04768940409090743,0.12718370548053412,-0.1771282424201171,0.8310429585906581,0.050985057167176384,-0.8703051953483341,0,1,1,0,0110,LL Fault
0.5671766022341961,-0.5720358168316216,0.008623305642706483,0.0708370780975103,-0.8277302015169449,0.7873063404617574,0,1,1,1,0111,LLL Fault
0.06058062122042462,0.010021323608182895,-0.07910452022272511,0.19626946637445475,0.7516596756105366,-0.9478197999021024,0,0,0,0,0000,No Fault
0.059303315137286816,0.027152229202106932,-0.09400124286192243,-0.02330224858469388,0.8782286841259568,-0.856636811310684,0,0,0,0,0000,No Fault
0.32638891867186165,-0.030960156318664896,0.038569900803991676,0.5793104388031509,-0.9986441050814588,0.45164218553892693,1,0,1,1,1011,LLG Fault
-0.9192275631111559,0.7960351170614757,0.1074798205161581,0.015448750230031325,0.04583768151631597,-0.047303653968062624,1,1,1,1,1111,LLLG Fault
0.9391233745985611,-0.22415687358018335,0.023032258173284234,0.07009353782686797,-0.5836859267267973,0.5393764647953764,1,0,1,1,1011,LLG Fault
0.9804552537416908,-0.3174249577475732,-0.6589078944337456,0.06452800636159423,-0.08389659380890312,0.03568315185767694,1,1,1,1,1111,LLLG Fault
-0.22241681840737404,0.9485039152241945,-0.7362900591243957,0.07387183501661307,-0.003580126291728332,-0.055526040596580506,1,1,1,1,1111,LLLG Fault
0.9488719632623408,-0.2561235922601843,0.021260847383892056,0.06867503114906823,-0.5765452567802555,0.5335225571252024,1,0,1,1,1011,LLG Fault
0.8817424718066552,-0.07002360869884944,0.031333747284434645,0.07719991393960404,-0.6113594858588953,0.5604499555965232,1,0,1,1,1011,LLG Fault
0.0736418561702756,0.821164426327377,-0.9020645853414507,0.08480016133277614,-0.023936737761464225,-0.04574043219750356,1,1,1,1,1111,LLLG Fault
0.05600278208894677,0.03294379869827045,-0.09755282800154963,-0.14620763835131162,0.9281266233660704,-0.7842504054456616,0,0,0,0,0000,No Fault
-0.08018430633957507,0.06221010189804224,0.008439560506609545,0.004108181450110337,-0.8371809283833311,0.8638422140013909,0,0,0,0,0000,No Fault
-0.36236505488657716,-0.6316336983338549,0.9876714051325498,-0.040649941091414954,0.009184912919961413,0.046292073721556366,1,1,1,1,1111,LLLG Fault
-0.40151830053635584,-0.06632080640184157,0.04032406770297003,0.6291165390747417,-0.721090467349307,0.1188833993675158,1,0,0,1,1001,LG Fault
0.06041416178363836,0.016938597612666063,-0.08547353198164068,0.027922267910876354,0.8487382799501942,-0.8779471031767734,0,0,0,0,0000,No Fault
-0.0008244936994196402,0.7124486094114869,-0.7162723091305292,0.6940127706042083,0.02032656107917384,-0.7016714307301607,0,1,1,0,0110,LL Fault
-0.019637581511992262,-0.665519082754342,0.6844395162571727,-0.6856094741943191,-0.055109256626458825,0.7584757543276242,0,1,1,0,0110,LL Fault
-0.9083646038495452,-0.06910986780152031,0.010809487476730582,0.36160011216142157,-0.07889176473727479,-0.26727634458286736,1,0,0,1,1001,LG Fault
0.013640946225443411,-0.8417328877909838,0.8282901148658073,-0.40676316520879374,-0.025283385908058224,0.44849831562926795,0,1,1,0,0110,LL Fault
-0.14773524118810705,-0.055287381693568706,0.0449689824043415,0.650357488998363,-0.875922239175833,0.2553560769434624,1,0,0,1,1001,LG Fault
0.24454022554028298,0.7142336845382806,-0.9619331952734099,0.08860612094538711,-0.03554768629838098,-0.037725196413192524,0,1,1,1,0111,LLL Fault
0.9833538319364263,-0.33208536674620115,-0.6470749187662231,0.06366605710632063,-0.08405177095429675,0.03670550980524163,1,1,1,1,1111,LLLG Fault
-0.06873660813261963,0.7908826643293172,-0.7276814690345763,-0.10328613787120453,-0.05133389544180578,0.17076157648952303,0,1,1,0,0110,LL Fault
0.0490135824827894,-0.023497611109609195,-0.02814764735073423,0.8383656114323716,0.06469574953752041,-0.8916181371173609,0,0,0,0,0000,No Fault
-0.5524499786728946,0.9908613352129145,-0.4515843400673114,0.054469493849227044,0.01944868413730086,-0.059538079390898974,1,1,1,1,1111,LLLG Fault
-0.29151780225029716,-0.6688087498290421,0.9546170891172715,-0.04758878192740164,0.0066034371893867495,0.05587977543066948,1,1,1,1,1111,LLLG Fault
-0.028377208527616084,-0.008497272967975972,0.02789978420433674,0.8891704978539868,-0.8053437763426143,-0.05600786286718977,0,0,0,0,0000,No Fault
-0.044467456314700185,0.005954178889944887,0.02921436163411425,0.758928268797401,-0.9068485777066966,0.17801067207266227,0,0,0,0,0000,No Fault
0.3437673991734284,0.6291283903679226,0.05421581813381117,0.08999936140425174,-0.5390404889336987,0.4739252143947712,1,0,1,1,1011,LLG Fault
-0.7894401409662162,-0.07284810879289738,0.022353935583237686,0.47574753279948245,-0.3055868556745151,-0.15072941344514718,1,0,0,1,1001,LG Fault
-0.7573213404913336,0.2980228847631415,0.4473398758775031,0.04701072774332508,0.025802108129526047,-0.05853352872511634,1,1,1,1,1111,LLLG Fault
0.629144221843488,-0.9756855563651468,-0.04882040067573719,-0.005832093117576712,-0.0285721393600937,0.049855469272651144,1,0,1,1,1011,LLG Fault
-0.06335406537816128,0.8336555455273513,-0.7759042090845941,0.0006869219352801728,-0.04368229198807366,0.05871606202050182,0,1,1,0,0110,LL Fault
-0.05378991369234297,0.117539896448612,-0.07375357910706794,-0.9164167887418405,0.12799738475914926,0.8033136109511431,0,0,0,0,0000,No Fault
-0.07184215010718734,0.042248770589953404,0.019792353241018856,0.3389423281333689,-0.9482059676117376,0.641252275102241,0,0,0,0,0000,No Fault
-0.2042240363381912,0.9471583507944186,0.048489651673366,0.0745957797005463,-0.29006978196848865,0.23567432769738433,1,0,1,1,1011,LLG Fault
0.004366477242754905,-0.026628921863516827,0.01376564451157623,0.9967955566478395,-0.48658038796776854,-0.4887306640327873,0,0,0,0,0000,No Fault
-0.9895384405416303,0.37063180656421385,0.6039278485209187,-0.020045458784412044,0.05217573198150276,-0.018173668377375676,1,1,1,1,1111,LLLG Fault
-0.07531369881629048,0.10276333943187743,-0.03735222108117882,-0.6215536277293638,-0.343341818773159,0.9879522995671774,0,0,0,0,0000,No Fault
0.5003699213645131,-0.5130519606857744,0.01569018732010523,0.07518150930243006,-0.8561186183284666,0.8118775217533556,0,1,1,1,0111,LLL Fault
0.0570399008377419,-0.008085964434694792,-0.057437426928845715,0.5018697853100202,0.5017704505710281,-0.9995990632545295,0,0,0,0,0000,No Fault
0.0209271121436212,-0.024437552443035,-0.005394636097038802,0.9611995426809441,-0.24143754197291475,-0.7028350844045574,0,0,0,0,0000,No Fault
0.33066289633968526,-0.9837451814991823,-0.06462568536007829,-0.025574861349238837,0.18673684330056553,-0.14974422009771252,1,0,1,1,1011,LLG Fault
0.018800016673802458,-0.8576566517226789,0.8387428256380927,-0.04021296690856921,-0.014523049767378332,0.07001180013980568,0,1,1,1,0111,LLL Fault
0.006858237342518898,0.09481665928136865,-0.11087667554793197,-0.8914365502496369,0.8369476423927205,0.05586347366312642,0,0,0,0,0000,No Fault
-0.023199042931480094,0.8382192841256367,-0.8202946726822025,0.5128966141918866,0.0005938219010504127,-0.4999679064104542,0,1,1,0,0110,LL Fault
0.06107631587600186,-0.25192635611972153,0.18986800609617896,0.6876140262400663,0.05070031031763707,-0.7262058596653964,0,1,1,0,0110,LL Fault
-0.0228856180004746,-0.008551805260384083,0.022091950926608386,0.9248668876029735,-0.7473794138143562,-0.15086321458028562,0,0,0,0,0000,No Fault
-0.04510830018986032,0.11346386033745677,-0.07790853340637505,-0.9566387870532141,0.24546305795300472,0.7239474811235086,0,0,0,0,0000,No Fault
0.06280799781648148,-0.40310250205478704,0.33977835171828097,0.5844045216677363,0.04659699458113678,-0.6185415482845134,0,1,1,0,0110,LL Fault
-0.05846221292973677,0.8572848091795114,-0.8045504117796419,0.07911573243224143,-0.0376240300053898,-0.026093903409947834,0,1,1,0,0110,LL Fault
-0.7210942271687927,-0.22767186868408615,0.9404163419309083,-0.030289477280701964,0.03184547073711068,0.012813567728620717,0,1,1,1,0111,LLL Fault
0.7975274343425914,-0.9056628995644392,-0.03470398042578987,0.011005591147164942,-0.1796837458188325,0.18695232513700918,1,0,1,1,1011,LLG Fault
0.019183013508789124,-0.8536866220255399,0.8346953398155379,-0.34910675549085995,-0.019926174559251626,0.38523017630347595,0,1,1,0,0110,LL Fault
0.042060255812613634,-0.8320770796431508,0.7905220193338095,-0.03597262338160317,0.00655664017308185,0.044280505523286225,0,1,1,0,0110,LL Fault
0.8266769335391937,-0.749822064180882,-0.0703885585395603,0.045421210717461094,-0.49416205805613594,0.47289148181717294,0,1,1,1,0111,LLL Fault
-0.008448252223904988,-0.7433149885361006,0.7514089412770292,-0.6072132780557319,-0.04581817493790321,0.6704043256283412,0,1,1,0,0110,LL Fault
0.05852710372284409,0.024397762841514983,-0.09108311715353681,-0.0815382650031839,0.9000111449170565,-0.8204422158187261,0,0,0,0,0000,No Fault
-0.0322424918579655,-0.006091600683071893,0.031184455019759603,0.8981055031996555,-0.6848601632759679,-0.18773652986007375,0,0,0,0,0000,No Fault
0.023154085954566236,0.08395204514992106,-0.11607331627202938,-0.7537119318385138,0.9474694591514459,-0.1948454114440269,0,0,0,0,0000,No Fault
-0.9925483279136844,0.5996879731157291,0.3771351982004646,-0.003713375193678318,0.05163158518284544,-0.033994578300238415,1,1,1,1,1111,LLLG Fault
0.3942750284857087,0.07758167236078913,-0.06092632570242841,-0.5892039865718803,0.6995708873975001,-0.10718667008656392,1,0,0,1,1001,LG Fault
-0.052872400960620056,0.11765032430806112,-0.07477282328911718,-0.9225795209980284,0.1432937172726283,0.7939060779071647,0,0,0,0,0000,No Fault
-0.04397226700567729,-0.8260260116489979,0.869158372283988,-0.04219626230654336,-0.010223129275780903,0.0676188355506458,0,1,1,1,0111,LLL Fault
0.4553832762388979,-0.9802458291586696,0.5265523011518798,-0.01925874901687278,-0.0447981770207572,0.07985167301048962,1,1,1,1,1111,LLLG Fault
-0.789160144271749,-0.021107610835675663,-0.03708477036246796,-0.16667370493324546,0.7083181702145893,-0.5397504276066498,1,0,0,1,1001,LG Fault
0.21332182093330648,-0.9541315677396496,-0.06855478290927652,-0.031629654239342594,0.2570932379631135,-0.21536488949497032,1,0,1,1,1011,LLG Fault
-0.3419619514216838,0.9785449700824105,-0.6455335546401122,0.06779935593771624,0.004747638864738869,-0.05792325954142126,0,1,1,1,0111,LLL Fault
0.5997613051025107,0.3738176322161512,0.04902755364985916,0.08949247793061033,-0.6078697793710098,0.5445688729243773,1,0,1,1,1011,LLG Fault
0.9625047530440535,-0.3141554899366998,0.017646416269951736,0.06523557725943632,-0.5603147106305048,0.5204325840728931,1,0,1,1,1011,LLG Fault
-0.8275993813041627,-0.008397952754165244,0.823929581776837,-0.022591043087890214,0.03910903018573344,-0.002306674548228721,1,1,1,1,1111,LLLG Fault
0.5174351833127065,0.08158770275717886,-0.05705949026072769,-0.5617400292554461,0.5979845901574541,-0.031209385202953265,1,0,0,1,1001,LG Fault
-0.0916846145762174,-0.8009505298847848,0.8890589196915379,-0.043532444495556086,-0.006988307774862149,0.06566235466254264,1,1,1,1,1111,LLLG Fault
0.8014429200351789,-0.9120754969222911,-0.03470912816788389,0.011644869410672564,-0.18008448350247755,0.18671969433001906,1,0,1,1,1011,LLG Fault
-0.6207761318996516,0.004679044963083169,-0.05292932326450641,-0.3629707457436681,0.8893450954268362,-0.5273951570458009,1,0,0,1,1001,LG Fault
-0.012398178503309834,-0.015854111623330853,0.01916756550789172,0.9677044880532054,-0.6548303570574718,-0.2881197011252802,0,0,0,0,0000,No Fault
0.04695397853501438,-0.025241605697180217,-0.023215920625080808,0.8800661843366908,-0.01220766551584838,-0.8550664907024482,0,0,0,0,0000,No Fault
0.058450427768798885,0.024984982823977157,-0.09185890042775452,-0.051930427154655845,0.888778576100673,-0.8386828251635605,0,0,0,0,0000,No Fault
-0.8501758494551379,-0.022783754857443377,0.8627655354103815,-0.039064986227324454,0.04372319042479386,0.009509224512064332,0,1,1,1,0111,LLL Fault
-0.7483555956428126,0.22558986760766847,0.5127665406191557,0.14215646007645372,-0.002885417642320913,-0.12469959332886119,0,1,1,1,0111,LLL Fault
0.8806272321551816,-0.028140571840207115,-0.850134033814494,0.07853964685221769,-0.07782177696499791,0.015444268351587753,1,1,1,1,1111,LLLG Fault
0.05462592313024564,0.04022709329607608,-0.10281365856078915,-0.20956478497127468,0.9516947630158629,-0.7447406692483882,0,0,0,0,0000,No Fault
-0.26525256978427386,-0.706071790848879,0.9683883533371421,-0.04448504492493001,0.0037280600784879055,0.05569775166858089,0,1,1,1,0111,LLL Fault
-0.5972862355803784,-0.38394161827020445,0.9743380801363821,-0.047930567443597305,0.027161749333866503,0.03527402959995844,0,1,1,1,0111,LLL Fault
-0.37500951036102953,-0.5926527176731474,-0.07402641889665088,-0.04847037610783177,0.5164851782826543,-0.46279381807787906,1,0,1,1,1011,LLG Fault
0.045990309050799094,0.052493246576024055,-0.10709217656772708,-0.42885159177643895,0.9930238365023651,-0.5669858546210662,0,0,0,0,0000,No Fault
-0.07656711187017225,0.052711790585382653,0.013838251693669638,0.21798123830048197,-0.9179647139023553,0.731718925837555,0,0,0,0,0000,No Fault
-0.06543452075787505,-0.017733329538930864,0.02105499052932504,0.6940769928166288,-0.8531213048741632,0.1882870484321038,0,0,0,0,0000,No Fault
0.04508188895106943,-0.02633056711708317,-0.019370756438166506,0.9097581886427103,-0.07358232621917353,-0.822297876722068,0,0,0,0,0000,No Fault
-0.011712740447219584,0.10461522527132848,-0.10215104460937027,-0.9774641427878811,0.664814579295677,0.31751869061505383,0,0,0,0,0000,No Fault
0.005094147585725419,-0.02154402229462619,0.007394316572424588,0.9932665814345537,-0.45491592432887507,-0.5174576780427673,0,0,0,0,0000,No Fault
-0.005593681532197129,0.7437211472720573,-0.7428134865375479,0.6624025400893162,0.016598712184399476,-0.6661788055745215,0,1,1,0,0110,LL Fault
-0.0036795589502482875,-0.7695154785922136,0.7728676595322408,-0.5712231189676003,-0.04188289023366666,0.6303087860904879,0,1,1,0,0110,LL Fault
-0.0488984141669645,0.8808429490393301,-0.8376350921417394,0.22054502684645136,-0.026117796225062623,-0.1796227315378724,0,1,1,0,0110,LL Fault
-0.6344431172692091,-0.35485720964954504,0.982093092445125,-0.04688842431057558,0.029149758372778653,0.032203389024187734,0,1,1,1,0111,LLL Fault
0.20887068191011654,-0.033644178976947534,0.045029787629707586,0.6083049619238304,-0.9869968685476673,0.41070253236473686,1,0,0,1,1001,LG Fault
0.44134223245680243,0.07965891627021589,-0.059213644905910655,-0.579009993972067,0.6560699148329824,-0.0730812188250492,1,0,0,1,1001,LG Fault
-0.074444261345322,0.10194883769748209,-0.03726069197013142,-0.6328864339268874,-0.33019270839939985,0.9859165178189778,0,0,0,0,0000,No Fault
-0.05428320970108538,0.8711779623125884,-0.8226170351891319,0.14389395626311596,-0.032453333523145125,-0.09631268537401555,0,1,1,0,0110,LL Fault
0.45021146792615396,0.5466406292968162,-0.9976234524918954,0.0905532068567835,-0.04944541461694025,-0.025515987117128214,0,1,1,1,0111,LLL Fault
-0.06845084498237154,0.7910176157710345,-0.7282090177330434,-0.10307977159170326,-0.05129564287000221,0.17051568462501918,0,1,1,0,0110,LL Fault
-0.8183176811971837,0.012912167126139613,0.7933604962799436,0.02174276551640297,0.027810894085664103,-0.03524548419251963,1,1,1,1,1111,LLLG Fault
0.7190150930829543,-0.9481977393083286,-0.04201426588959441,0.00244132805249574,-0.10482790655771865,0.11926295055530209,1,0,1,1,1011,LLG Fault
-0.004555853139156655,-0.023275885928739984,0.01924515714795654,0.9874545583750889,-0.5883125055391727,-0.3757022614834794,0,0,0,0,0000,No Fault
-0.058552604433514954,-0.228330682274683,0.28451893664579003,-0.814720157206503,-0.0806944094967539,0.9139994036630069,0,1,1,0,0110,LL Fault
-0.8965902283104705,0.06933692425324185,0.8140212711399878,-0.035468831784001446,0.04664356342193511,0.0029277445186332227,1,1,1,1,1111,LLLG Fault
0.02055425868390628,0.08375047495932583,-0.11335855666853215,-0.7819513069964826,0.9289009507028767,-0.14761029465129044,0,0,0,0,0000,No Fault
0.0549236346602863,-0.7292332192316757,0.6745549700161827,0.2102550249171454,0.024584636448438738,-0.22097004103094367,0,1,1,0,0110,LL Fault
-0.8051277296361674,0.16584711059548923,0.6270024115483058,0.08151020293889386,0.01676546478652003,-0.08391634049314532,1,1,1,1,1111,LLLG Fault
-0.035965398496280096,0.0008348505921107561,0.025639203780963606,0.8403510777220332,-0.8484651571053619,0.03688066063923802,0,0,0,0,0000,No Fault
-0.9028525288192013,-0.025013633688943476,-0.035203365818272644,-0.15082899803864946,0.6763841778996584,-0.5230971529948248,1,0,0,1,1001,LG Fault
-0.03377409488358146,-0.004430572169468626,0.029169131988186568,0.8511983426136638,-0.8449552352385539,0.02242810980494992,0,0,0,0,0000,No Fault
0.9612597069827207,-0.24142305710059891,-0.7161232634506551,0.06848393182982047,-0.08274126516063704,0.03053948908072342,1,1,1,1,1111,LLLG Fault
0.032937138518589884,0.07104415082268813,-0.1128932886473492,-0.6400472204794626,0.9829509009218184,-0.34496622199478744,0,0,0,0,0000,No Fault
-0.1686611128616503,-0.7529649936422359,0.9195744484444911,-0.04540878236255029,-0.0017093428238830147,0.06216452236023523,0,1,1,1,0111,LLL Fault
-0.08225197005903652,0.0768936579658093,-0.004375705605418346,-0.19888808638168134,-0.719545628546932,0.9475090521991165,0,0,0,0,0000,No Fault
0.04421480420997565,0.05613520352726063,-0.1091231116795201,-0.45776250596408286,0.9962319226306311,-0.5412672571125866,0,0,0,0,0000,No Fault
-0.07392828647292923,0.04493085958992665,0.019445519474987537,0.2661393472629153,-0.9343735800196237,0.7001533908765227,0,0,0,0,0000,No Fault
0.8775880559345478,-0.7779438227663591,-0.09269626790579256,0.035991802880738964,-0.31728271786519596,0.30210999312919096,0,1,1,1,0111,LLL Fault
-0.07665296538337013,0.1029736782772149,-0.036376864925602645,-0.5976180519202313,-0.3705482282030721,0.9916759606543106,0,0,0,0,0000,No Fault
0.30814500226858044,0.07417627529165068,-0.06287855152403557,-0.6006279636418171,0.7594760784193224,-0.15677438950566927,1,0,0,1,1001,LG Fault
-0.8203604754341801,0.8995143398218066,-0.0943422391925534,0.029645510220072557,0.03855650076917519,-0.05411869973734858,1,1,1,1,1111,LLLG Fault
-0.01517901584439836,-0.6987532048894354,0.7133663011436917,-0.6562222203212301,-0.05149591623413051,0.7253286824299292,0,1,1,0,0110,LL Fault
-0.004141887607002456,-0.020980009284101465,0.01626705541065174,0.9878383736700456,-0.5737096631208001,-0.39096704796804904,0,0,0,0,0000,No Fault
-0.6147534932801483,-0.07203458014940951,0.03268138304733064,0.5696728852135898,-0.5294680587542122,-0.016774087594823673,1,0,0,1,1001,LG Fault
-0.9998066250517511,0.4826848298267057,0.5017023196008367,-0.012653184459512919,0.05252667076540542,-0.025943139268263228,1,1,1,1,1111,LLLG Fault
-0.4003432864303198,0.9874951385707753,-0.5967226611459915,0.06446097350228444,0.008818493803464077,-0.05872413375346976,0,1,1,1,0111,LLL Fault
-0.050284409187732956,0.011794994783866343,0.02912005630074202,0.6949190784129623,-0.9338798729540463,0.26973381377881983,0,0,0,0,0000,No Fault
0.04366469805835136,-0.026687005647830955,-0.025123522487355367,0.8043087859857193,0.11986560941669763,-0.9136878149827348,0,0,0,0,0000,No Fault
0.9523789697783155,-0.7293101878479726,-0.2178867584510415,0.03315834024874039,-0.08063762454267204,0.06381517278901125,1,1,1,1,1111,LLLG Fault
-0.0658059012575762,0.10897358839899815,-0.05287635597961098,-0.785731605682579,-0.12164641405818616,0.9266631298514947,0,0,0,0,0000,No Fault
0.9885029987340271,0.06814603335104888,-0.01208066555007788,-0.12037030715167754,-0.28842057957324685,0.42947680445843434,1,0,0,1,1001,LG Fault
0.02636196210417075,0.8464315052147633,0.053337077899614255,0.08346552014793851,-0.4095526739026292,0.34853133412893045,1,0,1,1,1011,LLG Fault
-0.01663435052790073,0.10439628038690205,-0.09679054294497301,-0.9883859070905343,0.6028267543668882,0.39163355049958504,0,0,0,0,0000,No Fault
0.4776500868312777,0.5208652590780207,-0.9990592559542876,0.0905063139517196,-0.0512733803845846,-0.02360631568434013,0,1,1,1,0111,LLL Fault
-0.7273997937301632,-0.19770449449129296,-0.06368029243496465,-0.044634282216138035,0.5918859670023634,-0.5434717141696822,1,0,1,1,1011,LLG Fault
-0.01920049536835351,0.11050317667195803,-0.10091269734162611,-0.9935091572006325,0.5952897354741044,0.4044504285456589,0,0,0,0,0000,No Fault
0.6501444815924082,-0.9642513419410338,0.31742022372273865,-0.004855103049017231,-0.05852183008352761,0.0793939191800036,1,1,1,1,1111,LLLG Fault
0.1870752212351147,-0.9414862357005847,0.7537202469721395,-0.03198408026577293,-0.02677168896931608,0.07424217312725644,1,1,1,1,1111,LLLG Fault
-0.007016199384624195,-0.023071191263146933,0.013377276206984264,0.633514467958223,-0.9076330289156244,0.3045563020618688,0,0,0,0,0000,No Fault
0.06055601951906961,0.01099394807373793,-0.08005545996663876,0.1809076562449687,0.7617659134871806,-0.9427152821443383,0,0,0,0,0000,No Fault
0.8007039541595744,0.0846043947906427,-0.0417618532463351,-0.42678592255123027,0.2586996970983906,0.17920206150773818,1,0,0,1,1001,LG Fault
-0.05749459789902827,0.11369397027902492,-0.06599226103895758,-0.8804568774112209,0.04858492594328073,0.8481777951106312,0,0,0,0,0000,No Fault
-0.5644993071623569,-0.07105546163734763,0.034866867421686216,0.5879561086914847,-0.580909258987347,0.01731159245560047,1,0,0,1,1001,LG Fault
0.41824295483747653,-0.4370754331526789,0.020896718131008993,0.07963812462452882,-0.8762429794978343,0.8279153428038651,0,1,1,1,0111,LLL Fault
0.9815837257748453,-0.5861203851004445,-0.05780620370509853,0.04643001092770143,-0.3859034947278863,0.36156707074220884,1,1,1,1,1111,LLLG Fault
-0.7317108657906718,0.949656824009696,-0.23253032578999688,0.03928864069880957,0.03217046548043654,-0.057280175753831084,1,1,1,1,1111,LLLG Fault
0.061450407578901245,0.00976162182386926,-0.07930352575619702,0.13705229901167096,0.7873755733778408,-0.9248392991139307,0,0,0,0,0000,No Fault
-0.26135593875758,-0.6911143837312729,0.9470902658655621,-0.04714698737824079,0.004559751708605515,0.057519277138996516,1,1,1,1,1111,LLLG Fault
-0.13174449635800034,-0.7939504478415792,-0.07452500834347546,-0.041923474964480595,0.4306339189967193,-0.3818776582802462,1,0,1,1,1011,LLG Fault
0.06123252890130469,0.003363508448762528,-0.07280058392199827,0.2588798673693067,0.7070021898270379,-0.9650912604269342,0,0,0,0,0000,No Fault
-0.04209701609215462,0.0026618840519719842,0.030303094596514396,0.779630217562711,-0.8972174449279137,0.14743993738782307,0,0,0,0,0000,No Fault
0.05242896607943418,-0.7565722119083242,0.704547676008521,0.15895674415341934,0.021037913594432835,-0.16592173077333583,0,1,1,0,0110,LL Fault
-0.04209257718137633,-0.8440664873235685,0.885571691728063,-0.04148663399544293,-0.01084195743225877,0.06753789890727983,0,1,1,1,0111,LLL Fault
-0.04651688470463685,-0.39142794893437594,0.4359898007310652,-0.8048930387234096,-0.07426290416983364,0.8975926788567387,0,1,1,0,0110,LL Fault
0.9711126534120398,-0.2721233078458982,-0.6926952753579818,0.06704579173916858,-0.08335343738904029,0.032605229407996636,0,1,1,1,0111,LLL Fault
-0.04065618261091222,-0.462474386564825,0.5014557642739684,-0.7889195963071326,-0.07060049147919875,0.8778449739058066,0,1,1,0,0110,LL Fault
0.9735446037208513,-0.28531821577366745,-0.6819600725191274,0.06604904655625328,-0.0834258612657852,0.033678415363122244,0,1,1,1,0111,LLL Fault
0.9743064862516309,-0.6598916113325762,-0.3092728920034635,0.03916594584771049,-0.08227852361504709,0.059463677635736074,1,1,1,1,1111,LLLG Fault
-0.8199176269268185,0.3039225874796128,-0.023067233150451102,-0.02771062241749865,0.42674166236726424,-0.3921620733931545,1,0,1,1,1011,LLG Fault
0.06177446166446103,0.010918410903067177,-0.07954901268714601,0.22467659389834174,0.7335567002164145,-0.9578557342596469,0,0,0,0,0000,No Fault
-0.47273979651906567,-0.5019334595922966,-0.0725429386894183,-0.048763870796285996,0.545764278993205,-0.4923342615960913,1,0,1,1,1011,LLG Fault
-0.08025979150474372,0.39996792334739606,-0.3242031501755888,-0.5732247715572527,-0.07962571148248224,0.6707747942614413,0,1,1,0,0110,LL Fault
-0.9990573121475135,0.48354199284378785,0.502367686374632,-0.012643287166956028,0.052504047406668905,-0.02593001012875505,0,1,1,1,0111,LLL Fault
0.9695764373031882,-0.34551807850548893,0.015787317827418452,0.0637064735178503,-0.5515546596946438,0.5130394538153303,1,0,1,1,1011,LLG Fault
-0.6283911537412781,0.9808261703068436,-0.36622916699702307,0.04857748987722875,0.0248127197138465,-0.059096281043191284,1,1,1,1,1111,LLLG Fault
0.9494298187205331,-0.19674640844160401,-0.746813979480995,0.07098256073286797,-0.08207247465955037,0.02735275241514198,0,1,1,1,0111,LLL Fault
-0.04310495321107202,0.00359461031676932,0.030366375980211982,0.7697937757576659,-0.9027532594407884,0.1629433239691366,0,0,0,0,0000,No Fault
-0.8893885440034838,-0.022712618887919696,-0.036760918606952644,-0.16976656774190085,0.6978488241936922,-0.5259813472573689,1,0,0,1,1001,LG Fault
0.014099382308638556,-0.02509193083580338,0.00217320257299697,0.983874700420956,-0.34489688016188164,-0.6201477209087234,0,0,0,0,0000,No Fault
-0.9999322116681033,0.5096162571352935,0.47481060513940326,-0.010720464259396767,0.052447456644507534,-0.027800266110442423,1,1,1,1,1111,LLLG Fault
-0.07913725653905883,0.1010787572373856,-0.03213428521612058,-0.5339785265640228,-0.43868863251205836,0.9973011901107376,0,0,0,0,0000,No Fault
0.3197569002711148,0.6580608368055448,-0.9801527349921676,0.08966826095115714,-0.04064233075149968,-0.033598832528288616,0,1,1,1,0111,LLL Fault
-0.4288947233250822,0.9904658332987383,-0.571397096712896,0.06273313449440154,0.010812820552856008,-0.05902388609068848,0,1,1,1,0111,LLL Fault
0.04197639011267109,0.8377222722163351,0.05353537839757229,0.08396272012896196,-0.4168277327494767,0.35544593182114875,1,0,1,1,1011,LLG Fault
0.9039798896664416,-0.7971659138718286,-0.021048143840030085,0.026285196844752737,-0.3037845394230348,0.29808800606827457,1,0,1,1,1011,LLG Fault
0.8950111510592483,-0.10112257192264831,0.029748752934730137,0.0758844423862126,-0.606980746103305,0.5573070833167816,1,0,1,1,1011,LLG Fault
0.03165889329683819,0.07357092528374594,-0.11430403795983021,-0.6528767232816771,0.9814873686582845,-0.3306114026149543,0,0,0,0,0000,No Fault
0.95574436214935,-0.69925535422896,-0.0109371412342194,0.037398973227931426,-0.38447342335051793,0.3691648454018719,1,0,1,1,1011,LLG Fault
-0.9851517946132482,0.5500179275071745,-0.02231205258941115,-0.008717699910061948,0.4429530207370051,-0.42772434301087964,1,0,1,1,1011,LLG Fault
-0.44378295016942854,0.9907463787041433,-0.559202379024294,0.06184159039373725,0.011824450416495113,-0.0591608054376845,1,1,1,1,1111,LLLG Fault
0.4137851535595337,-0.9760552910269273,0.5658300764057361,-0.021885087201894395,-0.04186062936651505,0.0794916819649849,0,1,1,1,0111,LLL Fault
0.7766679327976408,0.1575845126158889,-0.9333783616440728,0.08483327236485454,-0.07112608809465172,0.0023112075806966705,1,1,1,1,1111,LLLG Fault
-0.9710860947122087,-0.0625020633781153,-0.00015346408211130286,0.24718499919830375,0.12084482055747775,-0.35608478928563403,1,0,0,1,1001,LG Fault
-0.08127844026370488,0.06648672363552195,0.004825410539462902,0.001576604331860982,-0.8335176207915961,0.8626476783218813,0,0,0,0,0000,No Fault
0.9540867676875451,0.04792193876425766,0.0069813630246459285,0.0957694451387758,-0.5913938409826721,0.5214866699497817,1,0,0,1,1001,LG Fault
-0.0829499823356256,0.08885773537591994,-0.016096742494927683,-0.32237667304321416,-0.6285248460216053,0.9785769874960688,0,0,0,0,0000,No Fault
0.8950110868523714,-0.10112244259874047,0.029748746692502527,0.0758844308739082,-0.606980736393709,0.5573070833167816,1,0,1,1,1011,LLG Fault
-0.020682605291639865,0.10842505380459265,-0.09707738765970009,-0.9945900885764183,0.5675903423435177,0.43375925702552415,0,0,0,0,0000,No Fault
0.9958415427119411,-0.537661701767656,-0.4532372923610882,0.049453614068452466,-0.08419279960001705,0.051099337339333153,1,1,1,1,1111,LLLG Fault
-0.07938909096694616,0.33821506034714954,-0.26323633953659503,-0.6172523512198068,-0.08135883391616165,0.7166851096420799,0,1,1,0,0110,LL Fault
-0.07957671886842954,0.5399272105199705,-0.4653670138913265,-0.45272912090215583,-0.07356080813611779,0.543779694892501,0,1,1,0,0110,LL Fault
0.8755308739312085,-0.055704165948127986,0.0321053495437364,0.0779573840985742,-0.613405373799708,0.5617751890400894,1,0,1,1,1011,LLG Fault
-0.029862073468511715,0.1126365632781913,-0.0923363524030981,-0.996895687382308,0.4628898135486422,0.5427583510646045,0,0,0,0,0000,No Fault
-0.4317450058531328,0.028477723781337845,-0.06128972452502602,-0.49744320065626446,0.9599951632942016,-0.4645569533410623,1,0,0,1,1001,LG Fault
-0.0772784352496904,0.0959597956660024,-0.028309115377346587,-0.5437091012177764,-0.43000727785197396,0.9982114639248372,0,0,0,0,0000,No Fault
0.6013143332394667,-0.9738478273265506,0.3754573620564011,-0.008869588320512531,-0.05506265865687242,0.07989423470602411,1,1,1,1,1111,LLLG Fault
-0.07446904673712568,0.11205589130167574,-0.041153312541165374,-0.7370928580113136,-0.08469709821659083,0.840244947067748,0,1,1,0,0110,LL Fault
0.28910851764724815,0.6801876556039459,-0.9742590854744119,0.08928198531228798,-0.038596674222725516,-0.03529600713969257,1,1,1,1,1111,LLLG Fault
0.7530989445710212,0.09377911825824023,0.008693763223506738,0.17775718257585008,-0.6860993585598935,0.5357842682457071,1,1,1,1,1111,LLLG Fault
-0.061870426381668085,0.8423414678243598,-0.7860830437454444,0.0267795532865886,-0.041696480554394996,0.030530759406702287,0,1,1,0,0110,LL Fault
0.02851425514455193,-0.027434928103058552,-0.00962253990130496,0.9295462512137392,-0.1386986671368096,-0.7757863780103705,0,0,0,0,0000,No Fault
-0.05634575977236046,-0.2523824446536511,0.3062438448914587,-0.8152125861596587,-0.0796148933742452,0.913393136541807,0,1,1,0,0110,LL Fault
-0.544678888565343,0.99878441503499,0.0341834874617601,0.054506461503280514,-0.0704804565983489,0.03206053831386456,1,0,1,1,1011,LLG Fault
0.052683150705093995,0.040318193442782334,-0.10151787717317434,-0.2677718084734328,0.9650606109920755,-0.6999988159534509,0,0,0,0,0000,No Fault
-0.9935908544075521,0.5880943313373886,0.39206870412404704,-0.004724790341633086,0.0517759587843961,-0.03312759667762942,0,1,1,1,0111,LLL Fault
0.05880792045669028,0.023587655561660984,-0.0906780275685852,-0.05110326972790352,0.8875816402151769,-0.8382925276052423,0,0,0,0,0000,No Fault
0.03307110141940158,-0.8662725120999651,-0.07247226904098235,-0.03965445897275417,0.34744334470745886,-0.29938344747924894,1,0,1,1,1011,LLG Fault
0.02680362487555617,-0.024501602163993184,-0.011154248842246754,0.9332533727592043,-0.15132919607824333,-0.7666331136242522,0,0,0,0,0000,No Fault
0.8477237549169633,-0.87293213454424,0.029947097251557038,0.0158448606660906,-0.07286373520007844,0.07325314261483364,1,1,1,1,1111,LLLG Fault
-0.7714440076047185,-0.0059436030330189005,-0.046842792141150585,-0.2960397407247811,0.8272778152555148,-0.5312585061090729,1,0,0,1,1001,LG Fault
-0.0809917247039145,0.06570111723698746,0.005606308607571449,-0.02801011337193201,-0.8202863785633338,0.8788305118890308,0,0,0,0,0000,No Fault
0.9845022924294436,-0.47362399399058747,0.007162787352068718,0.05555826017046666,-0.505240331682098,0.47401605808035835,1,0,1,1,1011,LLG Fault
-0.005680221181784544,-0.02278460998608903,0.01986672141491774,0.9851866524984298,-0.6003928903881381,-0.36111871442064714,0,0,0,0,0000,No Fault
-0.08113951607039098,0.06820304317493547,0.0034987223812253353,-0.10449728985593926,-0.7797215943096149,0.9141859060413859,0,0,0,0,0000,No Fault
-0.6551296563398494,0.23935652361489732,0.4065337699774087,0.22929004134332479,-0.026755414068113426,-0.1877412145982479,0,1,1,1,0111,LLL Fault
0.008314833633500412,0.09259176472689076,-0.1099512835045649,-0.8834240242111787,0.844052937044414,0.04058957824026954,0,0,0,0,0000,No Fault
-0.06247488417451322,0.10902451612262688,-0.05609932718284738,-0.8219196563495562,-0.061580613371994615,0.9017414819943966,0,0,0,0,0000,No Fault
0.8872771025545729,-0.8232851852516704,-0.052022721502969924,0.021877123976477366,-0.09296799103261194,0.08769065149853222,1,1,1,1,1111,LLLG Fault
-0.42039732819197095,-0.5822110134103924,0.9956376845701334,-0.0487372115885181,0.014858838344951178,0.04861919143821682,1,1,1,1,1111,LLLG Fault
-0.04118638955927562,0.005244804486503744,0.026389908967392024,0.7961073512550798,-0.8816867810239852,0.11509373970217657,0,0,0,0,0000,No Fault
-0.07473030561543276,0.7041372488559153,-0.634860156354592,-0.2550440349713842,-0.06168563559912497,0.33346998994363497,0,1,1,0,0110,LL Fault
-0.8962309477662682,-0.02386680508216292,-0.03598534218917523,-0.16032015787619017,0.6872032473866891,-0.5246052083044135,1,0,0,1,1001,LG Fault
-0.9778892776816743,0.39883924905339185,-0.03306165001634327,-0.019116050714565756,0.5050177893594882,-0.4805409666860592,1,0,1,1,1011,LLG Fault
0.025501880603822764,0.07902986118776872,-0.11352995031894143,-0.7309145907226412,0.9543336159858768,-0.22469760689104296,0,0,0,0,0000,No Fault
0.04995522115195322,0.044235888907077595,-0.10247977552308926,-0.3553119138780032,0.9815473949991723,-0.6290262726440626,0,0,0,0,0000,No Fault
-0.41493640377352514,-0.5781935112482771,-0.07290771832190131,-0.048679242202003425,0.5373944081735788,-0.4838904143177082,1,0,1,1,1011,LLG Fault
0.19809355311279145,0.7447113836518874,-0.9487521703206278,0.08778599753662514,-0.03243049008023206,-0.04007925013762314,1,1,1,1,1111,LLLG Fault
0.03657907449756122,-0.026195379002336622,-0.018858406610227356,0.8701301397185645,-0.0007539719778744489,-0.8567751471272653,0,0,0,0,0000,No Fault
0.8085951543081814,0.05125263956864581,0.03613164091907371,0.1254058976422054,-0.6576840332212566,0.5593197959037504,1,0,1,1,1011,LLG Fault
-0.7201539988466338,0.9549133990218255,-0.24698189307830437,0.0403534712945801,0.031374310971767704,-0.05753656664260634,0,1,1,1,0111,LLL Fault
-0.034786613762274064,-0.529130962685916,0.5626167515622574,-0.7660277358828803,-0.06645386770789827,0.8506671126110875,0,1,1,0,0110,LL Fault
0.5110455711930103,-0.9804712912485923,0.4739216387467275,-0.01559135972313283,-0.048671027404291786,0.08012090446813577,0,1,1,1,0111,LLL Fault
-0.08068717173897925,0.08436148731220255,-0.013164276848774765,-0.36226648381103443,-0.5992352168724323,0.9887271067813176,0,0,0,0,0000,No Fault
0.8530340893403848,-0.859279257880944,0.013292234653179129,0.01642135739984303,-0.07307577659458814,0.07289118269309522,0,1,1,1,0111,LLL Fault
0.3264165628974642,-0.962794479072665,0.6391465138485489,-0.026871446144949435,-0.03577157825483828,0.07828666045300443,0,1,1,1,0111,LLL Fault
0.38503313144251095,-0.9725998351934035,0.5908690846001924,-0.023591620223556868,-0.03985379827570988,0.07915782552536628,0,1,1,1,0111,LLL Fault
-0.003064428403214365,0.7283771986353621,-0.7300335758121064,0.6786451566286883,0.018483771994932452,-0.684385315763881,0,1,1,0,0110,LL Fault
0.983267439888049,-0.5250392489779269,0.003216265549061381,0.05147120791047347,-0.48131051605346614,0.45373002378111466,1,0,1,1,1011,LLG Fault
-0.8583395041379498,0.868413053247529,0.007890747261941732,0.023139739251124055,0.2109827855748212,-0.2232940190990706,1,0,1,1,1011,LLG Fault
0.46928095623865956,-0.9808820064849857,0.5134122506518247,-0.018359116700057805,-0.04577163360762695,0.07994158667413723,1,1,1,1,1111,LLLG Fault
0.054059246370634736,0.03670665670106567,-0.09912651128913372,-0.2366596528746987,0.9557049265063724,-0.7216602323260928,0,0,0,0,0000,No Fault
0.3268234226590814,0.0008977748118804592,0.004960026497716029,0.5632130746530486,-0.9645915112793556,0.4330834328379171,1,1,1,1,1111,LLLG Fault
0.025028333646942486,-0.02894185715383924,-0.004521629293988898,0.9508833420360463,-0.2003857130547571,-0.7343223820944136,0,0,0,0,0000,No Fault
0.85593028882859,-0.8566238592196249,-0.027984391884098878,0.018631841546753947,-0.24310531397055293,0.24393094539938248,1,0,1,1,1011,LLG Fault
-0.04418362969133417,0.11785846380908574,-0.0835834889340853,-0.9676752385769466,0.27913250300466075,0.7007048180338162,0,0,0,0,0000,No Fault
-0.6000730874791761,-0.3959757516231637,0.9892656612109639,-0.0420091692692279,0.025258833576244914,0.03127595927345883,0,1,1,1,0111,LLL Fault
-0.07134111983753758,0.1034294403621197,-0.04169241707104058,-0.6905713250859146,-0.25829266435998977,0.9704898844312774,0,0,0,0,0000,No Fault
0.0017291194315909573,0.09709370030548031,-0.10793624159737181,-0.9230488118639487,0.7910133528233623,0.1343655092234997,0,0,0,0,0000,No Fault
0.0595838497452119,0.02608820231643734,-0.09318291919877644,-0.0076641628849109245,0.8706894223164913,-0.8646340254464538,0,0,0,0,0000,No Fault
-0.9911567379079299,-0.04873662268717145,-0.015912046320152563,0.07432062082377648,0.38628894627085725,-0.4532434508133282,1,0,0,1,1001,LG Fault
-0.08154464209938139,0.08618489696780543,-0.014400768353801819,-0.34924016007428377,-0.6088848448133756,0.9854989940332771,0,0,0,0,0000,No Fault
-0.9935809820350384,0.3992608354970004,0.5792165522329462,-0.018253986336248126,0.05236518076433,-0.020162934187822647,1,1,1,1,1111,LLLG Fault
-0.38458961452799667,0.12373579402574268,-0.010346006419278598,0.4777991734594684,0.019139978859571694,-0.4836755132906718,1,0,1,1,1011,LLG Fault
-0.4922090611503668,-0.49448833584191987,0.9810567097396709,-0.04876183969686629,0.020150176557797224,0.043252133763640864,0,1,1,1,0111,LLL Fault
-0.05895079763454757,0.10885860459769878,-0.05930106032172119,-0.8548939502101106,-0.001172500877967957,0.873248747766477,0,0,0,0,0000,No Fault
-0.061623075888501,0.025345591492166628,0.026763550131191444,0.5358640348037816,-0.9633028051470364,0.4591918167224432,0,0,0,0,0000,No Fault
0.970817922708864,-0.671259611267912,-0.29441054937981426,0.03810807361764422,-0.08199620092798184,0.06023667592422445,1,1,1,1,1111,LLLG Fault
-0.9479177778572908,0.7292266380792161,-0.007129745078397583,0.006820049478387791,0.3367167008649831,-0.3350509695267238,1,0,1,1,1011,LLG Fault
-0.01876939520471184,-0.013601767980038953,0.023362914786204017,0.9427251047607573,-0.7202723982824115,-0.19639018777945175,0,0,0,0,0000,No Fault
0.0590727484912832,-0.002595625433757489,-0.06495792970656503,0.40450068985058335,0.5923524758712109,-0.9942727830844622,0,0,0,0,0000,No Fault
-0.13230142612937168,-0.054493848307006994,0.045122618945641374,0.6502161853295036,-0.8832186235320818,0.2629325996124219,1,0,0,1,1001,LG Fault
0.045994491902743934,0.05085624247518399,-0.10519238149081948,-0.4413138125974346,0.9917854018034613,-0.5532286567861404,0,0,0,0,0000,No Fault
-0.002927634965976131,-0.011878633307522573,0.02258538330722159,0.9664715695900741,-0.580906048347595,-0.3622106492223198,0,0,0,0,0000,No Fault
-0.8203257947905107,-0.043768428739608595,-0.0005158946881375845,0.11806795810485934,0.30035354524404206,-0.4095406134121136,1,0,0,1,1001,LG Fault
0.0006787038037246757,-0.02012701906333189,0.010348953451140452,0.9925215363412644,-0.5078828985725914,-0.46273855432737954,0,0,0,0,0000,No Fault
-0.6602822710919521,0.25947402526085084,-0.011456176985515014,0.19464760799629244,0.2844785143344534,-0.4701470052123186,1,0,1,1,1011,LLG Fault
-0.028651961328890793,0.8573200865876629,-0.8340608182754321,0.4591915562681011,-0.004674329796489709,-0.4407523442821042,0,1,1,0,0110,LL Fault
0.020280505520401244,-0.8750808079267933,0.8548456495083998,-0.03722268531060566,-0.015655221029126556,0.06816724508356095,0,1,1,1,0111,LLL Fault
0.6591267638942028,0.30021904926745446,0.04676423226097999,0.08833642712397898,-0.6174303476606867,0.5554699832768287,1,0,1,1,1011,LLG Fault
0.053005478575205406,-0.7499703188029917,0.6973565705163267,0.17178713998153256,0.021938768295297215,-0.17970409196783138,0,1,1,0,0110,LL Fault
-0.978532210981994,0.3123218955541415,0.6515095637951747,-0.023505606863516097,0.051595255111054686,-0.01411285290048351,1,1,1,1,1111,LLLG Fault
0.0581904646146567,-0.002711923002183059,-0.0641118057728409,0.4319781034062499,0.5684310800805978,-0.9974477015457162,0,0,0,0,0000,No Fault
0.052442760700840294,-0.1824234985343411,0.12886067241725557,0.8331357310696615,-0.0032463734927885984,-0.8171429613392361,0,1,1,0,0110,LL Fault
-0.7149309441768779,0.4602907253452754,0.0026711850108155945,-0.1874091742397476,0.40028148717632733,-0.20507783602194984,1,0,1,1,1011,LLG Fault
0.9219142725163103,-0.12014782721419104,-0.7963756274829872,0.07461899344006782,-0.08038764775649558,0.021989879839293944,0,1,1,1,0111,LLL Fault
-0.017754007295987473,0.10484928883110387,-0.09613463046756596,-0.9901622984199303,0.590446677981836,0.40602965856619855,0,0,0,0,0000,No Fault
-0.08134505163155079,0.0684977225238427,0.003280999567485959,-0.08969940173456757,-0.7875644994607487,0.9073405224287601,0,0,0,0,0000,No Fault
-0.7917334454546975,0.9191124257778094,-0.1400164334060808,0.03290322429393648,0.036516841534212016,-0.05530668568787982,0,1,1,1,0111,LLL Fault
0.05127038784867964,-0.014467988943725325,-0.04546434862034447,0.653118012958893,0.3348079221296289,-0.9811173787013712,0,0,0,0,0000,No Fault
-0.6299895710533395,0.003780417403251989,-0.05200549304441861,-0.35433266739778074,0.8833213559128166,-0.5299180889030612,1,0,0,1,1001,LG Fault
0.054099765318484476,-0.18489869244075097,0.1296887882975962,0.7894456658583695,0.05754582634596754,-0.8352828925111652,0,1,1,0,0110,LL Fault
-0.05929233673349545,0.020411115122763317,0.029669826533816265,0.563613908423143,-0.9638005708237517,0.43187558663164155,0,0,0,0,0000,No Fault
0.0006192117893353848,0.09779816973775247,-0.10754222099490215,-0.9288656306205048,0.7814905386795598,0.14990127343031473,0,0,0,0,0000,No Fault
0.7495201904874791,0.01539026133791439,0.0280577487274698,0.35479630736685414,-0.8747103327115336,0.550465937570086,1,0,0,1,1001,LG Fault
-0.7172990499029452,0.47174935021558034,0.23505014822346249,-0.3836574834656316,0.12097173954190882,0.27630083720781135,0,1,1,1,0111,LLL Fault
-0.9746994361811925,-0.04114564752066608,-0.02284026716658193,-0.0047101203765936295,0.4951865838815612,-0.484967322009567,1,0,0,1,1001,LG Fault
0.9886846025722443,-0.6149379829481751,-0.36621729488527804,0.04365415915616611,-0.0834996800878256,0.056207895086019206,0,1,1,1,0111,LLL Fault
-0.009107413181578391,0.10212119718554452,-0.1021002595153513,-0.9699395822177002,0.686389424649788,0.287989921840338,0,0,0,0,0000,No Fault
-0.8658532239187803,0.8605427373787633,0.0069112011707796045,0.022045789103673188,0.21983671373984276,-0.23121911201219933,1,0,1,1,1011,LLG Fault
0.005557430263976238,0.6607126551519029,-0.6705837107582555,0.7358176811679483,0.02562598414897608,-0.7489871609671493,0,1,1,0,0110,LL Fault
0.9003481661529588,0.03691958382320806,0.015109958546454052,0.19262011686171454,-0.7085207706452313,0.5437288223626132,1,0,0,1,1001,LG Fault
0.059871144692937486,-0.002375150236158266,-0.06583074478917574,0.37658802402388675,0.6157554439647687,-0.9901331911215459,0,0,0,0,0000,No Fault
-0.9359477353653289,0.7681710754634241,0.15437024886689377,0.012195111511926125,0.04713758119458519,-0.04536595655498304,0,1,1,1,0111,LLL Fault
-0.8450305676257462,-0.037773871383079805,-0.013928024050229821,0.022194485316574263,0.45520516672137357,-0.47120313087136895,1,0,0,1,1001,LG Fault
-0.7535724841915875,-0.17451224297948248,0.9192895309867201,-0.028699195508902632,0.03311844570560464,0.00992193823748551,0,1,1,1,0111,LLL Fault
0.984350946873214,-0.540892328948159,0.0022117478017717584,0.050754948512036824,-0.47524250239984195,0.4482650202853246,1,0,1,1,1011,LLG Fault
-0.7828602336805935,0.9240399105455156,-0.15612288348390704,0.033967490786791246,0.03584326743881739,-0.0556874175418163,1,1,1,1,1111,LLLG Fault
-0.8765506462087779,0.25627427650940854,0.6090774352660433,-0.06776723331920145,0.052919245915326096,0.02891700149716972,0,1,1,1,0111,LLL Fault
-0.04315523484845566,0.8827857901728795,-0.845262309240978,0.29537278030302877,-0.01969283840239474,-0.261195750660831,0,1,1,0,0110,LL Fault
0.036220984165730045,-0.8515291112486102,0.815801915988323,-0.12663196628421666,-0.0006805107926209381,0.14255468714308075,0,1,1,0,0110,LL Fault
-0.6415690851645345,-0.3444532550980518,0.9764673137244639,-0.039217098305403444,0.028043207498406428,0.0256392743872199,1,1,1,1,1111,LLLG Fault
-0.09056301213629026,-0.799591686852415,-0.0741377863001483,-0.04349591595368486,0.40587016558475614,-0.35506736507147907,1,0,1,1,1011,LLG Fault
-0.06792065805344104,0.053727207467352114,-0.0660195362451766,-0.588730684490183,0.930044347875895,-0.34250827129811473,1,0,0,1,1001,LG Fault
0.976130311300183,-0.6224076551155684,-0.06901931822517904,0.04334962416778925,-0.3476000721516843,0.32562533733237614,1,1,1,1,1111,LLLG Fault
-0.6784244726113492,-0.29343036254626176,0.9618358510398439,-0.03211526461906188,0.02859152780508816,0.017959887004412173,1,1,1,1,1111,LLLG Fault
-0.8089181094726969,0.9111609511132276,0.013667406462740367,0.029676854935732543,0.15676374921418115,-0.17460053886048307,1,0,1,1,1011,LLG Fault
-0.05885694137848255,-0.0069831215076252215,0.031745848112542406,0.8110759421815267,-0.766679910906268,-0.017103838086517737,0,0,0,0,0000,No Fault
-0.0654427526107738,0.11418726879575776,-0.058850361951160925,-0.8072770132976761,-0.08724632837876893,0.9132127765955641,0,0,0,0,0000,No Fault
0.011042093056754753,0.8544141389421797,0.05311880464915793,0.08300094603759361,-0.4022114554867385,0.3415166106704553,1,0,1,1,1011,LLG Fault
0.12366450278353519,-0.9228026562291674,-0.07088306344022166,-0.03493088153462064,0.3067503193459835,-0.2626543103347155,1,0,1,1,1011,LLG Fault
0.7397599860310072,-0.9389531580619701,-0.040229583216544684,0.004560401213215711,-0.12371978824707755,0.1363886433329116,1,0,1,1,1011,LLG Fault
0.05384721046230946,-0.7433691087370272,0.6897963565020596,0.18480024430359857,0.022830643238105165,-0.1936604958850762,0,1,1,0,0110,LL Fault
-0.08027751035324697,0.4948286168049411,-0.4193304796916591,-0.4950859099589895,-0.07586990380595601,0.5886016916737956,0,1,1,0,0110,LL Fault
-0.05503945404288545,0.11125549538037495,-0.06571176020937586,-0.8931169585633787,0.07694684203072029,0.8319713135920013,0,0,0,0,0000,No Fault
-0.19182668509866443,0.9390356008243316,-0.7571196770516819,0.07524903883544411,-0.005690882425313111,-0.05475608631607154,1,1,1,1,1111,LLLG Fault
0.12554733157804726,-0.9073039055565174,-0.07057500160677545,-0.036143120609814006,0.29980735619368765,-0.25436414093696585,1,0,1,1,1011,LLG Fault
0.9836480098726519,-0.498376178609238,0.005200647438535745,0.053421867570079586,-0.49344085515571035,0.4641347250294868,1,0,1,1,1011,LLG Fault
0.7238970226072535,0.09563026776918696,0.005401436187039987,0.2205141064414394,-0.7197568268248536,0.527210158532686,1,1,1,1,1111,LLLG Fault
0.21689840091321821,-0.9402295060482976,-0.06814047981878488,-0.032125607602260665,0.24936770726351876,-0.2069954868451022,1,0,1,1,1011,LLG Fault
0.45523787027093593,0.08010008292993341,-0.05878797063963805,-0.5759412083257633,0.6447732610645728,-0.06464711369138029,1,0,0,1,1001,LG Fault
-0.5129473323120856,-0.46110944075333127,-0.07167471892856833,-0.04863198254781352,0.5562529471101904,-0.5031542060976422,1,0,1,1,1011,LLG Fault
0.058501599180107854,0.024749509470499042,-0.0919574916611562,-0.006753222195942217,0.8693332053630154,-0.8641654279559069,0,0,0,0,0000,No Fault
0.8064790718776946,-0.8993189387257049,-0.03376041404147504,0.012089882471221558,-0.18888312846426902,0.19523911413586506,1,0,1,1,1011,LLG Fault
0.004636299597957929,0.09292111583113177,-0.10637305499094578,-0.9091218279260614,0.8071496009947914,0.10395914437364859,0,0,0,0,0000,No Fault
0.6799308841818816,-0.9653354338957494,0.2913924657263863,-0.0020557119042072733,-0.0608295809743165,0.07893865365289837,0,1,1,1,0111,LLL Fault
-0.6433417449059526,0.9848444356096071,0.0279069971263584,0.04659312219033018,0.0060150874548290205,-0.037952308100622986,1,0,1,1,1011,LLG Fault
-0.06433980923184641,0.11299374176825458,-0.05864302592399442,-0.815513678969019,-0.07324496306877878,0.9072042181494652,0,0,0,0,0000,No Fault
0.042376027358014864,0.057954973177367135,-0.10898617013846541,-0.4981334126436815,0.9961299670175783,-0.5006854282306591,0,0,0,0,0000,No Fault
-0.7688977634031381,-0.1557094553752781,0.9134304636340664,-0.042875904353903385,0.037508866105212146,0.019662496637647194,1,1,1,1,1111,LLLG Fault
0.7941756182217578,0.10053570094492705,0.03927631856224178,0.08350523924274433,-0.6249154218330067,0.5679410959853277,1,0,1,1,1011,LLG Fault
-0.037389364277082206,0.8770447620596933,-0.8450959447975793,0.3674962490507006,-0.013251581404534137,-0.3400739190836703,0,1,1,0,0110,LL Fault
0.8634433153334071,-0.8487523341231654,-0.027004833689515173,0.01972567492654587,-0.2519591676953383,0.25185607953688793,1,0,1,1,1011,LLG Fault
-0.07035228698874739,0.04044014124044234,0.01998950560616447,0.38176468464795593,-0.9538284192316708,0.6040455337653277,0,0,0,0,0000,No Fault
0.5748289937215798,0.08323579486376184,-0.05442926586215242,-0.5417979781007205,0.536113550631379,0.011840829089890549,1,0,0,1,1001,LG Fault
-0.0654781704466038,0.8191058791739145,-0.7592108402237348,-0.03841770362302681,-0.046609248091319354,0.10090686018835827,0,1,1,0,0110,LL Fault
-0.38915117818834477,0.03202377971508258,-0.06229161758931174,-0.5136923940106805,0.9633173646862747,-0.4516499274768808,1,0,0,1,1001,LG Fault
0.09926938099577522,-0.04830449263606017,0.0469371965432698,0.6332681046439954,-0.9730194503380051,0.3714305453930712,1,0,1,1,1011,LLG Fault
0.9212552676016948,-0.7686691197519866,-0.018029836529940266,0.029550661988709814,-0.3287674804921816,0.32027091245581224,1,0,1,1,1011,LLG Fault
-0.7527017090585117,0.9400598811419723,-0.2020925563655316,0.03717599633779131,0.033673420322095,-0.056693406113860076,1,1,1,1,1111,LLLG Fault
-0.050661441181254166,0.013268688679574092,0.027874643963236266,0.6940467138114336,-0.9326175219018689,0.26932218507899475,0,0,0,0,0000,No Fault
-0.058789534953158674,-0.21292022734371036,0.26907919233880573,-0.813729771749463,-0.0807513368582441,0.913064400169781,0,1,1,0,0110,LL Fault
-0.04411755508393534,0.11343435946049563,-0.0788615062337354,-0.9609492026878523,0.26040907633325866,0.7130396825281726,0,0,0,0,0000,No Fault
0.8813454616964564,-0.7809330285985329,-0.09342707781282768,0.034921939763329336,-0.29739377070623435,0.28291632236513814,0,1,1,1,0111,LLL Fault
-0.5125999654217029,0.9926012757819708,-0.4928372441112239,0.05730684599549897,0.016645518910300396,-0.05952659263056062,1,1,1,1,1111,LLLG Fault
0.03472952340385176,-0.8553701543123317,0.8210207364341888,-0.15204696037374613,-0.0027860253626186254,0.17018253229775546,0,1,1,0,0110,LL Fault
-0.8149013855463751,0.190790889432664,0.6136469603768033,0.062233303129514514,0.018579390478313314,-0.06643668367391235,0,1,1,1,0111,LLL Fault
0.719015467133228,-0.9481984580972221,-0.04201427224389074,0.0024413905478624966,-0.10482795186916676,0.11926293241657633,1,0,1,1,1011,LLG Fault
-0.6651491517903738,-0.3093311486939919,0.9646208333281078,-0.02540330169979308,0.026320208936848284,0.013544550132322822,1,1,1,1,1111,LLLG Fault
0.03562058009892236,-0.8536509942720404,0.8184159430502106,-0.13924803589664128,-0.0017313916981880947,0.15627502708723953,0,1,1,0,0110,LL Fault
-0.7485930798111207,0.21640637470330787,0.5222141338411641,0.1449230872029323,-0.0016319945636877938,-0.1287507639505683,0,1,1,1,0111,LLL Fault
-0.23702988588978863,0.9539781354691009,-0.7250075588375302,0.07315139007321841,-0.0025345646265164615,-0.055869090072214966,0,1,1,1,0111,LLL Fault
-0.05407283439963223,-0.2910709888348113,0.3429078951086234,-0.8150707282555731,-0.07833733385816179,0.9119490977423897,0,1,1,0,0110,LL Fault
-0.010213693560324574,0.106445318993337,-0.10575455086120042,-0.9724992773171469,0.6900934203036629,0.28678211850741425,0,0,0,0,0000,No Fault
-0.33621417690291094,-0.6341092678337151,0.964120664474422,-0.04812472245735665,0.00962652152980457,0.05333668485317711,1,1,1,1,1111,LLLG Fault
-0.08262574845950667,0.0792917271310421,-0.006547472087272533,-0.215049832271851,-0.7080298049222649,0.9519792916961651,0,0,0,0,0000,No Fault
-0.029205832275606795,-0.5813882442295998,0.6094074668829278,-0.7412419731043443,-0.06265478112535994,0.8219444584911929,0,1,1,0,0110,LL Fault
0.05933782858308379,0.020562173535456953,-0.08858748803653614,0.05581567529692137,0.8370938349252596,-0.8940490446228838,0,0,0,0,0000,No Fault
-0.9543018224042679,0.28128705215388566,-0.040466357006367214,-0.02594827774408965,0.540497784400053,-0.5098439066759491,1,0,1,1,1011,LLG Fault
0.7072003886167341,0.01044155794441659,0.030555812649444895,0.38764192326724967,-0.9027459157496621,0.5461008433194077,1,0,0,1,1001,LG Fault
-0.015513044355233225,0.10392738154681687,-0.09743215028755324,-0.9863654631308663,0.6150613211276548,0.37714101366882197,0,0,0,0,0000,No Fault
0.028273365061420763,-0.023316419019841085,0.003251083349850775,0.9988529074108093,-0.3838102886891154,-0.5955137878708324,0,0,0,0,0000,No Fault
-0.027570247772922413,0.8539141251899237,-0.8317142512787865,0.47016243863979795,-0.0036140451471730617,-0.4528327175069662,0,1,1,0,0110,LL Fault
-0.7677793515023961,-0.16153522952571192,0.9201747416204384,-0.04347197529437101,0.03839466931397292,0.019357535188182014,0,1,1,1,0111,LLL Fault
-0.031911145600714196,-0.5655689036559093,0.5964331106553358,-0.7517782347371382,-0.064814486569035,0.8347093427043313,0,1,1,0,0110,LL Fault
0.17829248961097352,-0.03577492523495792,0.04531330460953321,0.6151223002545311,-0.9822172276635656,0.3989967798922016,1,0,0,1,1001,LG Fault
-0.051232869826255814,0.11470909133367235,-0.0732209319767429,-0.9267146371289047,0.15595399317974834,0.7851516313335518,0,0,0,0,0000,No Fault
-0.8339009752911097,-0.030701215345694567,-0.027449414015811247,-0.07884519985722664,0.5960213729537239,-0.5133839824216024,1,0,0,1,1001,LG Fault
-0.04935104844668441,0.11484260621422976,-0.07522121372769904,-0.937900059516229,0.18637794264792298,0.7653654195167825,0,0,0,0,0000,No Fault
-0.08008377763252424,0.09428105272077429,-0.024109989035813545,-0.4643597208115206,-0.507924407095595,0.9980474403746138,0,0,0,0,0000,No Fault
0.13622536248692033,0.7843479061513213,-0.9271770180463701,0.08643533780251797,-0.028217548149819915,-0.043017900152882385,1,1,1,1,1111,LLLG Fault
-0.06826359475975466,0.10916087248717399,-0.05076357474058545,-0.7567846497590786,-0.16601348258806745,0.9428484319343242,0,0,0,0,0000,No Fault
-0.0709926934884712,0.04155353480203063,0.019507274751706397,0.367277794851576,-0.9517551486118037,0.6164582183401676,0,0,0,0,0000,No Fault
-0.7803827481486401,-0.10553316369917311,0.8745094124123578,-0.0008964573877220071,0.03005426550001416,-0.014832181997365183,1,1,1,1,1111,LLLG Fault
0.042005898451554814,0.23443619612559483,-0.27918771743921894,0.8441871831260312,0.048665028492214824,-0.8811202160103255,0,1,1,0,0110,LL Fault
-0.7029036263247777,0.47876597602193144,-0.009358649064483528,-0.352301354178141,0.39602413679023224,-0.03541035861387913,1,0,1,1,1011,LLG Fault
0.9690506244677417,0.05204791946475185,0.0036009188652956874,0.05637725866262696,-0.5404024102748388,0.5090242209563012,1,0,0,1,1001,LG Fault
-0.6771438592184211,-0.10196334075483332,-0.02587642808703384,0.31563459722485665,-0.03272751633221005,-0.26822925264740444,1,0,0,1,1001,LG Fault
-0.08257218163431476,0.07380288587769437,-0.0012336712968509765,-0.10781215758732013,-0.7749248305529243,0.912621772387613,0,0,0,0,0000,No Fault
0.003532712209360722,0.09365247477160116,-0.10601229937631121,-0.9153923614006805,0.7980120199280493,0.1195572810624903,0,0,0,0,0000,No Fault
-0.04386790725062889,0.11631640941969704,-0.08228044847455064,-0.9667565747763381,0.27780359914480107,0.7011378421851758,0,0,0,0,0000,No Fault
-0.06359234906903818,0.02718145477420792,0.0270089912372415,0.49656762083257766,-0.9655394089729574,0.5008714606511433,0,0,0,0,0000,No Fault
0.03860180635765815,-0.02675411512597438,-0.008192794166672195,0.9721783965011325,-0.23959314756879735,-0.7157224396451275,0,0,0,0,0000,No Fault
-0.06361290893619279,-0.13240558088621532,0.19319788016534634,-0.8054686539435676,-0.08259103181788575,0.9066559883548326,0,1,1,0,0110,LL Fault
0.7464445668036603,0.20506379167501923,-0.9487436980375907,0.08599663019555208,-0.06910054337577581,-0.0009192153814170569,0,1,1,1,0111,LLL Fault
-0.9472687825460844,0.7472073255773376,0.18426141656595127,0.010016190814458852,0.04796698297830708,-0.04402640011395792,1,1,1,1,1111,LLLG Fault
0.02981238559778639,-0.028774659048181793,-0.009430636774408807,0.9246764609312259,-0.1246798747202219,-0.7851884958202188,0,0,0,0,0000,No Fault
0.26708366558338525,0.07298203565321887,-0.06334846250739143,-0.6041104538145379,0.7779392426058264,-0.17209619919713817,1,0,0,1,1001,LG Fault
0.06081056449452161,0.003835708327399537,-0.07299009948760889,0.2731308207100183,0.6972145464516738,-0.9694066182915481,0,0,0,0,0000,No Fault
0.1036885015981424,0.801890240566742,0.054179921940572764,0.08569971635269011,-0.44486029772150754,0.3822688545299779,1,0,1,1,1011,LLG Fault
0.966832079278904,-0.6499870611156493,-0.006862397140149674,0.04130461623975448,-0.4140266421394934,0.3953628807630094,1,0,1,1,1011,LLG Fault
-0.3170584648589991,-0.6413132419321551,-0.07452793784218635,-0.047925921406463165,0.4968404242271707,-0.44332217463933343,1,0,1,1,1011,LLG Fault
0.17399374832290337,-0.9224942601560618,0.7475900944674122,-0.034232441538785165,-0.02523672158956565,0.07493239946312583,1,1,1,1,1111,LLLG Fault
0.7358349219836642,0.19336862716578482,0.04300599004010255,0.08610190528547425,-0.6246290292069413,0.5650457167248831,1,0,1,1,1011,LLG Fault
-0.459100159887829,-0.5152953098713848,-0.07280159669821268,-0.04877347370277316,0.5419896282273278,-0.4884783527083355,1,0,1,1,1011,LLG Fault
-0.4457385677454912,0.02728407695940966,-0.060930477388960784,-0.49176946339729044,0.958405634457859,-0.46862604172588107,1,0,0,1,1001,LG Fault
-0.41962726685809415,-0.5819008930929938,0.9968772726291062,-0.0487182623354705,0.014820566353955573,0.048639190207867056,0,1,1,1,0111,LLL Fault
0.8884865095037353,-0.08558425260288825,0.030546251630016175,0.07654903456248785,-0.6092432858784729,0.5589462024628924,1,0,1,1,1011,LLG Fault
0.48306113041924686,-0.9812726443410901,0.5001423778432881,-0.017450006467489204,-0.04673759924116398,0.08001436089090616,1,1,1,1,1111,LLLG Fault
-0.9311601784198599,0.7771112880441389,0.13829310890545338,0.013266037050570669,0.046738911654893286,-0.046033486397987516,1,1,1,1,1111,LLLG Fault
-0.007046334911654265,-0.7502907981039383,0.7569130409384889,-0.5982755114016214,-0.04484471187796944,0.6604509257710057,0,1,1,0,0110,LL Fault
-0.03835062351653035,0.11031166719098044,-0.08118866871111213,-0.9773223572468519,0.3318346836186676,0.656675227977585,0,0,0,0,0000,No Fault
0.6171809628984953,-0.9780401942699475,-0.0496302847462913,-0.006839179639075887,-0.019001575041309927,0.04111304537627431,1,0,1,1,1011,LLG Fault
0.05984768555747727,0.025029744826973916,-0.092352140330344,0.007973508371913521,0.862940128998893,-0.8724168068641074,0,0,0,0,0000,No Fault
-0.0779107595844491,0.6320140962970178,-0.5592667614943561,-0.3515521186060489,-0.06779604296725708,0.43646029468010655,0,1,1,0,0110,LL Fault
0.3146215412302002,0.6531513281280595,0.05443487102392716,0.08969301076100901,-0.5289600413623612,0.4639606377844106,1,0,1,1,1011,LLG Fault
0.04546319611652899,-0.02093433231669105,-0.033079251921484684,0.7632556206764314,0.18446243839905593,-0.9383484614167615,0,0,0,0,0000,No Fault
-0.07276403038736222,0.0723863560930043,-0.0031610111713657246,-0.7527277761827709,-0.08458318361776826,0.8558052397787308,0,1,1,0,0110,LL Fault
-0.29392574461310783,0.9729435380563015,0.04562221339111133,0.07019828664001743,-0.23764432484117307,0.18666316911359096,1,0,1,1,1011,LLG Fault
0.970997721293872,-0.35813851636259725,0.014858243351656402,0.0626561402025532,-0.5468028756415355,0.5092506186375263,1,0,1,1,1011,LLG Fault
0.9903321659529879,0.06240994460454366,-0.005932182931125641,-0.052204114101076976,-0.3901401847119078,0.46477977934228576,1,0,0,1,1001,LG Fault
-0.06000505389961802,0.023196904580652326,0.027315572900676634,0.5619648415358313,-0.9614142951933826,0.4310974666265854,0,0,0,0,0000,No Fault
-0.08212246212072233,0.07070454367118874,0.001429646317352042,-0.061010336231232185,-0.8012521380135993,0.8925227796815963,0,0,0,0,0000,No Fault
0.4154736623890886,-0.017757168685364963,0.0415456017267643,0.5448010548027208,-0.9934804448197997,0.4809814112252346,1,0,0,1,1001,LG Fault
-0.1582279227822543,0.047369110998184735,-0.06571947851648971,-0.5721310072512872,0.9500805345855005,-0.37956836268614347,1,0,0,1,1001,LG Fault
-0.03270514949809604,-0.005267691081249857,0.028949458282198512,0.8592208251508157,-0.8374496900012827,0.006736385536004405,0,0,0,0,0000,No Fault
-0.04322550809952591,0.007081654677761232,0.026568248480067197,0.7770138177856192,-0.893431432316422,0.14620541900978856,0,0,0,0,0000,No Fault
-0.9791481285606464,0.6605738890123996,0.30513275370423565,0.00148891675383701,0.05052462974197221,-0.03808270080429152,0,1,1,1,0111,LLL Fault
-0.3606512084182537,-0.6050469761037641,-0.07417556481078665,-0.0483598579855614,0.5117681367823869,-0.4580980746440934,1,0,1,1,1011,LLG Fault
-0.07495090614462158,0.047160768987270896,0.018221758500070705,0.2358450570166653,-0.926201383628923,0.7222007201827715,0,0,0,0,0000,No Fault
0.31079632791954803,-0.9605705943864189,0.6501594233076309,-0.027674478715517467,-0.034713934615640235,0.07801410795956709,1,1,1,1,1111,LLLG Fault
0.06158818478644559,0.007775160446725393,-0.07744803940052424,0.1679867638365571,0.768090980604217,-0.9362052275060686,0,0,0,0,0000,No Fault
-0.07458009605745772,0.7121321814254972,-0.6429177370563118,-0.24287406879919704,-0.06092667207976103,0.32049439310013833,0,1,1,0,0110,LL Fault
-0.06282777095722644,0.11040384186787228,-0.057264986489365996,-0.822736158316276,-0.060399099561517136,0.9013562121610671,0,0,0,0,0000,No Fault
-0.5261016964203376,-0.4472664707929879,-0.07135480178247801,-0.04855369887787203,0.5594678671757913,-0.5065086270381025,1,0,1,1,1011,LLG Fault
0.9300884792828163,0.0425335269319458,0.01111088256626079,0.14457603562977964,-0.6519174248474171,0.5342227960376974,1,0,0,1,1001,LG Fault
-0.058747593811683145,0.8572417121212828,-0.8041155295664377,0.0789042925157282,-0.03765170235405893,-0.025853705456361023,0,1,1,0,0110,LL Fault
-0.06469046803593369,0.11453688013910962,-0.059946177533283934,-0.8164303741655745,-0.07191911934993275,0.9067723383868043,0,0,0,0,0000,No Fault
0.007883673431907295,-0.015087265961239379,0.017700391769864755,0.9848418030646481,-0.5310367184321668,-0.43144526185247145,0,0,0,0,0000,No Fault
-0.05254054679080015,0.11610751911161032,-0.07346953082065559,-0.921661669637188,0.14196602387573964,0.7943386815698815,0,0,0,0,0000,No Fault
-0.0510081447286885,0.8852907904694595,-0.8405244170188229,0.08084795598348701,-0.015365734278461404,-0.050511398576037196,0,1,1,1,0111,LLL Fault
-0.22428634925684512,-0.059024612090551876,0.04399806048295035,0.6487348444942715,-0.8362959326893065,0.21660474725428208,1,0,0,1,1001,LG Fault
0.07381680702304261,0.8209081625581557,-0.9019801946827617,0.08482531407328213,-0.023956417494339383,-0.04574559843639819,1,1,1,1,1111,LLLG Fault
-0.8626489319146023,0.0350861514530299,-0.053727195238279464,-0.0373017764864703,0.5847054747659942,-0.5435069082446035,1,0,1,1,1011,LLG Fault
0.006049638847870559,-0.8164540952364745,0.8104381171725774,-0.48272816330045254,-0.03268023869090195,0.532201929269007,0,1,1,0,0110,LL Fault
-0.8181660936217228,-0.012041383278492072,-0.04342209101542178,-0.2523919059352697,0.7854316297222188,-0.5323817780329778,1,0,0,1,1001,LG Fault
0.04602381682247565,-0.025848902657749064,-0.021309892857610164,0.8953369189814285,-0.04292940829408692,-0.8390729776120723,0,0,0,0,0000,No Fault
0.9848635067536494,-0.5276895071926566,0.0032089742573849916,0.05172585021618194,-0.4814720254737336,0.45363928233198186,1,0,1,1,1011,LLG Fault
0.05742968593347726,0.8290670930587775,0.05372015685207972,0.08442038356743511,-0.4239884805223306,0.3622836872751002,1,0,1,1,1011,LLG Fault
0.05655331193813396,-0.2558232933428465,0.19839092850426393,0.7883625800370454,0.009841362524501261,-0.7855872048003696,0,1,1,0,0110,LL Fault
0.04074816816344796,0.05845634864021418,-0.10761296408196921,-0.5366398670882747,0.9927502556882537,-0.45863303843428693,0,0,0,0,0000,No Fault
-0.07060820595745143,0.10925865091333145,-0.04867840031911649,-0.7261937219652723,-0.20992801921257828,0.9569242826587222,0,0,0,0,0000,No Fault
-0.9340752136962326,0.7605530987363031,-0.004085639164952522,0.010049400523432147,0.31292099579490423,-0.31404161725990376,1,0,1,1,1011,LLG Fault
-0.6640906172108453,0.006433346311965741,-0.05298451076519442,-0.37721756781171395,0.8951456339839823,-0.5190211768411381,1,0,0,1,1001,LG Fault
-0.43744226628980226,0.9970610643683102,0.03976240650819235,0.061890022658361354,-0.14611806074682365,0.10173034679554312,1,0,1,1,1011,LLG Fault
-0.054155240873954534,0.11141763601185711,-0.06675134806896733,-0.8999503664264114,0.09231190877445504,0.823166194014484,0,0,0,0,0000,No Fault
0.716021855413168,0.08501160149041903,-0.047257815564536176,-0.47895954631409554,0.37450282043900285,0.11351334385626238,1,0,0,1,1001,LG Fault
-0.06200057893215678,0.02682112663924667,0.02551658171953168,0.5349905814671795,-0.9620388762855051,0.4587796735423963,0,0,0,0,0000,No Fault
0.555133518089586,-0.986156896537523,-0.053529235574914485,-0.011767572484846084,0.028815246607083025,-0.002669714548638064,1,0,1,1,1011,LLG Fault
0.9211083823886796,-0.1210099669003496,-0.7971052392185272,0.07460610788221084,-0.08036162280261856,0.02197628074189079,1,1,1,1,1111,LLLG Fault
0.2928583403283146,-0.9692817879111589,0.6791037032417685,-0.027031128385480954,-0.03406697290468209,0.07670981320144109,0,1,1,1,0111,LLL Fault
-0.3566641555703796,0.981119895333344,-0.6335409665574018,0.06698471403046506,0.005771243896807887,-0.05814948902718922,0,1,1,1,0111,LLL Fault
0.04389901940495003,-0.8248249596480515,0.7813238480444157,-0.009687534259127408,0.00857828325262202,0.015865723293855556,0,1,1,0,0110,LL Fault
0.01578120521280676,0.08678389381584826,-0.11152970965237743,-0.8273234103348971,0.8966078586885848,-0.06921199941052758,0,0,0,0,0000,No Fault
0.05615926927083125,-0.015832494388097484,-0.04839271132425405,0.5702517255235957,0.4298107782841671,-0.9948370804921778,0,0,0,0,0000,No Fault
0.9777629556252859,0.05502386856857271,0.0010294929907367825,0.026732653803065033,-0.5007895645249338,0.49838285880586747,1,0,0,1,1001,LG Fault
-0.4434553983351254,-0.5605405376378542,0.9967653146346702,-0.04262223894945427,0.015121586486431533,0.042220271123772087,1,1,1,1,1111,LLLG Fault
0.3121447950946927,-0.0010297491180341588,0.005717103183022019,0.5687235986832692,-0.9657943166156483,0.4287839282196273,1,1,1,1,1111,LLLG Fault
0.059685485817415555,-6.401741232469043e-05,-0.06810390880375905,0.3611973163657339,0.6291071337317119,-0.9883067401625958,0,0,0,0,0000,No Fault
0.7724541572157441,0.08912111641759157,0.011424651118154317,0.15172880797387536,-0.6654496952994855,0.5408401263981277,1,1,1,1,1111,LLLG Fault
-0.07958815364972761,0.08855774314482244,-0.01846485630413417,-0.4339638262558381,-0.5372328631514591,0.9974355898238264,0,0,0,0,0000,No Fault
0.9126819474976127,-0.7923583585953001,-0.02005166999758442,0.027754994127898402,-0.3124343411325725,0.30542825699328924,1,0,1,1,1011,LLG Fault
0.5491783535500118,0.04982646144511264,-0.003612855726984085,0.4276372508833846,-0.8834623829402708,0.4863500139894512,1,1,1,1,1111,LLLG Fault
0.6122497850040642,0.08394056465907704,-0.05277476393817294,-0.5278817746135993,0.4973314287885212,0.03740580148493894,1,0,0,1,1001,LG Fault
0.7917835740694593,0.0806918781589895,0.014253693895441889,0.12913205396069366,-0.6471984915941911,0.5448992417817226,1,1,1,1,1111,LLLG Fault
-0.049822099349923946,0.879766906425392,-0.8356425432780373,0.20787826197927994,-0.027181461432061717,-0.16583853833207396,0,1,1,0,0110,LL Fault
0.9896145115606378,0.06153311574006769,-0.005056156345684676,-0.04237461750481682,-0.4043307641561546,0.4693840904063841,1,0,0,1,1001,LG Fault
0.014374086615634813,0.08577470955081,-0.10886107849713575,-0.8427889693516644,0.880317650307797,-0.03710609696799702,0,0,0,0,0000,No Fault
0.023992063853228975,-0.02131165828962797,0.007205752862473106,0.9999969722639421,-0.42530396248395275,-0.5543798062825805,0,0,0,0,0000,No Fault
-0.008737604025364951,-0.7511796642469433,0.7596953451205909,-0.6070111515934807,-0.0466660702655193,0.6710656470802067,0,1,1,0,0110,LL Fault
-0.09092903514862542,-0.8001191654009326,0.889723857242142,-0.04352066411892182,-0.007012398900864331,0.06567509134598412,0,1,1,1,0111,LLL Fault
-0.8583517694600685,-0.007301556684229096,0.8552520008190168,-0.038500740230071905,0.04424422838491343,0.008412557151940439,0,1,1,1,0111,LLL Fault
-0.6862444331953895,-0.005717787447321194,-0.05226901966575028,-0.3192879892010571,0.8499048506923904,-0.531005040502072,1,0,0,1,1001,LG Fault
-0.5726263728555582,-0.41308611960858166,0.9767824985896127,-0.048252921834575344,0.025492838076961476,0.0372978200014482,1,1,1,1,1111,LLLG Fault
0.044784701272276316,-0.0245998301516033,-0.02845629530357732,0.7846172820455646,0.15158367649870905,-0.9262640696396536,0,0,0,0,0000,No Fault
-0.24767437876610324,-0.7158970424741962,-0.07465282405034844,-0.0421598094169582,0.4777163132749016,-0.42961655179767533,1,0,1,1,1011,LLG Fault
-0.0816532680057541,0.09489409563551747,-0.023437122488905143,-0.424060067073103,-0.5437891740074091,0.9941863009379357,0,0,0,0,0000,No Fault
0.59927129732236,0.06542441516250413,-0.0033287762148647556,0.3779324638243864,-0.8453863493933608,0.4973879925706716,1,1,1,1,1111,LLLG Fault
0.9546852547947425,-0.7018294451753464,-0.09001160852555914,0.03597978567955698,-0.2498307740805755,0.23339009652434714,1,1,1,1,1111,LLLG Fault
-0.9680135570279278,0.34074233416204575,-0.0368165638411138,-0.022619690635090034,0.5238242249855676,-0.49619135609692244,1,0,1,1,1011,LLG Fault
-0.9521819375249734,0.7368829341639415,0.19948921236628755,0.008936621179822449,0.04834589349008961,-0.043330069272379,1,1,1,1,1111,LLLG Fault
-0.9859128408720652,0.4966983657996282,-0.026280326919439444,-0.01261853900171906,0.46721070838591805,-0.4485311764044647,1,0,1,1,1011,LLG Fault
-0.02327397970435725,0.11065657536029638,-0.09688370872999663,-0.9972798513356269,0.5430931675086665,0.4614181952541208,0,0,0,0,0000,No Fault
-0.0016086772974212632,0.0991662043194056,-0.1067051424972612,-0.939811005014874,0.7618802909100804,0.1808580480198411,0,0,0,0,0000,No Fault
0.08812398525750605,0.8114336767847672,0.05404478129899416,0.08526265500525387,-0.43798954645311006,0.37570594034686106,1,0,1,1,1011,LLG Fault
0.04453910794498521,0.05654499339836277,-0.10999990579559572,-0.444681309650702,0.9966583227765682,-0.554817624004469,0,0,0,0,0000,No Fault
0.05390117773267946,0.036471251841443716,-0.09860495641796344,-0.2510387628326413,0.9587513591886967,-0.7103472442785806,0,0,0,0,0000,No Fault
-0.024341703113153933,-0.6352790655887159,0.6588703231717881,-0.7120955023670774,-0.059285751969927934,0.7892877538529206,0,1,1,0,0110,LL Fault
-0.0442334952387655,0.008014801961366745,0.026631179211952002,0.7671771227098771,-0.8989668827194457,0.16170868521592197,0,0,0,0,0000,No Fault
0.061744940665066375,-0.2908097878327089,0.22820523645043542,0.6639162831275985,0.04989188126132757,-0.7016215195527388,0,1,1,0,0110,LL Fault
0.05738356346610062,-0.013750227178807278,-0.05169435150655832,0.5311134708795122,0.4711587595906605,-0.9977276843208194,0,0,0,0,0000,No Fault
-0.9181375746226396,0.7901616370686957,-0.0010553026418262928,0.013306688642033151,0.28839234568627437,-0.2923134223438478,1,0,1,1,1011,LLG Fault
-0.08337696781060891,0.08134233381220314,-0.00813439717254605,-0.2015223088506042,-0.7157340457143104,0.9462663450108838,0,0,0,0,0000,No Fault
-0.9708343207834772,0.355385705718927,-0.03588736522683246,-0.021758088393563448,0.5193187863297228,-0.49246430471704494,1,0,1,1,1011,LLG Fault
0.3221091813758898,-0.9752019412553069,0.6560425797192208,-0.02600046301994919,-0.03596186853598764,0.0776072695323207,0,1,1,1,0111,LLL Fault
-0.06637464447256253,-0.07810426150258734,0.14146402526488527,-0.795761671290766,-0.08349011775400772,0.8978394166454535,0,1,1,0,0110,LL Fault
0.02370630825407133,-0.8762134974510775,0.8530404945589535,-0.2887397950811954,-0.016779783204123773,0.3214970738281915,0,1,1,0,0110,LL Fault
0.9796127211563991,-0.3993055544665061,-0.01138880226722531,0.05994718972113448,-0.5194831536077534,0.4841285955747845,1,1,1,1,1111,LLLG Fault
-0.798874639310013,0.17119261512134967,0.615471667395193,0.0944086266183403,0.012311417404165585,-0.09231039037338633,1,1,1,1,1111,LLLG Fault
0.023904743925049286,-0.024548242469393716,-0.00823456815798055,0.9482825003160478,-0.1966221846311256,-0.7355495922149373,0,0,0,0,0000,No Fault
-0.031992916166963266,-0.004677422264199602,0.027516225485688106,0.8661931470572366,-0.8285211694830708,-0.009352375652370803,0,0,0,0,0000,No Fault
-0.835654810096227,-0.085200203272583,-0.0290304729940235,0.16500280742755566,0.18153973186233688,-0.33553140830724926,1,0,0,1,1001,LG Fault
-0.9270887024591377,-0.029521449550548758,-0.03201505482479393,-0.11246366306604513,0.6314266623624782,-0.5157535464055425,1,0,0,1,1001,LG Fault
0.3355496993694083,-0.9710254179429455,-0.06409671379233582,-0.026043907167536892,0.17853058079221384,-0.1409119419007906,1,0,1,1,1011,LLG Fault
-0.8181589611194212,-0.012041161016990123,-0.04342187383745253,-0.25239148655846644,0.7854316167760907,-0.5323821853298202,1,0,0,1,1001,LG Fault
-0.07903265039012058,0.0576729408933455,0.01197628717211317,0.05183180288744899,-0.8603110762477996,0.8395611484367018,0,0,0,0,0000,No Fault
-0.7804299192906582,0.2298357153940752,0.5403055211874122,0.08640490420352075,0.015277253966424403,-0.08730756655717047,0,1,1,1,0111,LLL Fault
-0.05142157206252331,-0.3292785742075803,0.37860912262187757,-0.8128666021899227,-0.07692143849098881,0.9082963656689219,0,1,1,0,0110,LL Fault
-0.05797802970806884,0.11204566356357275,-0.06372204847734707,-0.8721185021750907,0.03195601125131482,0.8567617871312476,0,0,0,0,0000,No Fault
-0.0808547594985855,0.08348835306062287,-0.01212193844404322,-0.3476439231518782,-0.6111946735577136,0.9862521864821985,0,0,0,0,0000,No Fault
-0.8506142779746635,0.8760705200174913,0.008865867243900902,0.024233118717199513,0.20207284598686767,-0.215311276368516,1,0,1,1,1011,LLG Fault
-0.04021657382655978,-0.477657266385494,0.5164675608438326,-0.7857582550226574,-0.07043023856771145,0.8745017692937731,0,1,1,0,0110,LL Fault
0.06231562919016424,-0.5180908035490936,0.4555922919684445,0.48280962601102434,0.04147379258784475,-0.5114568829712985,0,1,1,0,0110,LL Fault
-0.27647082932892486,-0.6800461643451577,0.9509722081480799,-0.047376300969647386,0.005584256496572782,0.056705252350763936,1,1,1,1,1111,LLLG Fault
-0.04875877130879119,0.0112875125468859,0.027976453799021507,0.716099221989341,-0.9245339579402098,0.2389742516607528,0,0,0,0,0000,No Fault
-0.4941305698404766,-0.5110404707442082,0.9996582947450705,-0.04267769043053447,0.01822894850207389,0.03910954066609699,0,1,1,1,0111,LLL Fault
-0.3938443633462656,-0.5847917451662588,0.9741233579289554,-0.04858854004484074,0.013543086132906362,0.04981084470930397,0,1,1,1,0111,LLL Fault
0.041536730844531335,0.057382012462836945,-0.10731734750210728,-0.5233930876560483,0.9933380099009219,-0.4725138467384179,0,0,0,0,0000,No Fault
-0.06039592636368134,-0.8184241320393904,0.87556772337979,-0.04266522753871059,-0.009127003271006722,0.0669721174220011,1,1,1,1,1111,LLLG Fault
0.06025273123743945,-0.2124592778797926,0.151098568945231,0.7098183389530635,0.051360543428094374,-0.7491418034981988,0,1,1,0,0110,LL Fault
-0.08119307482450715,0.08481072834853716,-0.013239467469221666,-0.3484267121574607,-0.610061942375928,0.9858828243113703,0,0,0,0,0000,No Fault
0.7082988730993622,-0.946053732691154,0.2437467589898264,0.0003157668859371243,-0.06263252025820834,0.07839803882513958,0,1,1,1,0111,LLL Fault
-0.5793657780490831,-0.40660268881156414,-0.06811946191341944,-0.03555766072477625,0.5732799406747566,-0.5336132985743349,1,0,1,1,1011,LLG Fault
0.03346231949280507,-0.028327017713731452,-0.013496929881860057,0.8995956065431535,-0.06347376936734582,-0.8224087307201309,0,0,0,0,0000,No Fault
-0.8665201078536808,-0.07112022980087576,0.015602701917380089,0.40989777985628967,-0.17069980454478015,-0.22215182023931102,1,0,0,1,1001,LG Fault
0.010125352333597518,-0.8439131707921079,0.8340642255006754,-0.43961604537326765,-0.029676120428051504,0.48591438775543094,0,1,1,0,0110,LL Fault
0.15175258419532653,0.7747213211178094,-0.9329138979961157,0.08679737675138863,-0.029275913535655763,-0.04230244779639053,1,1,1,1,1111,LLLG Fault
0.029910326620748683,0.07708888986611083,-0.11582273627731406,-0.6772034395005967,0.9766110557996331,-0.30125134542658605,0,0,0,0,0000,No Fault
0.023845054454166497,0.48400915859157245,-0.5115454228297882,0.8193552839652922,0.03851418311316948,-0.8458790100836251,0,1,1,0,0110,LL Fault
-0.2565897963880972,0.042283816017200604,-0.06459370711164646,-0.5551871943414827,0.9602318961914011,-0.4069010957194467,1,0,0,1,1001,LG Fault
0.06153938195325802,-0.27791885152741774,0.21547945917455857,0.6719782874057666,0.050177718822153605,-0.7099961593474295,0,1,1,0,0110,LL Fault
0.4084192583708819,0.07811278931724616,-0.06053181523638407,-0.586702964754132,0.688953801781764,-0.09887576152935759,1,0,0,1,1001,LG Fault
0.01760656246578144,-0.8586704321812986,-0.07273499349684195,-0.04018821380948749,0.35508000994770766,-0.30662986017994914,1,0,1,1,1011,LLG Fault
0.18941849427332696,-0.9276583122685794,0.7374782237795506,-0.03355568085675576,-0.02630247112317795,0.07533981997857196,1,1,1,1,1111,LLLG Fault
0.06145920241759112,-0.5811864514535224,0.5196125127863956,0.41637238537260396,0.0377110830068113,-0.4410093931119324,0,1,1,0,0110,LL Fault
-0.6256928137351554,-0.36679243177443493,0.9853905311375585,-0.050137662039168945,0.029118956297657705,0.035492627629101964,0,1,1,1,0111,LLL Fault
-0.000433404487409302,-0.019731506401954767,0.01105439876670786,0.9917209032638569,-0.520807995619943,-0.44876542815394876,0,0,0,0,0000,No Fault
-0.08306515971728065,0.08795220908272094,-0.015074215190292357,-0.3075066077070794,-0.6400142708729485,0.9753749516397869,0,0,0,0,0000,No Fault
-0.008178252672417154,0.10681164788721431,-0.10811263744623062,-0.9657653160287785,0.7135263829576056,0.2561526671182788,0,0,0,0,0000,No Fault
0.7901614240644694,-0.9069247512299666,0.12109976338876025,0.00880781987354495,-0.06853895166959492,0.07590198691049703,1,1,1,1,1111,LLLG Fault
0.02943245424552733,0.07191723006468573,-0.10989365244633556,-0.6956418044372435,0.9632504736609976,-0.2691499776654983,0,0,0,0,0000,No Fault
0.022993102245274743,-0.8590731490199878,0.8364399830363843,-0.3017439165165971,-0.015621839437995168,0.33335575389770333,0,1,1,0,0110,LL Fault
-0.027313267299505586,-0.005624513293778142,0.02354371968740686,0.900222888985473,-0.7842879315517237,-0.08854496734362753,0,0,0,0,0000,No Fault
0.054888663265722754,0.034257042060406605,-0.09736340891589862,-0.22063207302465845,0.9501252683126502,-0.7320447633114074,0,0,0,0,0000,No Fault
0.6709679458973358,0.2845121350298806,0.04626470652484124,0.08812409253695212,-0.6189434425571264,0.5572246889794537,1,0,1,1,1011,LLG Fault
-0.046704750872414214,0.006053982277582251,0.03159720763953317,0.7293799265380286,-0.9237881007572126,0.22489832673247667,0,0,0,0,0000,No Fault
0.5562763229515093,-0.5626472440940479,0.010012670170458864,0.0715930483676782,-0.8332729195525928,0.7921962639018484,0,1,1,1,0111,LLL Fault
-0.9932928050679504,-0.051366460482573456,-0.013283754823434631,0.10380772255756891,0.34372071795707954,-0.43943270251300076,1,0,0,1,1001,LG Fault
0.058635291394674376,0.024300882577494264,-0.09149543477858019,-0.021509276247727728,0.8755801231781846,-0.8557357156918248,0,0,0,0,0000,No Fault
-0.5932378543132663,-0.39065055763152756,-0.06765404754169721,-0.04190977038839609,0.5783357710177683,-0.5323961208181377,1,0,1,1,1011,LLG Fault
0.010217820149863206,0.6227573498223445,-0.6372322555190599,0.7605216572467745,0.02896701892080416,-0.7771610691632145,0,1,1,0,0110,LL Fault
0.19337468667366273,-0.034716794820136,0.04517613228536687,0.6117721094840115,-0.98472650445637,0.4049127434411888,1,0,0,1,1001,LG Fault
0.00803762300654553,0.6419774188452881,-0.654353832452672,0.7486420330362499,0.027321145298732682,-0.7635728418037224,0,1,1,0,0110,LL Fault
-0.8147633100142382,-0.06384967809902703,-0.009185292151680421,0.16541362894402725,0.1966010290396548,-0.35129042724880577,1,0,0,1,1001,LG Fault
0.01091595072310122,-0.02844984639086707,0.009101025014011985,0.9934875058452801,-0.4050116511956215,-0.5685304710059093,0,0,0,0,0000,No Fault
-0.026141104261401413,0.11441730508213202,-0.09798478336086472,-0.9999414253951968,0.5194554764042862,0.48817307960258227,0,0,0,0,0000,No Fault
-0.8598452766918014,-0.01802801959035223,-0.03979542198623297,-0.2070587207641976,0.7386439799409487,-0.5301596324203052,1,0,0,1,1001,LG Fault
-0.23093733739848654,-0.7127323562986014,0.9386190867054173,-0.04663809254055863,0.0024957812634636076,0.05911217056696705,1,1,1,1,1111,LLLG Fault
-0.2660321855083678,-0.7064985625377007,0.967252496644199,-0.04451856053227746,0.0037957521454370056,0.055662379504352065,1,1,1,1,1111,LLLG Fault
0.33486786947528163,0.6459767260630571,-0.982921639117619,0.08986735638812035,-0.04167375200836822,-0.032747460103693234,0,1,1,1,0111,LLL Fault
-0.07908206403644012,0.5720020098461337,-0.4980268889231659,-0.4198791961106837,-0.07174093208022764,0.5089882683528476,0,1,1,0,0110,LL Fault
-0.350194038652926,-0.6213931023554845,0.9674758853497515,-0.0482573705179197,0.01059762839443645,0.052480149487637226,0,1,1,1,0111,LLL Fault
0.035340812367534405,-0.8534615240221891,0.8186098258553264,-0.13946898662120646,-0.0017316085458326368,0.1564967878505675,0,1,1,0,0110,LL Fault
0.9731114923898331,-0.3562957044118043,-0.0047480518891428155,0.06261937319151932,-0.5384907348433373,0.5008176051253537,1,1,1,1,1111,LLLG Fault
-0.8497469653782851,0.13466299505225926,0.7024969356869635,0.0037824720447062303,0.033905351824060376,-0.02344768263362098,1,1,1,1,1111,LLLG Fault
-0.5655296488187825,0.9898887034633936,-0.4376416945357974,0.0534975412361514,0.020373097554652088,-0.059505505537364126,1,1,1,1,1111,LLLG Fault
-0.11343658419190998,0.06484812294970937,0.044129225206574405,0.6952807193650236,-0.15671893942852919,-0.522537532080408,1,1,1,1,1111,LLLG Fault
0.05508192569368078,-0.011621496747155874,-0.0519514007689011,0.5677589958542474,0.43341787378798574,-0.9960132861648081,0,0,0,0,0000,No Fault
0.8640157473352036,0.083026181298091,-0.03569610953661172,-0.3681066577439948,0.13856321503573923,0.2427834830111991,1,0,0,1,1001,LG Fault
-0.34517614394540436,0.2780252240165732,0.03777397114921036,0.18050649190727644,0.1291951799438934,-0.297738326063883,1,0,1,1,1011,LLG Fault
0.48453322318803377,-0.011767148010629658,0.03968402565779931,0.5157854510080644,-0.984332985857369,0.5007528943966777,1,0,0,1,1001,LG Fault
-0.019903903046017142,0.870267919156239,0.05263989037876385,0.08197776860376865,-0.3872140523060582,0.3272605005872937,1,0,1,1,1011,LLG Fault
0.9763026062716629,-0.6017818561054732,-0.0028075166234742144,0.04544595888269806,-0.44221475483983286,0.41993358550081233,1,0,1,1,1011,LLG Fault
0.638924217504541,-0.9661857621621768,0.33272180478274227,-0.00585684128281368,-0.05769652251279595,0.07955734580125155,0,1,1,1,0111,LLL Fault
-0.4014242869734426,-0.06631938103475186,0.04032549171534635,0.6291223626561548,-0.7210904867684992,0.11887758013449339,1,0,0,1,1001,LG Fault
-0.0609076940352538,0.10963926605486066,-0.058270378226969254,-0.8392139399869213,-0.030830020147436007,0.8877474814455534,0,0,0,0,0000,No Fault
0.05954106877100504,0.020090430518995943,-0.08817114488071662,0.041079246434913425,0.8441685556773387,-0.8864825213387495,0,0,0,0,0000,No Fault
0.8530771535030913,-0.008271320003555495,0.034553322749471295,0.08089209415856874,-0.6192392939479855,0.5647773262445227,1,0,1,1,1011,LLG Fault
0.05791184761067147,-0.67391677439174,0.6162299453002632,0.29744637986135625,0.030396386352460794,-0.31431459189095906,0,1,1,0,0110,LL Fault
0.050911770624817505,-0.018557229287289985,-0.04072324701906123,0.6781118392595222,0.30295803757199224,-0.9737231832059131,0,0,0,0,0000,No Fault
0.9830567498824672,-0.4712156558300651,0.007169986198259357,0.05534043585885442,-0.5051000943684537,0.47409156135086833,1,0,1,1,1011,LLG Fault
0.02695759476353202,-0.8612159312159202,0.8346714214372596,-0.2529103280271529,-0.011319022250250502,0.2800082311558781,0,1,1,0,0110,LL Fault
0.021315882013332815,-0.025959138955601105,-0.004108838842057397,0.9621002670220623,-0.24274092254135865,-0.7024100825169138,0,0,0,0,0000,No Fault
-0.7861017458912841,-0.047583054255897476,0.005542503930200492,0.1792964401699197,0.211609611201891,-0.3805034370852974,1,0,0,1,1001,LG Fault
0.9328082193957699,-0.15176810193644005,-0.7778494519491895,0.07319616142504232,-0.08108506538319377,0.024127136215357607,1,1,1,1,1111,LLLG Fault
0.057754182142164955,-0.008796214475837397,-0.05729344427832145,0.48916834209275667,0.513847406314331,-0.9991700807410668,0,0,0,0,0000,No Fault
-0.025482646246945788,-0.007191873029351594,0.02956651356513955,0.9164369122499373,-0.6628011100777232,-0.2285941959937782,0,0,0,0,0000,No Fault
-0.06651825268188541,0.031573176107933865,0.025502878023895538,0.4413504546177351,-0.9635136376968411,0.5541708036393702,0,0,0,0,0000,No Fault
0.9364087234457975,0.04363091059369064,0.010295174564586874,0.1349332176278764,-0.6401146680958393,0.5318644467332092,1,0,0,1,1001,LG Fault
0.03910683820786599,-0.022216873662502218,-0.025638602285738603,0.8362949491562818,0.06337871242226839,-0.8881999552578648,0,0,0,0,0000,No Fault
0.03516783509625198,0.06943729821782657,-0.11363765212276539,-0.6041847098225532,0.9910585948478638,-0.3891853633843022,0,0,0,0,0000,No Fault
-0.07600994707676283,0.0980209871448223,-0.031635344736449564,-0.5824470779716067,-0.3883236730310401,0.9945775268692183,0,0,0,0,0000,No Fault
-0.06729973536787551,0.8911945662857548,-0.8325841780927677,0.0802927751036445,-0.014280926426119497,-0.05106014120191653,1,1,1,1,1111,LLLG Fault
0.00804240624817846,-0.02514185082500023,0.008366199740833472,0.993933892159283,-0.4302791740511751,-0.5432310281194747,0,0,0,0,0000,No Fault
-0.3312907725621872,-0.651263312019672,-0.07409247598715718,-0.04155140715385986,0.5078254388015858,-0.46090705915369,1,0,1,1,1011,LLG Fault
0.03924786224865291,0.06225922328753034,-0.11020132448236569,-0.551371931142299,0.994261921655812,-0.44540227094356694,0,0,0,0,0000,No Fault
0.9823648086486829,0.05694772333031568,-0.0006987991328991638,0.006958333634263665,-0.4737775735727464,0.49068502104100037,1,0,0,1,1001,LG Fault
0.007313570586566391,-0.026257365316551963,0.01034232397007329,0.995443339463408,-0.4451435541480571,-0.5295980211929788,0,0,0,0,0000,No Fault
0.9505772979109136,-0.7246878231562456,-0.21843079503555543,0.03277209750216954,-0.08036612805517382,0.06392579098363908,0,1,1,1,0111,LLL Fault
-0.39387668190032543,-0.5848170576176617,0.974092624427778,-0.04858892652934571,0.013543388748649115,0.04981092386010733,0,1,1,1,0111,LLL Fault
0.13497830634339766,-0.16527245898427007,0.029060114407954453,0.08882445508762292,-0.8705279420250119,0.8128811687807999,0,1,1,1,0111,LLL Fault
0.0387623496507299,-0.04482627458820897,0.04590828652391958,0.6384489902837804,-0.9489996898666024,0.34176035392044285,1,0,0,1,1001,LG Fault
0.031658123469949846,-0.028585616507885825,-0.011449488128199506,0.9125865299438644,-0.09413053229245803,-0.8041955751612389,0,0,0,0,0000,No Fault
0.05738139945696691,-0.007339128709178293,-0.05852482067006182,0.48830580899918835,0.5150955311900669,-0.9995770708740195,0,0,0,0,0000,No Fault
0.5749563635482876,0.40264693792170697,0.049831609900508944,0.08983676983993605,-0.6030198523395545,0.5392817064429728,1,0,1,1,1011,LLG Fault
0.058833790696023756,-0.0034164855116959065,-0.06389793803335708,0.4187392855548257,0.5798129501185144,-0.9957716470070099,0,0,0,0,0000,No Fault
0.983790808340565,0.05694656326939078,-0.0006999687425607616,0.0070502412941588575,-0.47377760270153446,0.49059289775075887,1,0,0,1,1001,LG Fault
0.9451868781821993,0.045795807244894945,0.008647214898591087,0.11536443156342946,-0.6160503195412274,0.5269641067176004,1,0,0,1,1001,LG Fault
0.06143014309729214,0.003576997208236602,-0.07143459650302836,0.3440795854286958,0.6437030208427992,-0.9860164902305527,0,0,0,0,0000,No Fault
0.034694753254891776,-0.029525966313153594,-0.013386270807576133,0.8935679037499253,-0.04927459531235153,-0.8308336741483103,0,0,0,0,0000,No Fault
-0.7189541112452028,-0.2363941772948346,0.9470441335621427,-0.04280814128557145,0.034445928727912765,0.022715615204322977,0,1,1,1,0111,LLL Fault
0.5319466826375153,-0.991083940915764,0.4639370669160169,-0.013330422079867593,-0.050525124931369424,0.07974325454860531,0,1,1,1,0111,LLL Fault
0.05002198095298568,-0.1140371463279805,0.06266659848981128,0.813033542116073,0.06428471806382365,-0.8658000750816276,0,1,1,0,0110,LL Fault
-0.383880703574923,0.02965581078994635,-0.06164636197288186,-0.5000962704121102,0.9613437485052025,-0.4632710265162421,1,0,0,1,1001,LG Fault
0.05637406385927075,0.03149257902653421,-0.09632640919370201,-0.1453485786844432,0.9268835232062771,-0.7838450543939285,0,0,0,0,0000,No Fault
-0.041264862819798846,0.05673230231011523,-0.06600162542261312,-0.5966577382469073,0.9168631197767536,-0.3211288412052862,1,0,0,1,1001,LG Fault
0.05276570486653703,0.017928089389093974,-0.07256797587212539,0.8052505812951034,0.05225062695043585,-0.8457340255995612,0,1,1,0,0110,LL Fault
0.9667208156568166,-0.33081385824014664,0.01671682187378474,0.06456844250850288,-0.5560594057326388,0.5167654333614122,1,0,1,1,1011,LLG Fault
-0.7622119457437837,0.9406167395441362,0.018322094733071757,0.03507127408681734,0.11038595766375497,-0.13275138029457614,1,0,1,1,1011,LLG Fault
0.3412007722275021,-0.9656062229205427,0.6273097458876671,-0.026068655332773867,-0.036800076923303525,0.07852975730476448,0,1,1,1,0111,LLL Fault
0.22930062871025628,0.7249552912735712,-0.9575801355989902,0.08834331477124188,-0.034513292286863013,-0.03851571835975089,0,1,1,1,0111,LLL Fault
0.9710653893509148,-0.6460495181293412,-0.07630585423188445,0.041267850873335524,-0.3205366446145585,0.3001356324044027,1,1,1,1,1111,LLLG Fault
-0.060922112605071944,-0.18834591571717996,0.24675667832505532,-0.812027878186475,-0.08169920704132393,0.9123238504127221,0,1,1,0,0110,LL Fault
0.8747805137088128,-0.054444100250683476,0.03211102667604207,0.0778368880976161,-0.6133287958341308,0.5618179733472582,1,0,1,1,1011,LLG Fault
0.8602098918327139,-0.02324413314449203,0.03363418444317257,0.0790685138934244,-0.616824852397816,0.5641454818710104,1,0,1,1,1011,LLG Fault
0.9754615643484921,-0.38701763199349876,0.01296835939685359,0.060884643247143676,-0.537138383927345,0.5011789202978396,1,0,1,1,1011,LLG Fault
-0.2578628285088276,-0.6874159295484842,-0.07477492211207407,-0.04711022036720691,0.4751717000256331,-0.42206011364506973,1,0,1,1,1011,LLG Fault
0.840271400519541,-0.8717260281189997,-0.02992998738412348,0.016446061160477303,-0.22523170998157774,0.22790973777270426,1,0,1,1,1011,LLG Fault
0.018266175740554856,-0.025691775841334433,-0.001354618611200991,0.9728767904477503,-0.28697949913225296,-0.668137105282127,0,0,0,0,0000,No Fault
-0.6405631763725074,0.008917314835468348,-0.05409018791263497,-0.39233640253369667,0.9060707338778636,-0.51499468148238,1,0,0,1,1001,LG Fault
-0.9882361847965595,0.6241568144817492,0.34831430312349027,-0.0016536824990698584,0.051248253568339855,-0.03566912567573039,1,1,1,1,1111,LLLG Fault
-0.834061320209801,-0.05462350203773873,0.8763801736222702,-0.04016298212746559,0.042662863700561104,0.011690581077402881,1,1,1,1,1111,LLLG Fault
0.025525241179466245,-0.021994544415200636,0.00589513473085922,1.0,-0.41157601454320764,-0.5683712987403422,0,0,0,0,0000,No Fault
-0.49299794075116826,-0.495348425181084,0.9803595489584167,-0.048773861831893014,0.020174458639187876,0.04323944490047641,1,1,1,1,1111,LLLG Fault
0.026569847998751395,0.07485550896642347,-0.11000223087408804,-0.7284435535240182,0.9507579132242705,-0.2235316380556478,0,0,0,0,0000,No Fault
0.47800856625904325,0.5204076218076238,-0.9988656480537378,0.0905540554780795,-0.05131103905276468,-0.023615810482793792,0,1,1,1,0111,LLL Fault
-0.1938046445200982,-0.05757655649758445,0.044426795424368636,0.6498494888311945,-0.8527676975696199,0.23227148955091548,1,0,0,1,1001,LG Fault
0.8877279540874023,-0.8288579032590423,-0.024048652021965235,0.023524750181123766,-0.27848409132736296,0.27507520845437977,1,0,1,1,1011,LLG Fault
-0.05469699724906404,0.1174120775957825,-0.07272718044683364,-0.910028795225396,0.11267419712133311,0.8125226502700327,0,0,0,0,0000,No Fault
-0.25049517767717844,-0.7176330482494047,0.9630162246777006,-0.042295143133677035,0.002319749524075869,0.054937079468741545,1,1,1,1,1111,LLLG Fault
-0.9647136762445889,0.7057035790051596,0.24555160530202236,0.005728691244042546,0.04936268076748361,-0.04114971693285814,0,1,1,1,0111,LLL Fault
0.37225582685308733,-0.021287254121946188,0.04250660670968419,0.5606380007595342,-0.9960783961165615,0.4677497302023257,1,0,0,1,1001,LG Fault
0.0002503118375403253,0.09924008045652988,-0.10876077253389553,-0.9297191808274089,0.7827256640244852,0.14949852281226714,0,0,0,0,0000,No Fault
-0.4802933447977395,-0.5251073677992307,0.9977506144010726,-0.03885410383526733,0.01654384487553242,0.0369928981273847,1,1,1,1,1111,LLLG Fault
-0.059765570772283415,0.1085936191285025,-0.058227159665398875,-0.8467655709185987,-0.01657350607312048,0.8807920798652253,0,0,0,0,0000,No Fault
-0.06233336566164653,0.838173117858942,-0.7815540449246068,0.013942952326402056,-0.04266167589331411,0.04438490378394963,0,1,1,0,0110,LL Fault
0.5874488693792747,0.08348986850534464,-0.05388853717637682,-0.5372966144514068,0.5233181754051776,0.020365718546044083,1,0,0,1,1001,LG Fault
-0.07288833181490324,0.7359972960913553,-0.6686367011303156,-0.20519198086984583,-0.05838484548455142,0.2801223418797044,0,1,1,0,0110,LL Fault
-0.12132698993867251,-0.7808915230644845,-0.07439692147513162,-0.04429960965944861,0.41947092752717957,-0.36812039943324293,1,0,1,1,1011,LLG Fault
0.39299818001221665,-0.9806675316765183,-0.061750667825575485,-0.02271898426056731,0.14188923877211385,-0.10690901236630952,1,0,1,1,1011,LLG Fault
-0.0063893872373709274,-0.02001269951055642,0.01752419726366529,0.9835458004626173,-0.5980185025398348,-0.36189295768531343,0,0,0,0,0000,No Fault
-0.07173963471728391,0.045029270860884395,0.023265318577331773,-0.7622998099587437,-0.0845361244423707,0.865354698458018,0,1,1,0,0110,LL Fault
